# Cocos Creator 3D Mesh Extracted
# Source file: 179083719029775.bin
# Type: skinned, Vertices: 1704, Triangles: 2048, Stride: 72 bytes
# Bounding Box: X=[-26.89214, 26.77112], Y=[-28.36537, 28.45012], Z=[-3.610429, 6.47799]
o Model_5_skinned
v -24.073480 -4.038700 -2.517092
v -24.077670 -3.371569 -2.517092
v -23.868480 -2.739803 -2.517092
v -23.382980 -2.156475 -2.517092
v -22.769210 -1.818965 -2.517092
v -22.016850 -1.711484 -2.517092
v -9.940104 -1.711484 -2.517092
v -9.940104 -5.586886 -2.517092
v -23.868480 -4.680555 -2.517092
v -23.382980 -5.172032 -2.517092
v -22.769210 -5.479405 -2.517092
v -22.016850 -5.586886 -2.517092
v -22.016850 -5.586886 -1.431979
v -9.940104 -5.586886 -1.431979
v -9.940104 -1.711484 -1.431979
v -22.016850 -1.711484 -1.431979
v -22.769210 -1.818965 -1.431979
v -23.382980 -2.156475 -1.431979
v -23.868480 -2.739803 -1.431979
v -24.077670 -3.371569 -1.431979
v -22.769210 -5.479405 -1.431979
v -23.382980 -5.172032 -1.431979
v -23.868480 -4.680555 -1.431979
v -24.073480 -4.038700 -1.431979
v -22.016850 -5.586886 -2.517092
v -9.940104 -5.586886 -2.517092
v -9.940104 -5.586886 -1.431979
v -22.016850 -5.586886 -1.431979
v -9.940104 -5.586886 -2.517092
v -9.940104 -1.711484 -2.517092
v -9.940104 -1.711484 -1.431979
v -9.940104 -5.586886 -1.431979
v -9.940104 -1.711484 -2.517092
v -22.016850 -1.711484 -2.517092
v -22.016850 -1.711484 -1.431979
v -9.940104 -1.711484 -1.431979
v -24.077670 -3.371569 -2.517092
v -24.073480 -4.038700 -2.517092
v -24.073480 -4.038700 -1.431979
v -24.077670 -3.371569 -1.431979
v -22.769210 -5.479405 -2.517092
v -22.016850 -5.586886 -2.517092
v -22.016850 -5.586886 -1.431979
v -22.769210 -5.479405 -1.431979
v -22.769210 -1.818965 -1.431979
v -22.016850 -1.711484 -1.431979
v -22.016850 -1.711484 -2.517092
v -22.769210 -1.818965 -2.517092
v -23.382980 -5.172032 -2.517092
v -23.382980 -5.172032 -1.431979
v -23.868480 -4.680555 -2.517092
v -23.868480 -4.680555 -1.431979
v -23.382980 -2.156475 -1.431979
v -23.382980 -2.156475 -2.517092
v -23.868480 -2.739803 -1.431979
v -23.868480 -2.739803 -2.517092
v -22.468120 -5.199084 -3.610429
v -23.279780 -4.630753 -3.610429
v -23.602370 -3.693881 -3.610429
v -23.312670 -2.746321 -3.610429
v -22.521340 -2.150010 -3.610429
v -21.530630 -2.132717 -3.610429
v -20.718970 -2.701048 -3.610429
v -20.396380 -3.637920 -3.610429
v -20.686080 -4.585479 -3.610429
v -21.477410 -5.181791 -3.610429
v -20.686080 -4.585479 -3.610429
v -20.396380 -3.637920 -3.610429
v -19.791530 -3.627362 3.610429
v -20.190540 -4.932459 3.610429
v -20.718970 -2.701048 -3.610429
v -20.235850 -2.336985 3.610429
v -20.718970 -2.701048 -3.610429
v -21.530630 -2.132717 -3.610429
v -21.353770 -1.554209 3.610429
v -20.235850 -2.336985 3.610429
v -22.521340 -2.150010 -3.610429
v -22.718290 -1.578027 3.610429
v -23.312670 -2.746321 -3.610429
v -23.808210 -2.399341 3.610429
v -23.602370 -3.693881 -3.610429
v -24.207220 -3.704439 3.610429
v -23.279780 -4.630753 -3.610429
v -23.762910 -4.994815 3.610429
v -22.468120 -5.199084 -3.610429
v -22.644980 -5.777592 3.610429
v -21.477410 -5.181791 -3.610429
v -21.280460 -5.753774 3.610429
v -20.190540 -4.932459 3.610429
v -19.791530 -3.627362 3.610429
v -20.235850 -2.336985 3.610429
v -21.353770 -1.554209 3.610429
v -22.718290 -1.578027 3.610429
v -23.808210 -2.399341 3.610429
v -24.207220 -3.704439 3.610429
v -23.762910 -4.994815 3.610429
v -22.644980 -5.777592 3.610429
v -21.280460 -5.753774 3.610429
v 5.126997 -23.706060 -2.517092
v 4.501532 -23.938170 -2.517092
v 3.836321 -23.957680 -2.517092
v 3.122118 -23.700960 -2.517092
v 2.595042 -23.239640 -2.517092
v 2.236719 -22.569410 -2.517092
v -1.893771 -11.220990 -2.517092
v 1.747917 -9.895523 -2.517092
v 5.660031 -23.293900 -2.517092
v 5.955815 -22.669580 -2.517092
v 6.034729 -21.987700 -2.517092
v 5.878406 -21.243950 -2.517092
v 5.878406 -21.243950 -1.431979
v 1.747917 -9.895523 -1.431979
v -1.893771 -11.220990 -1.431979
v 2.236719 -22.569410 -1.431979
v 2.595042 -23.239640 -1.431979
v 3.122118 -23.700960 -1.431979
v 3.836321 -23.957680 -1.431979
v 4.501532 -23.938170 -1.431979
v 6.034729 -21.987700 -1.431979
v 5.955815 -22.669580 -1.431979
v 5.660031 -23.293900 -1.431979
v 5.126997 -23.706060 -1.431979
v 5.878406 -21.243950 -2.517092
v 1.747917 -9.895523 -2.517092
v 1.747917 -9.895523 -1.431979
v 5.878406 -21.243950 -1.431979
v 1.747917 -9.895523 -2.517092
v -1.893771 -11.220990 -2.517092
v -1.893771 -11.220990 -1.431979
v 1.747917 -9.895523 -1.431979
v -1.893771 -11.220990 -2.517092
v 2.236719 -22.569410 -2.517092
v 2.236719 -22.569410 -1.431979
v -1.893771 -11.220990 -1.431979
v 4.501532 -23.938170 -2.517092
v 5.126997 -23.706060 -2.517092
v 5.126997 -23.706060 -1.431979
v 4.501532 -23.938170 -1.431979
v 6.034729 -21.987700 -2.517092
v 5.878406 -21.243950 -2.517092
v 5.878406 -21.243950 -1.431979
v 6.034729 -21.987700 -1.431979
v 2.595042 -23.239640 -1.431979
v 2.236719 -22.569410 -1.431979
v 2.236719 -22.569410 -2.517092
v 2.595042 -23.239640 -2.517092
v 5.955815 -22.669580 -2.517092
v 5.955815 -22.669580 -1.431979
v 5.660031 -23.293900 -2.517092
v 5.660031 -23.293900 -1.431979
v 3.122118 -23.700960 -1.431979
v 3.122118 -23.700960 -2.517092
v 3.836321 -23.957680 -1.431979
v 3.836321 -23.957680 -2.517092
v 3.610670 -23.459650 -3.610429
v 2.799007 -22.891320 -3.610429
v 2.476416 -21.954440 -3.610429
v 2.766115 -21.006880 -3.610429
v 3.557446 -20.410570 -3.610429
v 4.548150 -20.393280 -3.610429
v 5.359812 -20.961610 -3.610429
v 5.682404 -21.898480 -3.610429
v 5.392705 -22.846040 -3.610429
v 4.601373 -23.442350 -3.610429
v 5.392705 -22.846040 -3.610429
v 5.682404 -21.898480 -3.610429
v 6.287252 -21.887920 3.610429
v 5.888244 -23.193020 3.610429
v 5.359812 -20.961610 -3.610429
v 5.842939 -20.597550 3.610429
v 5.359812 -20.961610 -3.610429
v 4.548150 -20.393280 -3.610429
v 4.725019 -19.814770 3.610429
v 5.842939 -20.597550 3.610429
v 3.557446 -20.410570 -3.610429
v 3.360497 -19.838590 3.610429
v 2.766115 -21.006880 -3.610429
v 2.270576 -20.659900 3.610429
v 2.476416 -21.954440 -3.610429
v 1.871568 -21.965000 3.610429
v 2.799007 -22.891320 -3.610429
v 2.315880 -23.255380 3.610429
v 3.610670 -23.459650 -3.610429
v 3.433801 -24.038150 3.610429
v 4.601373 -23.442350 -3.610429
v 4.798324 -24.014340 3.610429
v 5.888244 -23.193020 3.610429
v 6.287252 -21.887920 3.610429
v 5.842939 -20.597550 3.610429
v 4.725019 -19.814770 3.610429
v 3.360497 -19.838590 3.610429
v 2.270576 -20.659900 3.610429
v 1.871568 -21.965000 3.610429
v 2.315880 -23.255380 3.610429
v 3.433801 -24.038150 3.610429
v 4.798324 -24.014340 3.610429
v -4.548151 20.393280 -3.610429
v -5.359812 20.961610 -3.610429
v -5.682403 21.898480 -3.610429
v -5.392705 22.846040 -3.610429
v -4.601373 23.442350 -3.610429
v -3.610670 23.459650 -3.610429
v -2.799007 22.891320 -3.610429
v -2.476416 21.954440 -3.610429
v -2.766115 21.006880 -3.610429
v -3.557446 20.410570 -3.610429
v -2.766115 21.006880 -3.610429
v -2.476416 21.954440 -3.610429
v -1.871568 21.965000 3.610429
v -2.270576 20.659900 3.610429
v -2.799007 22.891320 -3.610429
v -2.315880 23.255380 3.610429
v -2.799007 22.891320 -3.610429
v -3.610670 23.459650 -3.610429
v -3.433801 24.038150 3.610429
v -2.315880 23.255380 3.610429
v -4.601373 23.442350 -3.610429
v -4.798323 24.014340 3.610429
v -5.392705 22.846040 -3.610429
v -5.888245 23.193020 3.610429
v -5.682403 21.898480 -3.610429
v -6.287253 21.887920 3.610429
v -5.359812 20.961610 -3.610429
v -5.842939 20.597550 3.610429
v -4.548151 20.393280 -3.610429
v -4.725019 19.814770 3.610429
v -3.557446 20.410570 -3.610429
v -3.360496 19.838590 3.610429
v -2.270576 20.659900 3.610429
v -1.871568 21.965000 3.610429
v -2.315880 23.255380 3.610429
v -3.433801 24.038150 3.610429
v -4.798323 24.014340 3.610429
v -5.888245 23.193020 3.610429
v -6.287253 21.887920 3.610429
v -5.842939 20.597550 3.610429
v -4.725019 19.814770 3.610429
v -3.360496 19.838590 3.610429
v -5.156857 23.756070 -2.517092
v -4.531393 23.988180 -2.517092
v -3.866182 24.007680 -2.517092
v -3.151980 23.750970 -2.517092
v -2.624902 23.289640 -2.517092
v -2.266579 22.619420 -2.517092
v 1.863908 11.270990 -2.517092
v -1.777778 9.945526 -2.517092
v -5.689891 23.343900 -2.517092
v -5.985676 22.719580 -2.517092
v -6.064591 22.037700 -2.517092
v -5.908267 21.293950 -2.517092
v -5.908267 21.293950 -1.431979
v -1.777778 9.945526 -1.431979
v 1.863908 11.270990 -1.431979
v -2.266579 22.619420 -1.431979
v -2.624902 23.289640 -1.431979
v -3.151980 23.750970 -1.431979
v -3.866182 24.007680 -1.431979
v -4.531393 23.988180 -1.431979
v -6.064591 22.037700 -1.431979
v -5.985676 22.719580 -1.431979
v -5.689891 23.343900 -1.431979
v -5.156857 23.756070 -1.431979
v -5.908267 21.293950 -2.517092
v -1.777778 9.945526 -2.517092
v -1.777778 9.945526 -1.431979
v -5.908267 21.293950 -1.431979
v -1.777778 9.945526 -2.517092
v 1.863908 11.270990 -2.517092
v 1.863908 11.270990 -1.431979
v -1.777778 9.945526 -1.431979
v 1.863908 11.270990 -2.517092
v -2.266579 22.619420 -2.517092
v -2.266579 22.619420 -1.431979
v 1.863908 11.270990 -1.431979
v -4.531393 23.988180 -2.517092
v -5.156857 23.756070 -2.517092
v -5.156857 23.756070 -1.431979
v -4.531393 23.988180 -1.431979
v -6.064591 22.037700 -2.517092
v -5.908267 21.293950 -2.517092
v -5.908267 21.293950 -1.431979
v -6.064591 22.037700 -1.431979
v -2.624902 23.289640 -1.431979
v -2.266579 22.619420 -1.431979
v -2.266579 22.619420 -2.517092
v -2.624902 23.289640 -2.517092
v -5.985676 22.719580 -2.517092
v -5.985676 22.719580 -1.431979
v -5.689891 23.343900 -2.517092
v -5.689891 23.343900 -1.431979
v -3.151980 23.750970 -1.431979
v -3.151980 23.750970 -2.517092
v -3.866182 24.007680 -1.431979
v -3.866182 24.007680 -2.517092
v 24.043620 4.088700 -2.517092
v 24.047810 3.421570 -2.517092
v 23.838620 2.789804 -2.517092
v 23.353120 2.206476 -2.517092
v 22.739350 1.868966 -2.517092
v 21.986980 1.761485 -2.517092
v 9.910243 1.761488 -2.517092
v 9.910243 5.636889 -2.517092
v 23.838620 4.730556 -2.517092
v 23.353120 5.222033 -2.517092
v 22.739350 5.529407 -2.517092
v 21.986980 5.636887 -2.517092
v 21.986980 5.636887 -1.431979
v 9.910243 5.636889 -1.431979
v 9.910243 1.761488 -1.431979
v 21.986980 1.761485 -1.431979
v 22.739350 1.868966 -1.431979
v 23.353120 2.206476 -1.431979
v 23.838620 2.789804 -1.431979
v 24.047810 3.421570 -1.431979
v 22.739350 5.529407 -1.431979
v 23.353120 5.222033 -1.431979
v 23.838620 4.730556 -1.431979
v 24.043620 4.088700 -1.431979
v 21.986980 5.636887 -2.517092
v 9.910243 5.636889 -2.517092
v 9.910243 5.636889 -1.431979
v 21.986980 5.636887 -1.431979
v 9.910243 5.636889 -2.517092
v 9.910243 1.761488 -2.517092
v 9.910243 1.761488 -1.431979
v 9.910243 5.636889 -1.431979
v 9.910243 1.761488 -2.517092
v 21.986980 1.761485 -2.517092
v 21.986980 1.761485 -1.431979
v 9.910243 1.761488 -1.431979
v 24.047810 3.421570 -2.517092
v 24.043620 4.088700 -2.517092
v 24.043620 4.088700 -1.431979
v 24.047810 3.421570 -1.431979
v 22.739350 5.529407 -2.517092
v 21.986980 5.636887 -2.517092
v 21.986980 5.636887 -1.431979
v 22.739350 5.529407 -1.431979
v 22.739350 1.868966 -1.431979
v 21.986980 1.761485 -1.431979
v 21.986980 1.761485 -2.517092
v 22.739350 1.868966 -2.517092
v 23.353120 5.222033 -2.517092
v 23.353120 5.222033 -1.431979
v 23.838620 4.730556 -2.517092
v 23.838620 4.730556 -1.431979
v 23.353120 2.206476 -1.431979
v 23.353120 2.206476 -2.517092
v 23.838620 2.789804 -1.431979
v 23.838620 2.789804 -2.517092
v 21.530630 2.132717 -3.610429
v 20.718970 2.701048 -3.610429
v 20.396380 3.637920 -3.610429
v 20.686080 4.585479 -3.610429
v 21.477410 5.181791 -3.610429
v 22.468110 5.199083 -3.610429
v 23.279780 4.630752 -3.610429
v 23.602370 3.693881 -3.610429
v 23.312670 2.746321 -3.610429
v 22.521340 2.150010 -3.610429
v 23.312670 2.746321 -3.610429
v 23.602370 3.693881 -3.610429
v 24.207220 3.704438 3.610429
v 23.808210 2.399341 3.610429
v 23.279780 4.630752 -3.610429
v 23.762910 4.994815 3.610429
v 23.279780 4.630752 -3.610429
v 22.468110 5.199083 -3.610429
v 22.644990 5.777592 3.610429
v 23.762910 4.994815 3.610429
v 21.477410 5.181791 -3.610429
v 21.280460 5.753774 3.610429
v 20.686080 4.585479 -3.610429
v 20.190540 4.932459 3.610429
v 20.396380 3.637920 -3.610429
v 19.791530 3.627362 3.610429
v 20.718970 2.701048 -3.610429
v 20.235850 2.336985 3.610429
v 21.530630 2.132717 -3.610429
v 21.353770 1.554208 3.610429
v 22.521340 2.150010 -3.610429
v 22.718290 1.578027 3.610429
v 23.808210 2.399341 3.610429
v 24.207220 3.704438 3.610429
v 23.762910 4.994815 3.610429
v 22.644990 5.777592 3.610429
v 21.280460 5.753774 3.610429
v 20.190540 4.932459 3.610429
v 19.791530 3.627362 3.610429
v 20.235850 2.336985 3.610429
v 21.353770 1.554208 3.610429
v 22.718290 1.578027 3.610429
v -0.916330 24.355890 5.643469
v -2.158873 22.732630 5.593377
v -1.983425 22.849240 5.460305
v -0.916330 24.355890 5.643469
v -1.612088 23.271260 5.352702
v -0.916330 24.355890 5.643469
v -1.110307 23.927090 5.292320
v -0.916330 24.355890 5.643469
v -0.579734 24.684830 5.292319
v -0.916330 24.355890 5.643469
v -0.135068 25.380660 5.352703
v -0.916330 24.355890 5.643469
v 0.134491 25.873940 5.460305
v -0.916330 24.355890 5.643469
v 0.184069 26.078690 5.593377
v -0.916330 24.355890 5.643469
v 0.008623 25.962070 5.726448
v -0.916330 24.355890 5.643469
v -0.362714 25.540060 5.834050
v -0.916330 24.355890 5.643469
v -0.864496 24.884220 5.894434
v -0.916330 24.355890 5.643469
v -1.395070 24.126480 5.894434
v -0.916330 24.355890 5.643469
v -1.839737 23.430660 5.834050
v -0.916330 24.355890 5.643469
v -2.109294 22.937380 5.726448
v -0.916330 24.355890 5.643469
v -2.158873 22.732630 5.593377
v -2.880706 21.995150 5.182853
v -3.165148 21.825490 5.417873
v -2.280783 22.657180 4.989377
v -1.436802 23.749910 4.877515
v -0.524901 25.052230 4.877515
v 0.213275 26.219060 4.989377
v 0.630193 27.009230 5.182854
v 0.692336 27.334540 5.417873
v 0.407895 27.164880 5.652893
v -0.192030 26.502850 5.846369
v -1.036014 25.410120 5.958232
v -1.947914 24.107790 5.958232
v -2.686089 22.940970 5.846369
v -3.103008 22.150800 5.652892
v -3.165148 21.825490 5.417873
v -3.582690 21.896310 4.812866
v -3.909014 21.720230 5.100930
v -2.903739 22.623940 4.572440
v -1.914716 23.892430 4.429402
v -0.822283 25.452580 4.429401
v 0.031445 26.815810 4.572440
v 0.482985 27.702680 4.812866
v 0.536835 28.069550 5.100930
v 0.210513 27.893470 5.388994
v -0.468441 27.165830 5.629420
v -1.457466 25.897340 5.772459
v -2.549899 24.337190 5.772459
v -3.403625 22.973960 5.629419
v -3.855164 22.087090 5.388994
v -3.909014 21.720230 5.100930
v -4.126188 22.276870 4.429801
v -4.452512 22.100790 4.717865
v -3.447236 23.004500 4.189375
v -2.458214 24.272990 4.046336
v -1.365782 25.833150 4.046336
v -0.512054 27.196370 4.189375
v -0.060513 28.083250 4.429800
v -0.006662 28.450120 4.717865
v -0.332986 28.274030 5.005929
v -1.011940 27.546400 5.246354
v -2.000965 26.277900 5.389393
v -3.093397 24.717750 5.389393
v -3.947124 23.354520 5.246354
v -4.398662 22.467650 5.005928
v -4.452512 22.100790 4.717865
v -4.323572 23.005460 4.165902
v -4.608013 22.835800 4.400921
v -3.723650 23.667480 3.972425
v -2.879668 24.760210 3.860562
v -1.967768 26.062540 3.860562
v -1.229592 27.229360 3.972425
v -0.812671 28.019530 4.165902
v -0.750529 28.344850 4.400921
v -1.034971 28.175190 4.635940
v -1.634896 27.513160 4.829418
v -2.478880 26.420430 4.941280
v -3.390779 25.118100 4.941280
v -4.128955 23.951280 4.829418
v -4.545873 23.161110 4.635940
v -4.608013 22.835800 4.400921
v -3.924303 24.208260 4.092346
v -4.099750 24.091650 4.225418
v -3.552964 24.630280 3.984744
v -3.051186 25.286110 3.924361
v -2.520611 26.043850 3.924361
v -2.075945 26.739680 3.984744
v -1.806386 27.232960 4.092346
v -1.756806 27.437710 4.225418
v -1.932254 27.321090 4.358490
v -2.303593 26.899080 4.466092
v -2.805373 26.243240 4.526475
v -3.335947 25.485500 4.526475
v -3.780614 24.789670 4.466092
v -4.050172 24.296400 4.358489
v -4.099750 24.091650 4.225418
v -2.999350 25.814440 4.175326
v -2.999350 25.814440 4.175326
v -2.999350 25.814440 4.175326
v -2.999350 25.814440 4.175326
v -2.999350 25.814440 4.175326
v -2.999350 25.814440 4.175326
v -2.999350 25.814440 4.175326
v -2.999350 25.814440 4.175326
v -2.999350 25.814440 4.175326
v -2.999350 25.814440 4.175326
v -2.999350 25.814440 4.175326
v -2.999350 25.814440 4.175326
v -2.999350 25.814440 4.175326
v -2.999350 25.814440 4.175326
v -4.415804 21.263940 3.373197
v -4.748324 21.496770 3.373197
v -4.880482 21.880580 3.373197
v -4.761799 22.268780 3.373197
v -4.437608 22.513070 3.373197
v -4.031739 22.520160 3.373197
v -3.699219 22.287330 3.373197
v -3.567061 21.903510 3.373197
v -3.685744 21.515320 3.373197
v -4.009935 21.271020 3.373197
v -3.685744 21.515320 3.373197
v -3.567061 21.903510 3.373197
v -3.567061 21.903510 5.904042
v -3.685744 21.515320 5.904042
v -3.699219 22.287330 3.373197
v -3.699219 22.287330 5.904043
v -3.699219 22.287330 3.373197
v -4.031739 22.520160 3.373197
v -4.031739 22.520160 5.904042
v -3.699219 22.287330 5.904043
v -4.437608 22.513070 3.373197
v -4.437608 22.513070 5.904042
v -4.761799 22.268780 3.373197
v -4.761799 22.268780 5.904042
v -4.880482 21.880580 3.373197
v -4.880482 21.880580 5.904042
v -4.748324 21.496770 3.373197
v -4.748324 21.496770 5.904042
v -4.415804 21.263940 3.373197
v -4.415804 21.263940 5.904042
v -4.009935 21.271020 3.373197
v -4.009935 21.271020 5.904042
v -3.986998 21.726260 6.477988
v -3.934768 21.897090 6.477988
v -3.992928 22.066000 6.477988
v -4.139262 22.168470 6.477988
v -4.317876 22.165350 6.477988
v -4.460546 22.057840 6.477988
v -4.512776 21.887000 6.477988
v -4.454616 21.718100 6.477988
v -4.308281 21.615630 6.477988
v -4.129667 21.618750 6.477988
v -3.719216 21.538760 6.222901
v -3.607918 21.902800 6.222901
v -3.731854 22.262740 6.222901
v -3.731854 22.262740 6.222901
v -3.699219 22.287330 5.904043
v -4.031739 22.520160 5.904042
v -4.043686 22.481080 6.222901
v -4.043686 22.481080 6.222901
v -4.031739 22.520160 5.904042
v -4.437608 22.513070 5.904042
v -4.424305 22.474440 6.222901
v -4.424305 22.474440 6.222901
v -4.437608 22.513070 5.904042
v -4.761799 22.268780 5.904042
v -4.728327 22.245340 6.222901
v -4.728327 22.245340 6.222901
v -4.761799 22.268780 5.904042
v -4.880482 21.880580 5.904042
v -4.839625 21.881300 6.222901
v -4.839625 21.881300 6.222901
v -4.880482 21.880580 5.904042
v -4.748324 21.496770 5.904042
v -4.715690 21.521360 6.222901
v -4.715690 21.521360 6.222901
v -4.748324 21.496770 5.904042
v -4.415804 21.263940 5.904042
v -4.403858 21.303020 6.222901
v -4.403858 21.303020 6.222901
v -4.415804 21.263940 5.904042
v -4.009935 21.271020 5.904042
v -4.023239 21.309660 6.222901
v -4.023239 21.309660 6.222901
v -3.819635 21.609070 6.414216
v -3.730487 21.900660 6.414216
v -3.829757 22.188960 6.414216
v -3.829757 22.188960 6.414216
v -4.079528 22.363850 6.414216
v -4.079528 22.363850 6.414216
v -4.384394 22.358530 6.414216
v -4.384394 22.358530 6.414216
v -4.627909 22.175030 6.414216
v -4.627909 22.175030 6.414216
v -4.717056 21.883440 6.414216
v -4.717056 21.883440 6.414216
v -4.617786 21.595140 6.414216
v -4.617786 21.595140 6.414216
v -4.368016 21.420250 6.414216
v -4.368016 21.420250 6.414216
v -4.063149 21.425570 6.414216
v -4.063149 21.425570 6.414216
v -7.363510 19.581770 5.643468
v -6.120968 21.205040 5.593376
v -6.296416 21.088420 5.460304
v -7.363510 19.581770 5.643468
v -6.667753 20.666410 5.352701
v -7.363510 19.581770 5.643468
v -7.169531 20.010570 5.292319
v -7.363510 19.581770 5.643468
v -7.700107 19.252830 5.292318
v -7.363510 19.581770 5.643468
v -8.144772 18.557000 5.352701
v -7.363510 19.581770 5.643468
v -8.414330 18.063720 5.460303
v -7.363510 19.581770 5.643468
v -8.463909 17.858970 5.593376
v -7.363510 19.581770 5.643468
v -8.288463 17.975590 5.726447
v -7.363510 19.581770 5.643468
v -7.917124 18.397610 5.834049
v -7.363510 19.581770 5.643468
v -7.415343 19.053440 5.894433
v -7.363510 19.581770 5.643468
v -6.884770 19.811180 5.894433
v -7.363510 19.581770 5.643468
v -6.440104 20.507010 5.834049
v -7.363510 19.581770 5.643468
v -6.170546 21.000290 5.726447
v -7.363510 19.581770 5.643468
v -6.120968 21.205040 5.593376
v -5.399134 21.942520 5.182853
v -5.114694 22.112170 5.417872
v -5.999057 21.280490 4.989377
v -6.843039 20.187760 4.877514
v -7.754938 18.885430 4.877514
v -8.493114 17.718610 4.989377
v -8.910032 16.928440 5.182853
v -8.972174 16.603120 5.417872
v -8.687734 16.772780 5.652891
v -8.087809 17.434810 5.846369
v -7.243824 18.527550 5.958231
v -6.331927 19.829870 5.958231
v -5.593751 20.996690 5.846369
v -5.176835 21.786870 5.652891
v -5.114694 22.112170 5.417872
v -4.697151 22.041360 4.812865
v -4.370827 22.217440 5.100929
v -5.376103 21.313720 4.572440
v -6.365125 20.045230 4.429400
v -7.457556 18.485080 4.429400
v -8.311282 17.121850 4.572440
v -8.762823 16.234980 4.812865
v -8.816674 15.868110 5.100929
v -8.490351 16.044190 5.388994
v -7.811398 16.771830 5.629418
v -6.822373 18.040320 5.772458
v -5.729940 19.600480 5.772458
v -4.876215 20.963710 5.629418
v -4.424677 21.850580 5.388993
v -4.370827 22.217440 5.100929
v -4.153653 21.660800 4.429800
v -3.827329 21.836880 4.717864
v -4.832604 20.933160 4.189374
v -5.821626 19.664670 4.046335
v -6.914058 18.104520 4.046335
v -7.767783 16.741290 4.189374
v -8.219325 15.854420 4.429800
v -8.273175 15.487550 4.717864
v -7.946851 15.663630 5.005928
v -7.267899 16.391270 5.246354
v -6.278874 17.659760 5.389393
v -5.186442 19.219920 5.389392
v -4.332717 20.583140 5.246353
v -3.881179 21.470010 5.005927
v -3.827329 21.836880 4.717864
v -3.956269 20.932210 4.165901
v -3.671827 21.101870 4.400920
v -4.556190 20.270190 3.972424
v -5.400173 19.177450 3.860561
v -6.312070 17.875130 3.860561
v -7.050247 16.708300 3.972424
v -7.467166 15.918130 4.165901
v -7.529308 15.592820 4.400920
v -7.244868 15.762480 4.635940
v -6.644943 16.424510 4.829417
v -5.800958 17.517240 4.941280
v -4.889060 18.819570 4.941280
v -4.150886 19.986390 4.829417
v -3.733969 20.776560 4.635940
v -3.671827 21.101870 4.400920
v -4.355537 19.729400 4.092346
v -4.180090 19.846020 4.225417
v -4.726874 19.307390 3.984744
v -5.228654 18.651560 3.924360
v -5.759228 17.893820 3.924360
v -6.203894 17.197990 3.984744
v -6.473453 16.704710 4.092346
v -6.523031 16.499960 4.225417
v -6.347585 16.616570 4.358489
v -5.976246 17.038590 4.466091
v -5.474466 17.694430 4.526474
v -4.943892 18.452160 4.526474
v -4.499225 19.147990 4.466091
v -4.229668 19.641270 4.358488
v -4.180090 19.846020 4.225417
v -5.280488 18.123230 4.175325
v -5.280488 18.123230 4.175325
v -5.280488 18.123230 4.175325
v -5.280488 18.123230 4.175325
v -5.280488 18.123230 4.175325
v -5.280488 18.123230 4.175325
v -5.280488 18.123230 4.175325
v -5.280488 18.123230 4.175325
v -5.280488 18.123230 4.175325
v -5.280488 18.123230 4.175325
v -5.280488 18.123230 4.175325
v -5.280488 18.123230 4.175325
v -5.280488 18.123230 4.175325
v -5.280488 18.123230 4.175325
v -25.283470 -6.010588 5.643469
v -24.040930 -4.387323 5.593377
v -24.216380 -4.503942 5.460305
v -25.283470 -6.010588 5.643469
v -24.587720 -4.925953 5.352703
v -25.283470 -6.010588 5.643469
v -25.089500 -5.581789 5.292320
v -25.283470 -6.010588 5.643469
v -25.620070 -6.339530 5.292319
v -25.283470 -6.010588 5.643469
v -26.064740 -7.035357 5.352703
v -25.283470 -6.010588 5.643469
v -26.334300 -7.528638 5.460305
v -25.283470 -6.010588 5.643469
v -26.383870 -7.733388 5.593377
v -25.283470 -6.010588 5.643469
v -26.208430 -7.616772 5.726448
v -25.283470 -6.010588 5.643469
v -25.837090 -7.194755 5.834050
v -25.283470 -6.010588 5.643469
v -25.335310 -6.538922 5.894434
v -25.283470 -6.010588 5.643469
v -24.804730 -5.781182 5.894434
v -25.283470 -6.010588 5.643469
v -24.360070 -5.085351 5.834050
v -25.283470 -6.010588 5.643469
v -24.090510 -4.592070 5.726448
v -25.283470 -6.010588 5.643469
v -24.040930 -4.387323 5.593377
v -23.319100 -3.649848 5.182853
v -23.034660 -3.480185 5.417873
v -23.919020 -4.311870 4.989377
v -24.763000 -5.404603 4.877515
v -25.674900 -6.706930 4.877515
v -26.413080 -7.873755 4.989378
v -26.830000 -8.663927 5.182854
v -26.892140 -8.989238 5.417873
v -26.607700 -8.819583 5.652893
v -26.007770 -8.157549 5.846370
v -25.163790 -7.064812 5.958232
v -24.251890 -5.762492 5.958232
v -23.513720 -4.595670 5.846369
v -23.096800 -3.805498 5.652892
v -23.034660 -3.480185 5.417873
v -22.617120 -3.550999 4.812866
v -22.290790 -3.374920 5.100930
v -23.296070 -4.278638 4.572441
v -24.285090 -5.547125 4.429402
v -25.377520 -7.107281 4.429402
v -26.231250 -8.470510 4.572440
v -26.682790 -9.357383 4.812866
v -26.736640 -9.724253 5.100930
v -26.410310 -9.548167 5.388994
v -25.731360 -8.820532 5.629420
v -24.742340 -7.552035 5.772459
v -23.649910 -5.991882 5.772459
v -22.796180 -4.628654 5.629419
v -22.344640 -3.741787 5.388994
v -22.290790 -3.374920 5.100930
v -22.073620 -3.931565 4.429801
v -21.747290 -3.755486 4.717865
v -22.752570 -4.659201 4.189375
v -23.741590 -5.927691 4.046337
v -24.834020 -7.487844 4.046336
v -25.687750 -8.851069 4.189375
v -26.139290 -9.737946 4.429801
v -26.193140 -10.104810 4.717865
v -25.866820 -9.928734 5.005929
v -25.187860 -9.201091 5.246354
v -24.198840 -7.932601 5.389393
v -23.106410 -6.372448 5.389393
v -22.252680 -5.009217 5.246354
v -21.801150 -4.122347 5.005928
v -21.747290 -3.755486 4.717865
v -21.876230 -4.660147 4.165902
v -21.591790 -4.490492 4.400921
v -22.476150 -5.322175 3.972425
v -23.320140 -6.414911 3.860562
v -24.232030 -7.717235 3.860562
v -24.970210 -8.884056 3.972425
v -25.387130 -9.674232 4.165902
v -25.449270 -9.999545 4.400921
v -25.164830 -9.829886 4.635940
v -24.564910 -9.167852 4.829418
v -23.720920 -8.075120 4.941280
v -22.809020 -6.772793 4.941280
v -22.070850 -5.605971 4.829418
v -21.653930 -4.815802 4.635940
v -21.591790 -4.490492 4.400921
v -22.275500 -5.862957 4.092346
v -22.100050 -5.746337 4.225418
v -22.646840 -6.284971 3.984744
v -23.148620 -6.940807 3.924361
v -23.679190 -7.698547 3.924361
v -24.123860 -8.394375 3.984744
v -24.393420 -8.887656 4.092346
v -24.443000 -9.092406 4.225418
v -24.267550 -8.975790 4.358490
v -23.896210 -8.553773 4.466092
v -23.394430 -7.897936 4.526475
v -22.863860 -7.140197 4.526475
v -22.419190 -6.444369 4.466092
v -22.149630 -5.951088 4.358489
v -22.100050 -5.746337 4.225418
v -23.200450 -7.469138 4.175326
v -23.200450 -7.469138 4.175326
v -23.200450 -7.469138 4.175326
v -23.200450 -7.469138 4.175326
v -23.200450 -7.469138 4.175326
v -23.200450 -7.469138 4.175326
v -23.200450 -7.469138 4.175326
v -23.200450 -7.469138 4.175326
v -23.200450 -7.469138 4.175326
v -23.200450 -7.469138 4.175326
v -23.200450 -7.469138 4.175326
v -23.200450 -7.469138 4.175326
v -23.200450 -7.469138 4.175326
v -23.200450 -7.469138 4.175326
v -22.335770 -4.328424 3.373197
v -22.668290 -4.095592 3.373197
v -22.800450 -3.711776 3.373197
v -22.681760 -3.323583 3.373197
v -22.357570 -3.079288 3.373197
v -21.951700 -3.072203 3.373197
v -21.619180 -3.305036 3.373197
v -21.487020 -3.688851 3.373197
v -21.605710 -4.077044 3.373197
v -21.929900 -4.321339 3.373197
v -21.605710 -4.077044 3.373197
v -21.487020 -3.688851 3.373197
v -21.487020 -3.688851 5.904042
v -21.605710 -4.077044 5.904042
v -21.619180 -3.305036 3.373197
v -21.619180 -3.305036 5.904042
v -21.619180 -3.305036 3.373197
v -21.951700 -3.072203 3.373197
v -21.951700 -3.072203 5.904042
v -21.619180 -3.305036 5.904042
v -22.357570 -3.079288 3.373197
v -22.357570 -3.079288 5.904042
v -22.681760 -3.323583 3.373197
v -22.681760 -3.323583 5.904042
v -22.800450 -3.711776 3.373197
v -22.800450 -3.711776 5.904042
v -22.668290 -4.095592 3.373197
v -22.668290 -4.095592 5.904042
v -22.335770 -4.328424 3.373197
v -22.335770 -4.328424 5.904042
v -21.929900 -4.321339 3.373197
v -21.929900 -4.321339 5.904042
v -21.906960 -3.866102 6.477988
v -21.854730 -3.695269 6.477988
v -21.912890 -3.526361 6.477988
v -22.059230 -3.423900 6.477988
v -22.237840 -3.427016 6.477988
v -22.380510 -3.534525 6.477988
v -22.432740 -3.705358 6.477988
v -22.374580 -3.874269 6.477988
v -22.228250 -3.976731 6.477988
v -22.049630 -3.973612 6.477988
v -21.639180 -4.053607 6.222901
v -21.527880 -3.689564 6.222901
v -21.651820 -3.329626 6.222901
v -21.651820 -3.329626 6.222901
v -21.619180 -3.305036 5.904042
v -21.951700 -3.072203 5.904042
v -21.963650 -3.111280 6.222901
v -21.963650 -3.111280 6.222901
v -21.951700 -3.072203 5.904042
v -22.357570 -3.079288 5.904042
v -22.344270 -3.117924 6.222901
v -22.344270 -3.117924 6.222901
v -22.357570 -3.079288 5.904042
v -22.681760 -3.323583 5.904042
v -22.648290 -3.347024 6.222901
v -22.648290 -3.347024 6.222901
v -22.681760 -3.323583 5.904042
v -22.800450 -3.711776 5.904042
v -22.759590 -3.711063 6.222901
v -22.759590 -3.711063 6.222901
v -22.800450 -3.711776 5.904042
v -22.668290 -4.095592 5.904042
v -22.635650 -4.070998 6.222901
v -22.635650 -4.070998 6.222901
v -22.668290 -4.095592 5.904042
v -22.335770 -4.328424 5.904042
v -22.323820 -4.289344 6.222901
v -22.323820 -4.289344 6.222901
v -22.335770 -4.328424 5.904042
v -21.929900 -4.321339 5.904042
v -21.943200 -4.282703 6.222901
v -21.943200 -4.282703 6.222901
v -21.739600 -3.983292 6.414216
v -21.650450 -3.691703 6.414216
v -21.749720 -3.403399 6.414216
v -21.749720 -3.403399 6.414216
v -21.999490 -3.228513 6.414216
v -21.999490 -3.228513 6.414216
v -22.304360 -3.233837 6.414216
v -22.304360 -3.233837 6.414216
v -22.547870 -3.417336 6.414216
v -22.547870 -3.417336 6.414216
v -22.637020 -3.708927 6.414216
v -22.637020 -3.708927 6.414216
v -22.537750 -3.997226 6.414216
v -22.537750 -3.997226 6.414216
v -22.287980 -4.172114 6.414216
v -22.287980 -4.172114 6.414216
v -21.983120 -4.166797 6.414216
v -21.983120 -4.166797 6.414216
v -18.836290 -1.236470 5.643469
v -20.078830 -2.859739 5.593377
v -19.903390 -2.743119 5.460305
v -18.836290 -1.236470 5.643469
v -19.532050 -2.321105 5.352703
v -18.836290 -1.236470 5.643469
v -19.030270 -1.665272 5.292320
v -18.836290 -1.236470 5.643469
v -18.499690 -0.907532 5.292320
v -18.836290 -1.236470 5.643469
v -18.055030 -0.211703 5.352703
v -18.836290 -1.236470 5.643469
v -17.785470 0.281577 5.460305
v -18.836290 -1.236470 5.643469
v -17.735890 0.486327 5.593377
v -18.836290 -1.236470 5.643469
v -17.911340 0.369711 5.726448
v -18.836290 -1.236470 5.643469
v -18.282680 -0.052305 5.834050
v -18.836290 -1.236470 5.643469
v -18.784460 -0.708143 5.894434
v -18.836290 -1.236470 5.643469
v -19.315030 -1.465880 5.894434
v -18.836290 -1.236470 5.643469
v -19.759700 -2.161710 5.834050
v -18.836290 -1.236470 5.643469
v -20.029260 -2.654988 5.726448
v -18.836290 -1.236470 5.643469
v -20.078830 -2.859739 5.593377
v -20.800670 -3.597213 5.182854
v -21.085110 -3.766874 5.417873
v -20.200750 -2.935188 4.989377
v -19.356760 -1.842455 4.877515
v -18.444860 -0.540130 4.877515
v -17.706690 0.626692 4.989378
v -17.289770 1.416864 5.182854
v -17.227630 1.742177 5.417874
v -17.512070 1.572520 5.652893
v -18.112000 0.910487 5.846370
v -18.955980 -0.182245 5.958232
v -19.867880 -1.484573 5.958232
v -20.606050 -2.651395 5.846369
v -21.022970 -3.441561 5.652892
v -21.085110 -3.766874 5.417873
v -21.502650 -3.696057 4.812866
v -21.828980 -3.872136 5.100930
v -20.823700 -2.968423 4.572441
v -19.834680 -1.699933 4.429402
v -18.742250 -0.139778 4.429402
v -17.888520 1.223448 4.572441
v -17.436980 2.110322 4.812866
v -17.383130 2.477188 5.100930
v -17.709450 2.301109 5.388994
v -18.388400 1.573471 5.629420
v -19.377430 0.304978 5.772459
v -20.469860 -1.255176 5.772459
v -21.323590 -2.618402 5.629419
v -21.775130 -3.505274 5.388994
v -21.828980 -3.872136 5.100930
v -22.046150 -3.315494 4.429801
v -22.372470 -3.491573 4.717865
v -21.367200 -2.587861 4.189375
v -20.378180 -1.319371 4.046337
v -19.285740 0.240784 4.046336
v -18.432020 1.604009 4.189375
v -17.980480 2.490884 4.429801
v -17.926620 2.857750 4.717865
v -18.252950 2.681670 5.005929
v -18.931900 1.954033 5.246354
v -19.920930 0.685540 5.389393
v -21.013360 -0.874615 5.389393
v -21.867080 -2.237839 5.246354
v -22.318620 -3.124708 5.005928
v -22.372470 -3.491573 4.717865
v -22.243540 -2.586909 4.165902
v -22.527980 -2.756567 4.400921
v -21.643610 -1.924881 3.972425
v -20.799630 -0.832151 3.860562
v -19.887730 0.470174 3.860562
v -19.149560 1.636998 3.972425
v -18.732640 2.427170 4.165902
v -18.670490 2.752483 4.400921
v -18.954940 2.582825 4.635940
v -19.554860 1.920794 4.829418
v -20.398850 0.828060 4.941280
v -21.310740 -0.474266 4.941280
v -22.048920 -1.641087 4.829418
v -22.465840 -2.431256 4.635940
v -22.527980 -2.756567 4.400921
v -21.844260 -1.384102 4.092346
v -22.019710 -1.500721 4.225418
v -21.472930 -0.962090 3.984744
v -20.971150 -0.306253 3.924361
v -20.440570 0.451486 3.924361
v -19.995910 1.147314 3.984744
v -19.726350 1.640594 4.092346
v -19.676770 1.845348 4.225418
v -19.852220 1.728729 4.358490
v -20.223550 1.306714 4.466092
v -20.725330 0.650878 4.526475
v -21.255910 -0.106860 4.526475
v -21.700580 -0.802691 4.466092
v -21.970140 -1.295971 4.358489
v -22.019710 -1.500721 4.225418
v -20.919320 0.222076 4.175326
v -20.919320 0.222076 4.175326
v -20.919320 0.222076 4.175326
v -20.919320 0.222076 4.175326
v -20.919320 0.222076 4.175326
v -20.919320 0.222076 4.175326
v -20.919320 0.222076 4.175326
v -20.919320 0.222076 4.175326
v -20.919320 0.222076 4.175326
v -20.919320 0.222076 4.175326
v -20.919320 0.222076 4.175326
v -20.919320 0.222076 4.175326
v -20.919320 0.222076 4.175326
v -20.919320 0.222076 4.175326
v 7.242490 -19.497030 5.643467
v 5.999949 -21.120290 5.593376
v 6.175395 -21.003680 5.460305
v 7.242490 -19.497030 5.643467
v 6.546731 -20.581670 5.352702
v 7.242490 -19.497030 5.643467
v 7.048511 -19.925830 5.292320
v 7.242490 -19.497030 5.643467
v 7.579086 -19.168090 5.292320
v 7.242490 -19.497030 5.643467
v 8.023752 -18.472270 5.352702
v 7.242490 -19.497030 5.643467
v 8.293309 -17.978980 5.460303
v 7.242490 -19.497030 5.643467
v 8.342891 -17.774240 5.593376
v 7.242490 -19.497030 5.643467
v 8.167442 -17.890850 5.726447
v 7.242490 -19.497030 5.643467
v 7.796105 -18.312860 5.834049
v 7.242490 -19.497030 5.643467
v 7.294322 -18.968710 5.894433
v 7.242490 -19.497030 5.643467
v 6.763750 -19.726440 5.894433
v 7.242490 -19.497030 5.643467
v 6.319083 -20.422270 5.834049
v 7.242490 -19.497030 5.643467
v 6.049524 -20.915550 5.726447
v 7.242490 -19.497030 5.643467
v 5.999949 -21.120290 5.593376
v 5.278115 -21.857780 5.182853
v 4.993673 -22.027430 5.417873
v 5.878036 -21.195750 4.989377
v 6.722019 -20.103020 4.877514
v 7.633919 -18.800690 4.877514
v 8.372095 -17.633870 4.989377
v 8.789014 -16.843690 5.182853
v 8.851157 -16.518380 5.417873
v 8.566716 -16.688040 5.652893
v 7.966791 -17.350070 5.846369
v 7.122806 -18.442810 5.958232
v 6.210906 -19.745140 5.958232
v 5.472731 -20.911950 5.846369
v 5.055814 -21.702120 5.652891
v 4.993673 -22.027430 5.417873
v 4.576128 -21.956620 4.812865
v 4.249806 -22.132700 5.100930
v 5.255081 -21.228980 4.572441
v 6.244104 -19.960490 4.429400
v 7.336538 -18.400340 4.429400
v 8.190265 -17.037120 4.572441
v 8.641805 -16.150240 4.812865
v 8.695657 -15.783370 5.100930
v 8.369332 -15.959450 5.388994
v 7.690380 -16.687090 5.629420
v 6.701354 -17.955580 5.772458
v 5.608921 -19.515740 5.772458
v 4.755195 -20.878960 5.629420
v 4.303657 -21.765830 5.388993
v 4.249806 -22.132700 5.100930
v 4.032631 -21.576060 4.429799
v 3.706307 -21.752140 4.717863
v 4.711582 -20.848420 4.189374
v 5.700605 -19.579930 4.046334
v 6.793040 -18.019780 4.046334
v 7.646766 -16.656550 4.189374
v 8.098306 -15.769680 4.429799
v 8.152158 -15.402810 4.717863
v 7.825834 -15.578890 5.005928
v 7.146882 -16.306530 5.246354
v 6.157855 -17.575020 5.389391
v 5.065423 -19.135170 5.389391
v 4.211697 -20.498400 5.246354
v 3.760158 -21.385270 5.005926
v 3.706307 -21.752140 4.717863
v 3.835250 -20.847470 4.165902
v 3.550808 -21.017130 4.400921
v 4.435171 -20.185440 3.972425
v 5.279152 -19.092710 3.860562
v 6.191053 -17.790380 3.860562
v 6.929230 -16.623560 3.972425
v 7.346148 -15.833390 4.165902
v 7.408290 -15.508070 4.400921
v 7.123849 -15.677730 4.635941
v 6.523926 -16.339760 4.829418
v 5.679940 -17.432500 4.941280
v 4.768041 -18.734830 4.941280
v 4.029866 -19.901650 4.829418
v 3.612948 -20.691810 4.635940
v 3.550808 -21.017130 4.400921
v 4.234518 -19.644660 4.092346
v 4.059072 -19.761280 4.225417
v 4.605854 -19.222650 3.984744
v 5.107634 -18.566810 3.924361
v 5.638209 -17.809070 3.924361
v 6.082875 -17.113250 3.984744
v 6.352436 -16.619960 4.092346
v 6.402014 -16.415210 4.225417
v 6.226566 -16.531830 4.358488
v 5.855228 -16.953850 4.466091
v 5.353447 -17.609680 4.526474
v 4.822873 -18.367420 4.526474
v 4.378206 -19.063250 4.466091
v 4.108648 -19.556530 4.358488
v 4.059072 -19.761280 4.225417
v 5.159470 -18.038480 4.175326
v 5.159470 -18.038480 4.175326
v 5.159470 -18.038480 4.175326
v 5.159470 -18.038480 4.175326
v 5.159470 -18.038480 4.175326
v 5.159470 -18.038480 4.175326
v 5.159470 -18.038480 4.175326
v 5.159470 -18.038480 4.175326
v 5.159470 -18.038480 4.175326
v 5.159470 -18.038480 4.175326
v 5.159470 -18.038480 4.175326
v 5.159470 -18.038480 4.175326
v 5.159470 -18.038480 4.175326
v 5.159470 -18.038480 4.175326
v 3.743015 -22.588980 3.373196
v 3.410496 -22.356150 3.373198
v 3.278336 -21.972340 3.373196
v 3.397019 -21.584150 3.373198
v 3.721210 -21.339850 3.373196
v 4.127080 -21.332760 3.373198
v 4.459599 -21.565600 3.373196
v 4.591758 -21.949410 3.373198
v 4.473074 -22.337600 3.373196
v 4.148883 -22.581900 3.373198
v 4.473074 -22.337600 3.373196
v 4.591758 -21.949410 3.373198
v 4.591755 -21.949410 5.904044
v 4.473076 -22.337600 5.904042
v 4.459599 -21.565600 3.373196
v 4.459600 -21.565600 5.904044
v 4.459599 -21.565600 3.373196
v 4.127080 -21.332760 3.373198
v 4.127081 -21.332760 5.904043
v 4.459600 -21.565600 5.904044
v 3.721210 -21.339850 3.373196
v 3.721212 -21.339850 5.904041
v 3.397019 -21.584150 3.373198
v 3.397019 -21.584150 5.904043
v 3.278336 -21.972340 3.373196
v 3.278338 -21.972340 5.904041
v 3.410496 -22.356150 3.373198
v 3.410496 -22.356150 5.904042
v 3.743015 -22.588980 3.373196
v 3.743016 -22.588990 5.904042
v 4.148883 -22.581900 3.373198
v 4.148883 -22.581900 5.904042
v 4.171821 -22.126660 6.477988
v 4.224051 -21.955830 6.477988
v 4.165892 -21.786920 6.477988
v 4.019558 -21.684460 6.477988
v 3.840941 -21.687580 6.477988
v 3.698272 -21.795090 6.477988
v 3.646044 -21.965920 6.477988
v 3.704203 -22.134820 6.477988
v 3.850537 -22.237290 6.477988
v 4.029152 -22.234170 6.477988
v 4.439602 -22.314160 6.222900
v 4.550902 -21.950120 6.222901
v 4.426962 -21.590190 6.222901
v 4.426962 -21.590190 6.222901
v 4.459600 -21.565600 5.904044
v 4.127081 -21.332760 5.904043
v 4.115132 -21.371840 6.222901
v 4.115132 -21.371840 6.222901
v 4.127081 -21.332760 5.904043
v 3.721212 -21.339850 5.904041
v 3.734516 -21.378480 6.222901
v 3.734516 -21.378480 6.222901
v 3.721212 -21.339850 5.904041
v 3.397019 -21.584150 5.904043
v 3.430491 -21.607580 6.222902
v 3.430491 -21.607580 6.222902
v 3.397019 -21.584150 5.904043
v 3.278338 -21.972340 5.904041
v 3.319193 -21.971620 6.222901
v 3.319193 -21.971620 6.222901
v 3.278338 -21.972340 5.904041
v 3.410496 -22.356150 5.904042
v 3.443129 -22.331560 6.222900
v 3.443129 -22.331560 6.222900
v 3.410496 -22.356150 5.904042
v 3.743016 -22.588990 5.904042
v 3.754963 -22.549910 6.222902
v 3.754963 -22.549910 6.222902
v 3.743016 -22.588990 5.904042
v 4.148883 -22.581900 5.904042
v 4.135579 -22.543270 6.222901
v 4.135579 -22.543270 6.222901
v 4.339183 -22.243850 6.414216
v 4.428334 -21.952260 6.414218
v 4.329063 -21.663970 6.414217
v 4.329063 -21.663970 6.414217
v 4.079292 -21.489070 6.414216
v 4.079292 -21.489070 6.414216
v 3.774424 -21.494390 6.414218
v 3.774424 -21.494390 6.414218
v 3.530910 -21.677900 6.414217
v 3.530910 -21.677900 6.414217
v 3.441762 -21.969480 6.414217
v 3.441762 -21.969480 6.414217
v 3.541032 -22.257790 6.414216
v 3.541032 -22.257790 6.414216
v 3.790803 -22.432680 6.414217
v 3.790803 -22.432680 6.414217
v 4.095671 -22.427360 6.414217
v 4.095671 -22.427360 6.414217
v 0.795308 -24.271150 5.643469
v 2.037852 -22.647890 5.593377
v 1.862404 -22.764500 5.460306
v 0.795308 -24.271150 5.643469
v 1.491066 -23.186510 5.352703
v 0.795308 -24.271150 5.643469
v 0.989288 -23.842350 5.292319
v 0.795308 -24.271150 5.643469
v 0.458712 -24.600090 5.292319
v 0.795308 -24.271150 5.643469
v 0.014044 -25.295920 5.352702
v 0.795308 -24.271150 5.643469
v -0.255512 -25.789200 5.460306
v 0.795308 -24.271150 5.643469
v -0.305088 -25.993950 5.593377
v 0.795308 -24.271150 5.643469
v -0.129643 -25.877330 5.726448
v 0.795308 -24.271150 5.643469
v 0.241694 -25.455320 5.834049
v 0.795308 -24.271150 5.643469
v 0.743474 -24.799480 5.894435
v 0.795308 -24.271150 5.643469
v 1.274051 -24.041740 5.894435
v 0.795308 -24.271150 5.643469
v 1.718715 -23.345910 5.834050
v 0.795308 -24.271150 5.643469
v 1.988274 -22.852640 5.726448
v 0.795308 -24.271150 5.643469
v 2.037852 -22.647890 5.593377
v 2.759683 -21.910410 5.182855
v 3.044123 -21.740750 5.417873
v 2.159763 -22.572430 4.989378
v 1.315782 -23.665170 4.877514
v 0.403884 -24.967490 4.877515
v -0.334296 -26.134320 4.989377
v -0.751212 -26.924490 5.182855
v -0.813355 -27.249800 5.417873
v -0.528915 -27.080140 5.652892
v 0.071007 -26.418110 5.846370
v 0.914995 -25.325370 5.958232
v 1.826893 -24.023050 5.958231
v 2.565068 -22.856230 5.846369
v 2.981985 -22.066060 5.652892
v 3.044123 -21.740750 5.417873
v 3.461668 -21.811570 4.812868
v 3.787991 -21.635480 5.100930
v 2.782717 -22.539200 4.572441
v 1.793692 -23.807690 4.429402
v 0.701263 -25.367840 4.429402
v -0.152464 -26.731070 4.572440
v -0.604002 -27.617940 4.812868
v -0.657854 -27.984810 5.100931
v -0.331530 -27.808730 5.388994
v 0.347421 -27.081090 5.629420
v 1.336447 -25.812600 5.772460
v 2.428877 -24.252450 5.772458
v 3.282604 -22.889220 5.629420
v 3.734141 -22.002350 5.388994
v 3.787991 -21.635480 5.100930
v 4.005165 -22.192130 4.429802
v 4.331489 -22.016050 4.717865
v 3.326216 -22.919760 4.189376
v 2.337192 -24.188250 4.046335
v 1.244761 -25.748400 4.046337
v 0.391034 -27.111630 4.189376
v -0.060505 -27.998500 4.429802
v -0.114357 -28.365370 4.717865
v 0.211967 -28.189290 5.005929
v 0.890919 -27.461650 5.246355
v 1.879944 -26.193160 5.389393
v 2.972375 -24.633010 5.389393
v 3.826103 -23.269780 5.246355
v 4.277640 -22.382910 5.005929
v 4.331489 -22.016050 4.717865
v 4.202551 -22.920710 4.165903
v 4.486988 -22.751050 4.400921
v 3.602630 -23.582740 3.972426
v 2.758647 -24.675480 3.860564
v 1.846749 -25.977800 3.860564
v 1.108570 -27.144620 3.972425
v 0.691652 -27.934790 4.165903
v 0.629510 -28.260100 4.400921
v 0.913952 -28.090450 4.635941
v 1.513875 -27.428410 4.829418
v 2.357862 -26.335680 4.941282
v 3.269757 -25.033350 4.941280
v 4.007931 -23.866530 4.829418
v 4.424850 -23.076370 4.635941
v 4.486988 -22.751050 4.400921
v 3.803281 -24.123520 4.092348
v 3.978728 -24.006900 4.225419
v 3.431946 -24.545530 3.984745
v 2.930167 -25.201370 3.924360
v 2.399590 -25.959110 3.924360
v 1.954926 -26.654930 3.984745
v 1.685365 -27.148220 4.092346
v 1.635789 -27.352970 4.225419
v 1.811237 -27.236350 4.358491
v 2.182572 -26.814330 4.466094
v 2.684351 -26.158500 4.526476
v 3.214926 -25.400760 4.526476
v 3.659592 -24.704930 4.466093
v 3.929151 -24.211650 4.358490
v 3.978728 -24.006900 4.225419
v 2.878333 -25.729700 4.175326
v 2.878333 -25.729700 4.175326
v 2.878333 -25.729700 4.175326
v 2.878333 -25.729700 4.175326
v 2.878333 -25.729700 4.175326
v 2.878333 -25.729700 4.175326
v 2.878333 -25.729700 4.175326
v 2.878333 -25.729700 4.175326
v 2.878333 -25.729700 4.175326
v 2.878333 -25.729700 4.175326
v 2.878333 -25.729700 4.175326
v 2.878333 -25.729700 4.175326
v 2.878333 -25.729700 4.175326
v 2.878333 -25.729700 4.175326
v 25.162450 6.095330 5.643469
v 23.919910 4.472065 5.593376
v 24.095360 4.588681 5.460305
v 25.162450 6.095330 5.643469
v 24.466690 5.010696 5.352702
v 25.162450 6.095330 5.643469
v 24.968480 5.666530 5.292320
v 25.162450 6.095330 5.643469
v 25.499050 6.424268 5.292320
v 25.162450 6.095330 5.643469
v 25.943720 7.120099 5.352702
v 25.162450 6.095330 5.643469
v 26.213280 7.613379 5.460305
v 25.162450 6.095330 5.643469
v 26.262850 7.818129 5.593376
v 25.162450 6.095330 5.643469
v 26.087410 7.701513 5.726448
v 25.162450 6.095330 5.643469
v 25.716070 7.279497 5.834049
v 25.162450 6.095330 5.643469
v 25.214290 6.623661 5.894433
v 25.162450 6.095330 5.643469
v 24.683710 5.865924 5.894433
v 25.162450 6.095330 5.643469
v 24.239050 5.170094 5.834049
v 25.162450 6.095330 5.643469
v 23.969490 4.676816 5.726448
v 25.162450 6.095330 5.643469
v 23.919910 4.472065 5.593376
v 23.198080 3.734587 5.182855
v 22.913640 3.564930 5.417873
v 23.798000 4.396614 4.989378
v 24.641980 5.489347 4.877514
v 25.553880 6.791671 4.877515
v 26.292060 7.958494 4.989378
v 26.708980 8.748668 5.182855
v 26.771120 9.073981 5.417873
v 26.486680 8.904324 5.652893
v 25.886750 8.242292 5.846371
v 25.042770 7.149558 5.958232
v 24.130870 5.847231 5.958232
v 23.392690 4.680409 5.846369
v 22.975780 3.890240 5.652893
v 22.913640 3.564930 5.417873
v 22.496090 3.635744 4.812865
v 22.169770 3.459666 5.100930
v 23.175050 4.363380 4.572441
v 24.164070 5.631870 4.429402
v 25.256500 7.192023 4.429402
v 26.110230 8.555251 4.572441
v 26.561770 9.442124 4.812865
v 26.615620 9.808992 5.100930
v 26.289300 9.632913 5.388994
v 25.610340 8.905273 5.629420
v 24.621320 7.636780 5.772460
v 23.528880 6.076628 5.772460
v 22.675160 4.713401 5.629420
v 22.223620 3.826531 5.388993
v 22.169770 3.459666 5.100930
v 21.952600 4.016307 4.429800
v 21.626270 3.840228 4.717865
v 22.631550 4.743941 4.189376
v 23.620570 6.012432 4.046337
v 24.713000 7.572586 4.046337
v 25.566730 8.935813 4.189376
v 26.018270 9.822685 4.429800
v 26.072120 10.189550 4.717865
v 25.745800 10.013470 5.005929
v 25.066840 9.285834 5.246355
v 24.077820 8.017344 5.389394
v 22.985390 6.457189 5.389394
v 22.131660 5.093962 5.246355
v 21.680120 4.207092 5.005928
v 21.626270 3.840228 4.717865
v 21.755210 4.744894 4.165903
v 21.470770 4.575235 4.400921
v 22.355130 5.406919 3.972425
v 23.199120 6.499653 3.860562
v 24.111020 7.801978 3.860562
v 24.849200 8.968801 3.972425
v 25.266110 9.758973 4.165903
v 25.328250 10.084290 4.400921
v 25.043810 9.914629 4.635941
v 24.443890 9.252598 4.829419
v 23.599900 8.159863 4.941280
v 22.688010 6.857536 4.941280
v 21.949830 5.690716 4.829418
v 21.532910 4.900546 4.635941
v 21.470770 4.575235 4.400921
v 22.154480 5.947699 4.092346
v 21.979030 5.831083 4.225417
v 22.525820 6.369713 3.984744
v 23.027600 7.025549 3.924361
v 23.558170 7.783288 3.924361
v 24.002840 8.479116 3.984744
v 24.272400 8.972397 4.092346
v 24.321980 9.177149 4.225417
v 24.146530 9.060531 4.358490
v 23.775190 8.638515 4.466091
v 23.273410 7.982678 4.526475
v 22.742840 7.224942 4.526475
v 22.298170 6.529111 4.466091
v 22.028610 6.035833 4.358490
v 21.979030 5.831083 4.225417
v 23.079430 7.553880 4.175326
v 23.079430 7.553880 4.175326
v 23.079430 7.553880 4.175326
v 23.079430 7.553880 4.175326
v 23.079430 7.553880 4.175326
v 23.079430 7.553880 4.175326
v 23.079430 7.553880 4.175326
v 23.079430 7.553880 4.175326
v 23.079430 7.553880 4.175326
v 23.079430 7.553880 4.175326
v 23.079430 7.553880 4.175326
v 23.079430 7.553880 4.175326
v 23.079430 7.553880 4.175326
v 23.079430 7.553880 4.175326
v 21.662980 3.003376 3.373198
v 21.330460 3.236209 3.373198
v 21.198310 3.620026 3.373199
v 21.316990 4.008217 3.373198
v 21.641170 4.252514 3.373198
v 22.047040 4.259599 3.373196
v 22.379560 4.026767 3.373198
v 22.511720 3.642953 3.373198
v 22.393040 3.254758 3.373196
v 22.068850 3.010461 3.373196
v 22.393040 3.254758 3.373196
v 22.511720 3.642953 3.373198
v 22.511720 3.642950 5.904044
v 22.393040 3.254756 5.904044
v 22.379560 4.026767 3.373198
v 22.379570 4.026767 5.904042
v 22.379560 4.026767 3.373198
v 22.047040 4.259599 3.373196
v 22.047040 4.259597 5.904042
v 22.379570 4.026767 5.904042
v 21.641170 4.252514 3.373198
v 21.641170 4.252516 5.904044
v 21.316990 4.008217 3.373198
v 21.316990 4.008217 5.904043
v 21.198310 3.620026 3.373199
v 21.198300 3.620026 5.904044
v 21.330460 3.236209 3.373198
v 21.330460 3.236209 5.904043
v 21.662980 3.003376 3.373198
v 21.662980 3.003376 5.904044
v 22.068850 3.010461 3.373196
v 22.068850 3.010461 5.904044
v 22.091790 3.465695 6.477990
v 22.144010 3.636533 6.477988
v 22.085850 3.805442 6.477988
v 21.939520 3.907906 6.477988
v 21.760910 3.904788 6.477988
v 21.618240 3.797278 6.477988
v 21.566010 3.626442 6.477988
v 21.624170 3.457535 6.477988
v 21.770500 3.355071 6.477988
v 21.949120 3.358189 6.477988
v 22.359570 3.278194 6.222903
v 22.470870 3.642237 6.222901
v 22.346930 4.002174 6.222901
v 22.346930 4.002174 6.222901
v 22.379570 4.026767 5.904042
v 22.047040 4.259597 5.904042
v 22.035100 4.220520 6.222902
v 22.035100 4.220520 6.222902
v 22.047040 4.259597 5.904042
v 21.641170 4.252516 5.904044
v 21.654480 4.213879 6.222901
v 21.654480 4.213879 6.222901
v 21.641170 4.252516 5.904044
v 21.316990 4.008217 5.904043
v 21.350460 3.984782 6.222901
v 21.350460 3.984782 6.222901
v 21.316990 4.008217 5.904043
v 21.198300 3.620026 5.904044
v 21.239160 3.620737 6.222902
v 21.239160 3.620737 6.222902
v 21.198300 3.620026 5.904044
v 21.330460 3.236209 5.904043
v 21.363090 3.260801 6.222902
v 21.363090 3.260801 6.222902
v 21.330460 3.236209 5.904043
v 21.662980 3.003376 5.904044
v 21.674930 3.042453 6.222901
v 21.674930 3.042453 6.222901
v 21.662980 3.003376 5.904044
v 22.068850 3.010461 5.904044
v 22.055550 3.049098 6.222901
v 22.055550 3.049098 6.222901
v 22.259150 3.348509 6.414218
v 22.348300 3.640097 6.414216
v 22.249030 3.928402 6.414217
v 22.249030 3.928402 6.414217
v 21.999260 4.103291 6.414217
v 21.999260 4.103291 6.414217
v 21.694390 4.097969 6.414218
v 21.694390 4.097969 6.414218
v 21.450870 3.914468 6.414218
v 21.450870 3.914468 6.414218
v 21.361730 3.622878 6.414218
v 21.361730 3.622878 6.414218
v 21.461000 3.334576 6.414217
v 21.461000 3.334576 6.414217
v 21.710770 3.159686 6.414216
v 21.710770 3.159686 6.414216
v 22.015630 3.165007 6.414216
v 22.015630 3.165007 6.414216
v 18.715270 1.321211 5.643470
v 19.957820 2.944478 5.593377
v 19.782370 2.827862 5.460306
v 18.715270 1.321211 5.643470
v 19.411030 2.405847 5.352703
v 18.715270 1.321211 5.643470
v 18.909250 1.750013 5.292320
v 18.715270 1.321211 5.643470
v 18.378680 0.992274 5.292320
v 18.715270 1.321211 5.643470
v 17.934010 0.296446 5.352702
v 18.715270 1.321211 5.643470
v 17.664450 -0.196836 5.460306
v 18.715270 1.321211 5.643470
v 17.614880 -0.401588 5.593377
v 18.715270 1.321211 5.643470
v 17.790320 -0.284970 5.726449
v 18.715270 1.321211 5.643470
v 18.161660 0.137046 5.834050
v 18.715270 1.321211 5.643470
v 18.663440 0.792883 5.894434
v 18.715270 1.321211 5.643470
v 19.194010 1.550620 5.894434
v 18.715270 1.321211 5.643470
v 19.638680 2.246450 5.834051
v 18.715270 1.321211 5.643470
v 19.908240 2.739730 5.726448
v 18.715270 1.321211 5.643470
v 19.957820 2.944478 5.593377
v 20.679650 3.681957 5.182855
v 20.964090 3.851614 5.417873
v 20.079730 3.019930 4.989378
v 19.235740 1.927197 4.877515
v 18.323840 0.624872 4.877515
v 17.585670 -0.541951 4.989378
v 17.168750 -1.332126 5.182855
v 17.106610 -1.657440 5.417873
v 17.391050 -1.487779 5.652893
v 17.990970 -0.825748 5.846370
v 18.834960 0.266987 5.958233
v 19.746860 1.569314 5.958233
v 20.485030 2.736134 5.846371
v 20.901950 3.526306 5.652892
v 20.964090 3.851614 5.417873
v 21.381630 3.780802 4.812867
v 21.707950 3.956879 5.100928
v 20.702680 3.053166 4.572441
v 19.713660 1.784674 4.429402
v 18.621230 0.224520 4.429402
v 17.767500 -1.138706 4.572441
v 17.315960 -2.025582 4.812867
v 17.262110 -2.392449 5.100930
v 17.588430 -2.216370 5.388994
v 18.267390 -1.488731 5.629420
v 19.256410 -0.220236 5.772458
v 20.348840 1.339918 5.772460
v 21.202570 2.703144 5.629420
v 21.654110 3.590015 5.388994
v 21.707950 3.956879 5.100928
v 21.925130 3.400239 4.429802
v 22.251450 3.576317 4.717865
v 21.246180 2.672603 4.189376
v 20.257160 1.404113 4.046337
v 19.164730 -0.156040 4.046338
v 18.311000 -1.519269 4.189376
v 17.859460 -2.406142 4.429802
v 17.805610 -2.773012 4.717865
v 18.131930 -2.596930 5.005929
v 18.810880 -1.869291 5.246355
v 19.799910 -0.600799 5.389394
v 20.892340 0.959357 5.389394
v 21.746070 2.322584 5.246354
v 22.197610 3.209454 5.005929
v 22.251450 3.576317 4.717865
v 22.122510 2.671651 4.165902
v 22.406960 2.841310 4.400920
v 21.522590 2.009623 3.972426
v 20.678610 0.916891 3.860564
v 19.766710 -0.385434 3.860564
v 19.028530 -1.552259 3.972426
v 18.611620 -2.342431 4.165902
v 18.549470 -2.667741 4.400921
v 18.833920 -2.498083 4.635942
v 19.433840 -1.836052 4.829419
v 20.277820 -0.743319 4.941280
v 21.189720 0.559008 4.941282
v 21.927900 1.725829 4.829418
v 22.344810 2.516000 4.635940
v 22.406960 2.841310 4.400920
v 21.723250 1.468844 4.092348
v 21.898690 1.585463 4.225419
v 21.351910 1.046829 3.984745
v 20.850130 0.390995 3.924361
v 20.319560 -0.366744 3.924361
v 19.874890 -1.062574 3.984744
v 19.605330 -1.555852 4.092346
v 19.555750 -1.760606 4.225419
v 19.731200 -1.643990 4.358490
v 20.102540 -1.221972 4.466091
v 20.604320 -0.566136 4.526476
v 21.134890 0.191602 4.526476
v 21.579560 0.887433 4.466093
v 21.849110 1.380713 4.358490
v 21.898690 1.585463 4.225419
v 20.798290 -0.137336 4.175327
v 20.798290 -0.137336 4.175327
v 20.798290 -0.137336 4.175327
v 20.798290 -0.137336 4.175327
v 20.798290 -0.137336 4.175327
v 20.798290 -0.137336 4.175327
v 20.798290 -0.137336 4.175327
v 20.798290 -0.137336 4.175327
v 20.798290 -0.137336 4.175327
v 20.798290 -0.137336 4.175327
v 20.798290 -0.137336 4.175327
v 20.798290 -0.137336 4.175327
v 20.798290 -0.137336 4.175327
v 20.798290 -0.137336 4.175327
vt 1.000000 0.443745
vt 1.000000 0.556255
vt 0.992210 0.750394
vt 0.968838 0.889064
vt 0.929886 0.972266
vt 0.875353 1.000000
vt 0.000000 1.000000
vt 0.000000 0.000000
vt 0.992210 0.249606
vt 0.968838 0.110936
vt 0.929886 0.027734
vt 0.875353 0.000000
vt 0.124647 0.000000
vt 1.000000 0.000000
vt 1.000000 1.000000
vt 0.124647 1.000000
vt 0.070114 0.972266
vt 0.031162 0.889064
vt 0.007790 0.750394
vt 0.000000 0.556255
vt 0.070114 0.027734
vt 0.031162 0.110936
vt 0.007790 0.249606
vt 0.000000 0.443745
vt 0.124647 0.000000
vt 1.000000 0.000000
vt 1.000000 1.000000
vt 0.124647 1.000000
vt 0.000000 0.000000
vt 1.000000 0.000000
vt 1.000000 1.000000
vt 0.000000 1.000000
vt 0.000000 0.000000
vt 0.875353 0.000000
vt 0.875353 1.000000
vt 0.000000 1.000000
vt 0.443745 0.000000
vt 0.556255 0.000000
vt 0.556255 1.000000
vt 0.443745 1.000000
vt 2.030183 0.000000
vt 2.521492 0.000000
vt 2.521492 1.000000
vt 2.030182 1.000000
vt -1.030183 1.000000
vt -1.521492 1.000000
vt -1.521492 0.000000
vt -1.030182 0.000000
vt 1.538873 0.000000
vt 1.538873 1.000000
vt 1.047564 0.000000
vt 1.047564 1.000000
vt -0.538874 1.000000
vt -0.538873 0.000000
vt -0.047564 1.000000
vt -0.047564 0.000000
vt 0.121885 0.000000
vt 0.050000 0.000000
vt 0.150000 0.000000
vt 0.383688 0.000000
vt 0.661804 0.000000
vt 0.878115 0.000000
vt 0.950000 0.000000
vt 0.850000 0.000000
vt 0.750000 0.000000
vt 0.338197 0.000000
vt 0.750000 0.000000
vt 0.850000 0.000000
vt 0.850000 1.000000
vt 0.750000 1.000000
vt 0.950000 0.000000
vt 0.950000 1.000000
vt -0.050000 0.000000
vt 0.050000 0.000000
vt 0.050000 1.000000
vt -0.050000 1.000000
vt 0.150000 0.000000
vt 0.150000 1.000000
vt 0.250000 0.000000
vt 0.250000 1.000000
vt 0.350000 0.000000
vt 0.350000 1.000000
vt 0.450000 0.000000
vt 0.450000 1.000000
vt 0.550000 0.000000
vt 0.550000 1.000000
vt 0.650000 0.000000
vt 0.650000 1.000000
vt 0.750000 1.000000
vt 0.850000 1.000000
vt 0.950000 1.000000
vt 0.878115 1.000000
vt 0.661803 1.000000
vt 0.383688 1.000000
vt 0.150000 1.000000
vt 0.050000 1.000000
vt 0.121885 1.000000
vt 0.650000 1.000000
vt 1.000000 0.443745
vt 1.000000 0.556255
vt 0.992210 0.750394
vt 0.968838 0.889064
vt 0.929886 0.972266
vt 0.875353 1.000000
vt 0.000000 1.000000
vt 0.000000 0.000000
vt 0.992210 0.249606
vt 0.968838 0.110936
vt 0.929886 0.027734
vt 0.875353 0.000000
vt 0.124647 0.000000
vt 1.000000 0.000000
vt 1.000000 1.000000
vt 0.124647 1.000000
vt 0.070114 0.972266
vt 0.031162 0.889064
vt 0.007790 0.750394
vt 0.000000 0.556255
vt 0.070114 0.027734
vt 0.031162 0.110936
vt 0.007790 0.249606
vt 0.000000 0.443745
vt 0.124647 0.000000
vt 1.000000 0.000000
vt 1.000000 1.000000
vt 0.124647 1.000000
vt 0.000000 0.000000
vt 1.000000 0.000000
vt 1.000000 1.000000
vt 0.000000 1.000000
vt 0.000000 0.000000
vt 0.875353 0.000000
vt 0.875353 1.000000
vt 0.000000 1.000000
vt 0.443745 0.000000
vt 0.556255 0.000000
vt 0.556255 1.000000
vt 0.443745 1.000000
vt 2.030183 0.000000
vt 2.521492 0.000000
vt 2.521492 1.000000
vt 2.030182 1.000000
vt -1.030183 1.000000
vt -1.521492 1.000000
vt -1.521492 0.000000
vt -1.030182 0.000000
vt 1.538873 0.000000
vt 1.538873 1.000000
vt 1.047564 0.000000
vt 1.047564 1.000000
vt -0.538874 1.000000
vt -0.538873 0.000000
vt -0.047564 1.000000
vt -0.047564 0.000000
vt 0.121885 0.000000
vt 0.050000 0.000000
vt 0.150000 0.000000
vt 0.383688 0.000000
vt 0.661804 0.000000
vt 0.878115 0.000000
vt 0.950000 0.000000
vt 0.850000 0.000000
vt 0.750000 0.000000
vt 0.338197 0.000000
vt 0.750000 0.000000
vt 0.850000 0.000000
vt 0.850000 1.000000
vt 0.750000 1.000000
vt 0.950000 0.000000
vt 0.950000 1.000000
vt -0.050000 0.000000
vt 0.050000 0.000000
vt 0.050000 1.000000
vt -0.050000 1.000000
vt 0.150000 0.000000
vt 0.150000 1.000000
vt 0.250000 0.000000
vt 0.250000 1.000000
vt 0.350000 0.000000
vt 0.350000 1.000000
vt 0.450000 0.000000
vt 0.450000 1.000000
vt 0.550000 0.000000
vt 0.550000 1.000000
vt 0.650000 0.000000
vt 0.650000 1.000000
vt 0.750000 1.000000
vt 0.850000 1.000000
vt 0.950000 1.000000
vt 0.878115 1.000000
vt 0.661803 1.000000
vt 0.383688 1.000000
vt 0.150000 1.000000
vt 0.050000 1.000000
vt 0.121885 1.000000
vt 0.650000 1.000000
vt 0.121885 0.000000
vt 0.050000 0.000000
vt 0.150000 0.000000
vt 0.383688 0.000000
vt 0.661804 0.000000
vt 0.878115 0.000000
vt 0.950000 0.000000
vt 0.850000 0.000000
vt 0.750000 0.000000
vt 0.338197 0.000000
vt 0.750000 0.000000
vt 0.850000 0.000000
vt 0.850000 1.000000
vt 0.750000 1.000000
vt 0.950000 0.000000
vt 0.950000 1.000000
vt -0.050000 0.000000
vt 0.050000 0.000000
vt 0.050000 1.000000
vt -0.050000 1.000000
vt 0.150000 0.000000
vt 0.150000 1.000000
vt 0.250000 0.000000
vt 0.250000 1.000000
vt 0.350000 0.000000
vt 0.350000 1.000000
vt 0.450000 0.000000
vt 0.450000 1.000000
vt 0.550000 0.000000
vt 0.550000 1.000000
vt 0.650000 0.000000
vt 0.650000 1.000000
vt 0.750000 1.000000
vt 0.850000 1.000000
vt 0.950000 1.000000
vt 0.878115 1.000000
vt 0.661803 1.000000
vt 0.383688 1.000000
vt 0.150000 1.000000
vt 0.050000 1.000000
vt 0.121885 1.000000
vt 0.650000 1.000000
vt 1.000000 0.443745
vt 1.000000 0.556255
vt 0.992210 0.750394
vt 0.968838 0.889064
vt 0.929886 0.972266
vt 0.875353 1.000000
vt 0.000000 1.000000
vt 0.000000 0.000000
vt 0.992210 0.249606
vt 0.968838 0.110936
vt 0.929886 0.027734
vt 0.875353 0.000000
vt 0.124647 0.000000
vt 1.000000 0.000000
vt 1.000000 1.000000
vt 0.124647 1.000000
vt 0.070114 0.972266
vt 0.031162 0.889064
vt 0.007790 0.750394
vt 0.000000 0.556255
vt 0.070114 0.027734
vt 0.031162 0.110936
vt 0.007790 0.249606
vt 0.000000 0.443745
vt 0.124647 0.000000
vt 1.000000 0.000000
vt 1.000000 1.000000
vt 0.124647 1.000000
vt 0.000000 0.000000
vt 1.000000 0.000000
vt 1.000000 1.000000
vt 0.000000 1.000000
vt 0.000000 0.000000
vt 0.875353 0.000000
vt 0.875353 1.000000
vt 0.000000 1.000000
vt 0.443745 0.000000
vt 0.556255 0.000000
vt 0.556255 1.000000
vt 0.443745 1.000000
vt 2.030183 0.000000
vt 2.521492 0.000000
vt 2.521492 1.000000
vt 2.030182 1.000000
vt -1.030183 1.000000
vt -1.521492 1.000000
vt -1.521492 0.000000
vt -1.030182 0.000000
vt 1.538873 0.000000
vt 1.538873 1.000000
vt 1.047564 0.000000
vt 1.047564 1.000000
vt -0.538874 1.000000
vt -0.538873 0.000000
vt -0.047564 1.000000
vt -0.047564 0.000000
vt 1.000000 0.443745
vt 1.000000 0.556255
vt 0.992210 0.750394
vt 0.968838 0.889064
vt 0.929886 0.972266
vt 0.875353 1.000000
vt 0.000000 1.000000
vt 0.000000 0.000000
vt 0.992210 0.249606
vt 0.968838 0.110936
vt 0.929886 0.027734
vt 0.875353 0.000000
vt 0.124647 0.000000
vt 1.000000 0.000000
vt 1.000000 1.000000
vt 0.124647 1.000000
vt 0.070114 0.972266
vt 0.031162 0.889064
vt 0.007790 0.750394
vt 0.000000 0.556255
vt 0.070114 0.027734
vt 0.031162 0.110936
vt 0.007790 0.249606
vt 0.000000 0.443745
vt 0.124647 0.000000
vt 1.000000 0.000000
vt 1.000000 1.000000
vt 0.124647 1.000000
vt 0.000000 0.000000
vt 1.000000 0.000000
vt 1.000000 1.000000
vt 0.000000 1.000000
vt 0.000000 0.000000
vt 0.875353 0.000000
vt 0.875353 1.000000
vt 0.000000 1.000000
vt 0.443745 0.000000
vt 0.556255 0.000000
vt 0.556255 1.000000
vt 0.443745 1.000000
vt 2.030183 0.000000
vt 2.521492 0.000000
vt 2.521492 1.000000
vt 2.030182 1.000000
vt -1.030183 1.000000
vt -1.521492 1.000000
vt -1.521492 0.000000
vt -1.030182 0.000000
vt 1.538873 0.000000
vt 1.538873 1.000000
vt 1.047564 0.000000
vt 1.047564 1.000000
vt -0.538874 1.000000
vt -0.538873 0.000000
vt -0.047564 1.000000
vt -0.047564 0.000000
vt 0.121885 0.000000
vt 0.050000 0.000000
vt 0.150000 0.000000
vt 0.383688 0.000000
vt 0.661804 0.000000
vt 0.878115 0.000000
vt 0.950000 0.000000
vt 0.850000 0.000000
vt 0.750000 0.000000
vt 0.338197 0.000000
vt 0.750000 0.000000
vt 0.850000 0.000000
vt 0.850000 1.000000
vt 0.750000 1.000000
vt 0.950000 0.000000
vt 0.950000 1.000000
vt -0.050000 0.000000
vt 0.050000 0.000000
vt 0.050000 1.000000
vt -0.050000 1.000000
vt 0.150000 0.000000
vt 0.150000 1.000000
vt 0.250000 0.000000
vt 0.250000 1.000000
vt 0.350000 0.000000
vt 0.350000 1.000000
vt 0.450000 0.000000
vt 0.450000 1.000000
vt 0.550000 0.000000
vt 0.550000 1.000000
vt 0.650000 0.000000
vt 0.650000 1.000000
vt 0.750000 1.000000
vt 0.850000 1.000000
vt 0.950000 1.000000
vt 0.878115 1.000000
vt 0.661803 1.000000
vt 0.383688 1.000000
vt 0.150000 1.000000
vt 0.050000 1.000000
vt 0.121885 1.000000
vt 0.650000 1.000000
vt 0.000000 1.000000
vt 0.000000 0.857143
vt 0.071429 0.857143
vt 0.071429 1.000000
vt 0.142857 0.857143
vt 0.142857 1.000000
vt 0.214286 0.857143
vt 0.214286 1.000000
vt 0.285714 0.857143
vt 0.285714 1.000000
vt 0.357143 0.857143
vt 0.357143 1.000000
vt 0.428571 0.857143
vt 0.428571 1.000000
vt 0.500000 0.857143
vt 0.500000 1.000000
vt 0.571429 0.857143
vt 0.571429 1.000000
vt 0.642857 0.857143
vt 0.642857 1.000000
vt 0.714286 0.857143
vt 0.714286 1.000000
vt 0.785714 0.857143
vt 0.785714 1.000000
vt 0.857143 0.857143
vt 0.857143 1.000000
vt 0.928572 0.857143
vt 0.928572 1.000000
vt 1.000000 0.857143
vt 0.071429 0.714286
vt 0.000000 0.714286
vt 0.142857 0.714286
vt 0.214286 0.714286
vt 0.285714 0.714286
vt 0.357143 0.714286
vt 0.428571 0.714286
vt 0.500000 0.714286
vt 0.571429 0.714286
vt 0.642857 0.714286
vt 0.714286 0.714286
vt 0.785714 0.714286
vt 0.857143 0.714286
vt 0.928572 0.714286
vt 1.000000 0.714286
vt 0.071429 0.571429
vt 0.000000 0.571429
vt 0.142857 0.571429
vt 0.214286 0.571429
vt 0.285714 0.571429
vt 0.357143 0.571429
vt 0.428571 0.571429
vt 0.500000 0.571429
vt 0.571429 0.571429
vt 0.642857 0.571429
vt 0.714286 0.571429
vt 0.785714 0.571429
vt 0.857143 0.571429
vt 0.928572 0.571429
vt 1.000000 0.571429
vt 0.071429 0.428571
vt 0.000000 0.428571
vt 0.142857 0.428571
vt 0.214286 0.428571
vt 0.285714 0.428571
vt 0.357143 0.428571
vt 0.428571 0.428571
vt 0.500000 0.428571
vt 0.571429 0.428571
vt 0.642857 0.428571
vt 0.714286 0.428571
vt 0.785714 0.428571
vt 0.857143 0.428571
vt 0.928572 0.428571
vt 1.000000 0.428571
vt 0.071429 0.285714
vt 0.000000 0.285714
vt 0.142857 0.285714
vt 0.214286 0.285714
vt 0.285714 0.285714
vt 0.357143 0.285714
vt 0.428571 0.285714
vt 0.500000 0.285714
vt 0.571429 0.285714
vt 0.642857 0.285714
vt 0.714286 0.285714
vt 0.785714 0.285714
vt 0.857143 0.285714
vt 0.928572 0.285714
vt 1.000000 0.285714
vt 0.071429 0.142857
vt 0.000000 0.142857
vt 0.142857 0.142857
vt 0.214286 0.142857
vt 0.285714 0.142857
vt 0.357143 0.142857
vt 0.428571 0.142857
vt 0.500000 0.142857
vt 0.571429 0.142857
vt 0.642857 0.142857
vt 0.714286 0.142857
vt 0.785714 0.142857
vt 0.857143 0.142857
vt 0.928572 0.142857
vt 1.000000 0.142857
vt 0.000000 0.000000
vt 0.071429 0.000000
vt 0.142857 0.000000
vt 0.214286 0.000000
vt 0.285714 0.000000
vt 0.357143 0.000000
vt 0.428571 0.000000
vt 0.500000 0.000000
vt 0.571429 0.000000
vt 0.642857 0.000000
vt 0.714286 0.000000
vt 0.785714 0.000000
vt 0.857143 0.000000
vt 0.928572 0.000000
vt 0.121885 0.000000
vt 0.050000 0.000000
vt 0.150000 0.000000
vt 0.383688 0.000000
vt 0.661803 0.000000
vt 0.878115 0.000000
vt 0.950000 0.000000
vt 0.850000 0.000000
vt 0.750000 0.000000
vt 0.338197 0.000000
vt 0.750000 0.000000
vt 0.850000 0.000000
vt 0.850000 0.815142
vt 0.750000 0.815142
vt 0.950000 0.000000
vt 0.950000 0.815142
vt -0.050000 0.000000
vt 0.050000 0.000000
vt 0.050000 0.815142
vt -0.050000 0.815142
vt 0.150000 0.000000
vt 0.150000 0.815142
vt 0.250000 0.000000
vt 0.250000 0.815142
vt 0.350000 0.000000
vt 0.350000 0.815142
vt 0.450000 0.000000
vt 0.450000 0.815142
vt 0.550000 0.000000
vt 0.550000 0.815142
vt 0.650000 0.000000
vt 0.650000 0.815142
vt 0.576544 1.000000
vt 0.850000 1.000000
vt 0.698035 1.000000
vt 0.666400 1.000000
vt 0.571206 1.000000
vt 0.448814 1.000000
vt 0.345973 1.000000
vt 0.301965 0.999999
vt 0.333600 1.000000
vt 0.022428 0.999999
vt 0.692181 0.876761
vt 0.850000 0.876761
vt 0.866012 0.876761
vt 0.899335 1.219038
vt 0.999986 1.328557
vt 0.870566 1.340651
vt 0.802511 1.227101
vt 0.877040 1.372431
vt 0.982360 1.558646
vt 0.686161 1.575439
vt 0.647843 1.383626
vt 0.712087 1.387273
vt 0.782527 1.580910
vt 0.431482 1.596241
vt 0.437260 1.397494
vt 0.467308 1.257421
vt 0.476556 1.386131
vt 0.203701 1.394364
vt 0.251125 1.262909
vt 0.245790 1.058626
vt 0.195698 1.087939
vt 0.095698 1.087938
vt 0.164454 1.058625
vt 0.100666 0.780961
vt 0.000016 0.671442
vt 0.129436 0.659348
vt 0.197491 0.772899
vt 0.819500 3.134591
vt 1.062450 4.201886
vt 0.804733 4.306037
vt 0.543965 3.204024
vt 0.440810 0.876761
vt 0.634362 0.938381
vt 0.850000 0.938381
vt 0.782023 0.938381
vt 0.798685 1.109519
vt 0.734456 1.113550
vt 0.771720 1.186215
vt 0.609524 1.191813
vt 0.641647 1.193637
vt 0.443037 1.198747
vt 0.458061 1.128710
vt 0.298549 1.131455
vt 0.295881 1.029313
vt 0.233209 1.029312
vt 0.201315 0.890480
vt 0.265545 0.886449
vt 0.576550 2.067296
vt 0.283196 2.102012
vt 0.231619 0.938380
vt 0.000000 1.000000
vt 0.000000 0.857143
vt 0.071429 0.857143
vt 0.071429 1.000000
vt 0.142857 0.857143
vt 0.142857 1.000000
vt 0.214286 0.857143
vt 0.214286 1.000000
vt 0.285714 0.857143
vt 0.285714 1.000000
vt 0.357143 0.857143
vt 0.357143 1.000000
vt 0.428571 0.857143
vt 0.428571 1.000000
vt 0.500000 0.857143
vt 0.500000 1.000000
vt 0.571429 0.857143
vt 0.571429 1.000000
vt 0.642857 0.857143
vt 0.642857 1.000000
vt 0.714286 0.857143
vt 0.714286 1.000000
vt 0.785714 0.857143
vt 0.785714 1.000000
vt 0.857143 0.857143
vt 0.857143 1.000000
vt 0.928572 0.857143
vt 0.928572 1.000000
vt 1.000000 0.857143
vt 0.071429 0.714286
vt 0.000000 0.714286
vt 0.142857 0.714286
vt 0.214286 0.714286
vt 0.285714 0.714286
vt 0.357143 0.714286
vt 0.428571 0.714286
vt 0.500000 0.714286
vt 0.571429 0.714286
vt 0.642857 0.714286
vt 0.714286 0.714286
vt 0.785714 0.714286
vt 0.857143 0.714286
vt 0.928572 0.714286
vt 1.000000 0.714286
vt 0.071429 0.571429
vt 0.000000 0.571429
vt 0.142857 0.571429
vt 0.214286 0.571429
vt 0.285714 0.571429
vt 0.357143 0.571429
vt 0.428571 0.571429
vt 0.500000 0.571429
vt 0.571429 0.571429
vt 0.642857 0.571429
vt 0.714286 0.571429
vt 0.785714 0.571429
vt 0.857143 0.571429
vt 0.928572 0.571429
vt 1.000000 0.571429
vt 0.071429 0.428571
vt 0.000000 0.428571
vt 0.142857 0.428571
vt 0.214286 0.428571
vt 0.285714 0.428571
vt 0.357143 0.428571
vt 0.428571 0.428571
vt 0.500000 0.428571
vt 0.571429 0.428571
vt 0.642857 0.428571
vt 0.714286 0.428571
vt 0.785714 0.428571
vt 0.857143 0.428571
vt 0.928572 0.428571
vt 1.000000 0.428571
vt 0.071429 0.285714
vt 0.000000 0.285714
vt 0.142857 0.285714
vt 0.214286 0.285714
vt 0.285714 0.285714
vt 0.357143 0.285714
vt 0.428571 0.285714
vt 0.500000 0.285714
vt 0.571429 0.285714
vt 0.642857 0.285714
vt 0.714286 0.285714
vt 0.785714 0.285714
vt 0.857143 0.285714
vt 0.928572 0.285714
vt 1.000000 0.285714
vt 0.071429 0.142857
vt 0.000000 0.142857
vt 0.142857 0.142857
vt 0.214286 0.142857
vt 0.285714 0.142857
vt 0.357143 0.142857
vt 0.428571 0.142857
vt 0.500000 0.142857
vt 0.571429 0.142857
vt 0.642857 0.142857
vt 0.714286 0.142857
vt 0.785714 0.142857
vt 0.857143 0.142857
vt 0.928572 0.142857
vt 1.000000 0.142857
vt 0.000000 0.000000
vt 0.071429 0.000000
vt 0.142857 0.000000
vt 0.214286 0.000000
vt 0.285714 0.000000
vt 0.357143 0.000000
vt 0.428571 0.000000
vt 0.500000 0.000000
vt 0.571429 0.000000
vt 0.642857 0.000000
vt 0.714286 0.000000
vt 0.785714 0.000000
vt 0.857143 0.000000
vt 0.928572 0.000000
vt 0.000000 1.000000
vt 0.000000 0.857143
vt 0.071429 0.857143
vt 0.071429 1.000000
vt 0.142857 0.857143
vt 0.142857 1.000000
vt 0.214286 0.857143
vt 0.214286 1.000000
vt 0.285714 0.857143
vt 0.285714 1.000000
vt 0.357143 0.857143
vt 0.357143 1.000000
vt 0.428571 0.857143
vt 0.428571 1.000000
vt 0.500000 0.857143
vt 0.500000 1.000000
vt 0.571429 0.857143
vt 0.571429 1.000000
vt 0.642857 0.857143
vt 0.642857 1.000000
vt 0.714286 0.857143
vt 0.714286 1.000000
vt 0.785714 0.857143
vt 0.785714 1.000000
vt 0.857143 0.857143
vt 0.857143 1.000000
vt 0.928572 0.857143
vt 0.928572 1.000000
vt 1.000000 0.857143
vt 0.071429 0.714286
vt 0.000000 0.714286
vt 0.142857 0.714286
vt 0.214286 0.714286
vt 0.285714 0.714286
vt 0.357143 0.714286
vt 0.428571 0.714286
vt 0.500000 0.714286
vt 0.571429 0.714286
vt 0.642857 0.714286
vt 0.714286 0.714286
vt 0.785714 0.714286
vt 0.857143 0.714286
vt 0.928572 0.714286
vt 1.000000 0.714286
vt 0.071429 0.571429
vt 0.000000 0.571429
vt 0.142857 0.571429
vt 0.214286 0.571429
vt 0.285714 0.571429
vt 0.357143 0.571429
vt 0.428571 0.571429
vt 0.500000 0.571429
vt 0.571429 0.571429
vt 0.642857 0.571429
vt 0.714286 0.571429
vt 0.785714 0.571429
vt 0.857143 0.571429
vt 0.928572 0.571429
vt 1.000000 0.571429
vt 0.071429 0.428571
vt 0.000000 0.428571
vt 0.142857 0.428571
vt 0.214286 0.428571
vt 0.285714 0.428571
vt 0.357143 0.428571
vt 0.428571 0.428571
vt 0.500000 0.428571
vt 0.571429 0.428571
vt 0.642857 0.428571
vt 0.714286 0.428571
vt 0.785714 0.428571
vt 0.857143 0.428571
vt 0.928572 0.428571
vt 1.000000 0.428571
vt 0.071429 0.285714
vt 0.000000 0.285714
vt 0.142857 0.285714
vt 0.214286 0.285714
vt 0.285714 0.285714
vt 0.357143 0.285714
vt 0.428571 0.285714
vt 0.500000 0.285714
vt 0.571429 0.285714
vt 0.642857 0.285714
vt 0.714286 0.285714
vt 0.785714 0.285714
vt 0.857143 0.285714
vt 0.928572 0.285714
vt 1.000000 0.285714
vt 0.071429 0.142857
vt 0.000000 0.142857
vt 0.142857 0.142857
vt 0.214286 0.142857
vt 0.285714 0.142857
vt 0.357143 0.142857
vt 0.428571 0.142857
vt 0.500000 0.142857
vt 0.571429 0.142857
vt 0.642857 0.142857
vt 0.714286 0.142857
vt 0.785714 0.142857
vt 0.857143 0.142857
vt 0.928572 0.142857
vt 1.000000 0.142857
vt 0.000000 0.000000
vt 0.071429 0.000000
vt 0.142857 0.000000
vt 0.214286 0.000000
vt 0.285714 0.000000
vt 0.357143 0.000000
vt 0.428571 0.000000
vt 0.500000 0.000000
vt 0.571429 0.000000
vt 0.642857 0.000000
vt 0.714286 0.000000
vt 0.785714 0.000000
vt 0.857143 0.000000
vt 0.928572 0.000000
vt 0.121885 0.000000
vt 0.050000 0.000000
vt 0.150000 0.000000
vt 0.383688 0.000000
vt 0.661803 0.000000
vt 0.878115 0.000000
vt 0.950000 0.000000
vt 0.850000 0.000000
vt 0.750000 0.000000
vt 0.338197 0.000000
vt 0.750000 0.000000
vt 0.850000 0.000000
vt 0.850000 0.815142
vt 0.750000 0.815142
vt 0.950000 0.000000
vt 0.950000 0.815142
vt -0.050000 0.000000
vt 0.050000 0.000000
vt 0.050000 0.815142
vt -0.050000 0.815142
vt 0.150000 0.000000
vt 0.150000 0.815142
vt 0.250000 0.000000
vt 0.250000 0.815142
vt 0.350000 0.000000
vt 0.350000 0.815142
vt 0.450000 0.000000
vt 0.450000 0.815142
vt 0.550000 0.000000
vt 0.550000 0.815142
vt 0.650000 0.000000
vt 0.650000 0.815142
vt 0.576544 1.000000
vt 0.850000 1.000000
vt 0.698035 1.000000
vt 0.666400 1.000000
vt 0.571206 1.000000
vt 0.448814 1.000000
vt 0.345973 1.000000
vt 0.301965 0.999999
vt 0.333600 1.000000
vt 0.022428 0.999999
vt 0.692181 0.876761
vt 0.850000 0.876761
vt 0.866012 0.876761
vt 0.899335 1.219038
vt 0.999986 1.328557
vt 0.870566 1.340651
vt 0.802511 1.227101
vt 0.877040 1.372431
vt 0.982360 1.558646
vt 0.686161 1.575439
vt 0.647843 1.383626
vt 0.712087 1.387273
vt 0.782527 1.580910
vt 0.431482 1.596241
vt 0.437260 1.397494
vt 0.467308 1.257421
vt 0.476556 1.386131
vt 0.203701 1.394364
vt 0.251125 1.262909
vt 0.245790 1.058626
vt 0.195698 1.087939
vt 0.095698 1.087938
vt 0.164454 1.058625
vt 0.100666 0.780961
vt 0.000016 0.671442
vt 0.129436 0.659348
vt 0.197491 0.772899
vt 0.819500 3.134591
vt 1.062450 4.201886
vt 0.804733 4.306037
vt 0.543965 3.204024
vt 0.440810 0.876761
vt 0.634362 0.938381
vt 0.850000 0.938381
vt 0.782023 0.938381
vt 0.798685 1.109519
vt 0.734456 1.113550
vt 0.771720 1.186215
vt 0.609524 1.191813
vt 0.641647 1.193637
vt 0.443037 1.198747
vt 0.458061 1.128710
vt 0.298549 1.131455
vt 0.295881 1.029313
vt 0.233209 1.029312
vt 0.201315 0.890480
vt 0.265545 0.886449
vt 0.576550 2.067296
vt 0.283196 2.102012
vt 0.231619 0.938380
vt 0.000000 1.000000
vt 0.000000 0.857143
vt 0.071429 0.857143
vt 0.071429 1.000000
vt 0.142857 0.857143
vt 0.142857 1.000000
vt 0.214286 0.857143
vt 0.214286 1.000000
vt 0.285714 0.857143
vt 0.285714 1.000000
vt 0.357143 0.857143
vt 0.357143 1.000000
vt 0.428571 0.857143
vt 0.428571 1.000000
vt 0.500000 0.857143
vt 0.500000 1.000000
vt 0.571429 0.857143
vt 0.571429 1.000000
vt 0.642857 0.857143
vt 0.642857 1.000000
vt 0.714286 0.857143
vt 0.714286 1.000000
vt 0.785714 0.857143
vt 0.785714 1.000000
vt 0.857143 0.857143
vt 0.857143 1.000000
vt 0.928572 0.857143
vt 0.928572 1.000000
vt 1.000000 0.857143
vt 0.071429 0.714286
vt 0.000000 0.714286
vt 0.142857 0.714286
vt 0.214286 0.714286
vt 0.285714 0.714286
vt 0.357143 0.714286
vt 0.428571 0.714286
vt 0.500000 0.714286
vt 0.571429 0.714286
vt 0.642857 0.714286
vt 0.714286 0.714286
vt 0.785714 0.714286
vt 0.857143 0.714286
vt 0.928572 0.714286
vt 1.000000 0.714286
vt 0.071429 0.571429
vt 0.000000 0.571429
vt 0.142857 0.571429
vt 0.214286 0.571429
vt 0.285714 0.571429
vt 0.357143 0.571429
vt 0.428571 0.571429
vt 0.500000 0.571429
vt 0.571429 0.571429
vt 0.642857 0.571429
vt 0.714286 0.571429
vt 0.785714 0.571429
vt 0.857143 0.571429
vt 0.928572 0.571429
vt 1.000000 0.571429
vt 0.071429 0.428571
vt 0.000000 0.428571
vt 0.142857 0.428571
vt 0.214286 0.428571
vt 0.285714 0.428571
vt 0.357143 0.428571
vt 0.428571 0.428571
vt 0.500000 0.428571
vt 0.571429 0.428571
vt 0.642857 0.428571
vt 0.714286 0.428571
vt 0.785714 0.428571
vt 0.857143 0.428571
vt 0.928572 0.428571
vt 1.000000 0.428571
vt 0.071429 0.285714
vt 0.000000 0.285714
vt 0.142857 0.285714
vt 0.214286 0.285714
vt 0.285714 0.285714
vt 0.357143 0.285714
vt 0.428571 0.285714
vt 0.500000 0.285714
vt 0.571429 0.285714
vt 0.642857 0.285714
vt 0.714286 0.285714
vt 0.785714 0.285714
vt 0.857143 0.285714
vt 0.928572 0.285714
vt 1.000000 0.285714
vt 0.071429 0.142857
vt 0.000000 0.142857
vt 0.142857 0.142857
vt 0.214286 0.142857
vt 0.285714 0.142857
vt 0.357143 0.142857
vt 0.428571 0.142857
vt 0.500000 0.142857
vt 0.571429 0.142857
vt 0.642857 0.142857
vt 0.714286 0.142857
vt 0.785714 0.142857
vt 0.857143 0.142857
vt 0.928572 0.142857
vt 1.000000 0.142857
vt 0.000000 0.000000
vt 0.071429 0.000000
vt 0.142857 0.000000
vt 0.214286 0.000000
vt 0.285714 0.000000
vt 0.357143 0.000000
vt 0.428571 0.000000
vt 0.500000 0.000000
vt 0.571429 0.000000
vt 0.642857 0.000000
vt 0.714286 0.000000
vt 0.785714 0.000000
vt 0.857143 0.000000
vt 0.928572 0.000000
vt 0.000000 1.000000
vt 0.000000 0.857143
vt 0.071429 0.857143
vt 0.071429 1.000000
vt 0.142857 0.857143
vt 0.142857 1.000000
vt 0.214286 0.857143
vt 0.214286 1.000000
vt 0.285714 0.857143
vt 0.285714 1.000000
vt 0.357143 0.857143
vt 0.357143 1.000000
vt 0.428571 0.857143
vt 0.428571 1.000000
vt 0.500000 0.857143
vt 0.500000 1.000000
vt 0.571429 0.857143
vt 0.571429 1.000000
vt 0.642857 0.857143
vt 0.642857 1.000000
vt 0.714286 0.857143
vt 0.714286 1.000000
vt 0.785714 0.857143
vt 0.785714 1.000000
vt 0.857143 0.857143
vt 0.857143 1.000000
vt 0.928572 0.857143
vt 0.928572 1.000000
vt 1.000000 0.857143
vt 0.071429 0.714286
vt 0.000000 0.714286
vt 0.142857 0.714286
vt 0.214286 0.714286
vt 0.285714 0.714286
vt 0.357143 0.714286
vt 0.428571 0.714286
vt 0.500000 0.714286
vt 0.571429 0.714286
vt 0.642857 0.714286
vt 0.714286 0.714286
vt 0.785714 0.714286
vt 0.857143 0.714286
vt 0.928572 0.714286
vt 1.000000 0.714286
vt 0.071429 0.571429
vt 0.000000 0.571429
vt 0.142857 0.571429
vt 0.214286 0.571429
vt 0.285714 0.571429
vt 0.357143 0.571429
vt 0.428571 0.571429
vt 0.500000 0.571429
vt 0.571429 0.571429
vt 0.642857 0.571429
vt 0.714286 0.571429
vt 0.785714 0.571429
vt 0.857143 0.571429
vt 0.928572 0.571429
vt 1.000000 0.571429
vt 0.071429 0.428571
vt 0.000000 0.428571
vt 0.142857 0.428571
vt 0.214286 0.428571
vt 0.285714 0.428571
vt 0.357143 0.428571
vt 0.428571 0.428571
vt 0.500000 0.428571
vt 0.571429 0.428571
vt 0.642857 0.428571
vt 0.714286 0.428571
vt 0.785714 0.428571
vt 0.857143 0.428571
vt 0.928572 0.428571
vt 1.000000 0.428571
vt 0.071429 0.285714
vt 0.000000 0.285714
vt 0.142857 0.285714
vt 0.214286 0.285714
vt 0.285714 0.285714
vt 0.357143 0.285714
vt 0.428571 0.285714
vt 0.500000 0.285714
vt 0.571429 0.285714
vt 0.642857 0.285714
vt 0.714286 0.285714
vt 0.785714 0.285714
vt 0.857143 0.285714
vt 0.928572 0.285714
vt 1.000000 0.285714
vt 0.071429 0.142857
vt 0.000000 0.142857
vt 0.142857 0.142857
vt 0.214286 0.142857
vt 0.285714 0.142857
vt 0.357143 0.142857
vt 0.428571 0.142857
vt 0.500000 0.142857
vt 0.571429 0.142857
vt 0.642857 0.142857
vt 0.714286 0.142857
vt 0.785714 0.142857
vt 0.857143 0.142857
vt 0.928572 0.142857
vt 1.000000 0.142857
vt 0.000000 0.000000
vt 0.071429 0.000000
vt 0.142857 0.000000
vt 0.214286 0.000000
vt 0.285714 0.000000
vt 0.357143 0.000000
vt 0.428571 0.000000
vt 0.500000 0.000000
vt 0.571429 0.000000
vt 0.642857 0.000000
vt 0.714286 0.000000
vt 0.785714 0.000000
vt 0.857143 0.000000
vt 0.928572 0.000000
vt 0.121885 0.000000
vt 0.050000 0.000000
vt 0.150000 0.000000
vt 0.383688 0.000000
vt 0.661803 0.000000
vt 0.878115 0.000000
vt 0.950000 0.000000
vt 0.850000 0.000000
vt 0.750000 0.000000
vt 0.338197 0.000000
vt 0.750000 0.000000
vt 0.850000 0.000000
vt 0.850000 0.815142
vt 0.750000 0.815142
vt 0.950000 0.000000
vt 0.950000 0.815142
vt -0.050000 0.000000
vt 0.050000 0.000000
vt 0.050000 0.815142
vt -0.050000 0.815142
vt 0.150000 0.000000
vt 0.150000 0.815142
vt 0.250000 0.000000
vt 0.250000 0.815142
vt 0.350000 0.000000
vt 0.350000 0.815142
vt 0.450000 0.000000
vt 0.450000 0.815142
vt 0.550000 0.000000
vt 0.550000 0.815142
vt 0.650000 0.000000
vt 0.650000 0.815142
vt 0.576544 1.000000
vt 0.850000 1.000000
vt 0.698035 1.000000
vt 0.666400 1.000000
vt 0.571206 1.000000
vt 0.448814 1.000000
vt 0.345973 1.000000
vt 0.301965 0.999999
vt 0.333600 1.000000
vt 0.022428 0.999999
vt 0.692181 0.876761
vt 0.850000 0.876761
vt 0.866012 0.876761
vt 0.899335 1.219038
vt 0.999986 1.328557
vt 0.870566 1.340651
vt 0.802511 1.227101
vt 0.877040 1.372431
vt 0.982360 1.558646
vt 0.686161 1.575439
vt 0.647843 1.383626
vt 0.712087 1.387273
vt 0.782527 1.580910
vt 0.431482 1.596241
vt 0.437260 1.397494
vt 0.467308 1.257421
vt 0.476556 1.386131
vt 0.203701 1.394364
vt 0.251125 1.262909
vt 0.245790 1.058626
vt 0.195698 1.087939
vt 0.095698 1.087938
vt 0.164454 1.058625
vt 0.100666 0.780961
vt 0.000016 0.671442
vt 0.129436 0.659348
vt 0.197491 0.772899
vt 0.819500 3.134591
vt 1.062450 4.201886
vt 0.804733 4.306037
vt 0.543965 3.204024
vt 0.440810 0.876761
vt 0.634362 0.938381
vt 0.850000 0.938381
vt 0.782023 0.938381
vt 0.798685 1.109519
vt 0.734456 1.113550
vt 0.771720 1.186215
vt 0.609524 1.191813
vt 0.641647 1.193637
vt 0.443037 1.198747
vt 0.458061 1.128710
vt 0.298549 1.131455
vt 0.295881 1.029313
vt 0.233209 1.029312
vt 0.201315 0.890480
vt 0.265545 0.886449
vt 0.576550 2.067296
vt 0.283196 2.102012
vt 0.231619 0.938380
vt 0.000000 1.000000
vt 0.000000 0.857143
vt 0.071429 0.857143
vt 0.071429 1.000000
vt 0.142857 0.857143
vt 0.142857 1.000000
vt 0.214286 0.857143
vt 0.214286 1.000000
vt 0.285714 0.857143
vt 0.285714 1.000000
vt 0.357143 0.857143
vt 0.357143 1.000000
vt 0.428571 0.857143
vt 0.428571 1.000000
vt 0.500000 0.857143
vt 0.500000 1.000000
vt 0.571429 0.857143
vt 0.571429 1.000000
vt 0.642857 0.857143
vt 0.642857 1.000000
vt 0.714286 0.857143
vt 0.714286 1.000000
vt 0.785714 0.857143
vt 0.785714 1.000000
vt 0.857143 0.857143
vt 0.857143 1.000000
vt 0.928572 0.857143
vt 0.928572 1.000000
vt 1.000000 0.857143
vt 0.071429 0.714286
vt 0.000000 0.714286
vt 0.142857 0.714286
vt 0.214286 0.714286
vt 0.285714 0.714286
vt 0.357143 0.714286
vt 0.428571 0.714286
vt 0.500000 0.714286
vt 0.571429 0.714286
vt 0.642857 0.714286
vt 0.714286 0.714286
vt 0.785714 0.714286
vt 0.857143 0.714286
vt 0.928572 0.714286
vt 1.000000 0.714286
vt 0.071429 0.571429
vt 0.000000 0.571429
vt 0.142857 0.571429
vt 0.214286 0.571429
vt 0.285714 0.571429
vt 0.357143 0.571429
vt 0.428571 0.571429
vt 0.500000 0.571429
vt 0.571429 0.571429
vt 0.642857 0.571429
vt 0.714286 0.571429
vt 0.785714 0.571429
vt 0.857143 0.571429
vt 0.928572 0.571429
vt 1.000000 0.571429
vt 0.071429 0.428571
vt 0.000000 0.428571
vt 0.142857 0.428571
vt 0.214286 0.428571
vt 0.285714 0.428571
vt 0.357143 0.428571
vt 0.428571 0.428571
vt 0.500000 0.428571
vt 0.571429 0.428571
vt 0.642857 0.428571
vt 0.714286 0.428571
vt 0.785714 0.428571
vt 0.857143 0.428571
vt 0.928572 0.428571
vt 1.000000 0.428571
vt 0.071429 0.285714
vt 0.000000 0.285714
vt 0.142857 0.285714
vt 0.214286 0.285714
vt 0.285714 0.285714
vt 0.357143 0.285714
vt 0.428571 0.285714
vt 0.500000 0.285714
vt 0.571429 0.285714
vt 0.642857 0.285714
vt 0.714286 0.285714
vt 0.785714 0.285714
vt 0.857143 0.285714
vt 0.928572 0.285714
vt 1.000000 0.285714
vt 0.071429 0.142857
vt 0.000000 0.142857
vt 0.142857 0.142857
vt 0.214286 0.142857
vt 0.285714 0.142857
vt 0.357143 0.142857
vt 0.428571 0.142857
vt 0.500000 0.142857
vt 0.571429 0.142857
vt 0.642857 0.142857
vt 0.714286 0.142857
vt 0.785714 0.142857
vt 0.857143 0.142857
vt 0.928572 0.142857
vt 1.000000 0.142857
vt 0.000000 0.000000
vt 0.071429 0.000000
vt 0.142857 0.000000
vt 0.214286 0.000000
vt 0.285714 0.000000
vt 0.357143 0.000000
vt 0.428571 0.000000
vt 0.500000 0.000000
vt 0.571429 0.000000
vt 0.642857 0.000000
vt 0.714286 0.000000
vt 0.785714 0.000000
vt 0.857143 0.000000
vt 0.928572 0.000000
vt 0.000000 1.000000
vt 0.000000 0.857143
vt 0.071429 0.857143
vt 0.071429 1.000000
vt 0.142857 0.857143
vt 0.142857 1.000000
vt 0.214286 0.857143
vt 0.214286 1.000000
vt 0.285714 0.857143
vt 0.285714 1.000000
vt 0.357143 0.857143
vt 0.357143 1.000000
vt 0.428571 0.857143
vt 0.428571 1.000000
vt 0.500000 0.857143
vt 0.500000 1.000000
vt 0.571429 0.857143
vt 0.571429 1.000000
vt 0.642857 0.857143
vt 0.642857 1.000000
vt 0.714286 0.857143
vt 0.714286 1.000000
vt 0.785714 0.857143
vt 0.785714 1.000000
vt 0.857143 0.857143
vt 0.857143 1.000000
vt 0.928572 0.857143
vt 0.928572 1.000000
vt 1.000000 0.857143
vt 0.071429 0.714286
vt 0.000000 0.714286
vt 0.142857 0.714286
vt 0.214286 0.714286
vt 0.285714 0.714286
vt 0.357143 0.714286
vt 0.428571 0.714286
vt 0.500000 0.714286
vt 0.571429 0.714286
vt 0.642857 0.714286
vt 0.714286 0.714286
vt 0.785714 0.714286
vt 0.857143 0.714286
vt 0.928572 0.714286
vt 1.000000 0.714286
vt 0.071429 0.571429
vt 0.000000 0.571429
vt 0.142857 0.571429
vt 0.214286 0.571429
vt 0.285714 0.571429
vt 0.357143 0.571429
vt 0.428571 0.571429
vt 0.500000 0.571429
vt 0.571429 0.571429
vt 0.642857 0.571429
vt 0.714286 0.571429
vt 0.785714 0.571429
vt 0.857143 0.571429
vt 0.928572 0.571429
vt 1.000000 0.571429
vt 0.071429 0.428571
vt 0.000000 0.428571
vt 0.142857 0.428571
vt 0.214286 0.428571
vt 0.285714 0.428571
vt 0.357143 0.428571
vt 0.428571 0.428571
vt 0.500000 0.428571
vt 0.571429 0.428571
vt 0.642857 0.428571
vt 0.714286 0.428571
vt 0.785714 0.428571
vt 0.857143 0.428571
vt 0.928572 0.428571
vt 1.000000 0.428571
vt 0.071429 0.285714
vt 0.000000 0.285714
vt 0.142857 0.285714
vt 0.214286 0.285714
vt 0.285714 0.285714
vt 0.357143 0.285714
vt 0.428571 0.285714
vt 0.500000 0.285714
vt 0.571429 0.285714
vt 0.642857 0.285714
vt 0.714286 0.285714
vt 0.785714 0.285714
vt 0.857143 0.285714
vt 0.928572 0.285714
vt 1.000000 0.285714
vt 0.071429 0.142857
vt 0.000000 0.142857
vt 0.142857 0.142857
vt 0.214286 0.142857
vt 0.285714 0.142857
vt 0.357143 0.142857
vt 0.428571 0.142857
vt 0.500000 0.142857
vt 0.571429 0.142857
vt 0.642857 0.142857
vt 0.714286 0.142857
vt 0.785714 0.142857
vt 0.857143 0.142857
vt 0.928572 0.142857
vt 1.000000 0.142857
vt 0.000000 0.000000
vt 0.071429 0.000000
vt 0.142857 0.000000
vt 0.214286 0.000000
vt 0.285714 0.000000
vt 0.357143 0.000000
vt 0.428571 0.000000
vt 0.500000 0.000000
vt 0.571429 0.000000
vt 0.642857 0.000000
vt 0.714286 0.000000
vt 0.785714 0.000000
vt 0.857143 0.000000
vt 0.928572 0.000000
vt 0.121885 0.000000
vt 0.050000 0.000000
vt 0.150000 0.000000
vt 0.383688 0.000000
vt 0.661803 0.000000
vt 0.878115 0.000000
vt 0.950000 0.000000
vt 0.850000 0.000000
vt 0.750000 0.000000
vt 0.338197 0.000000
vt 0.750000 0.000000
vt 0.850000 0.000000
vt 0.850000 0.815142
vt 0.750000 0.815142
vt 0.950000 0.000000
vt 0.950000 0.815142
vt -0.050000 0.000000
vt 0.050000 0.000000
vt 0.050000 0.815142
vt -0.050000 0.815142
vt 0.150000 0.000000
vt 0.150000 0.815142
vt 0.250000 0.000000
vt 0.250000 0.815142
vt 0.350000 0.000000
vt 0.350000 0.815142
vt 0.450000 0.000000
vt 0.450000 0.815142
vt 0.550000 0.000000
vt 0.550000 0.815142
vt 0.650000 0.000000
vt 0.650000 0.815142
vt 0.576544 1.000000
vt 0.850000 1.000000
vt 0.698035 1.000000
vt 0.666400 1.000000
vt 0.571206 1.000000
vt 0.448814 1.000000
vt 0.345973 1.000000
vt 0.301965 0.999999
vt 0.333600 1.000000
vt 0.022428 0.999999
vt 0.692181 0.876761
vt 0.850000 0.876761
vt 0.866012 0.876761
vt 0.899335 1.219038
vt 0.999986 1.328557
vt 0.870566 1.340651
vt 0.802511 1.227101
vt 0.877040 1.372431
vt 0.982360 1.558646
vt 0.686161 1.575439
vt 0.647843 1.383626
vt 0.712087 1.387273
vt 0.782527 1.580910
vt 0.431482 1.596241
vt 0.437260 1.397494
vt 0.467308 1.257421
vt 0.476556 1.386131
vt 0.203701 1.394364
vt 0.251125 1.262909
vt 0.245790 1.058626
vt 0.195698 1.087939
vt 0.095698 1.087938
vt 0.164454 1.058625
vt 0.100666 0.780961
vt 0.000016 0.671442
vt 0.129436 0.659348
vt 0.197491 0.772899
vt 0.819500 3.134591
vt 1.062450 4.201886
vt 0.804733 4.306037
vt 0.543965 3.204024
vt 0.440810 0.876761
vt 0.634362 0.938381
vt 0.850000 0.938381
vt 0.782023 0.938381
vt 0.798685 1.109519
vt 0.734456 1.113550
vt 0.771720 1.186215
vt 0.609524 1.191813
vt 0.641647 1.193637
vt 0.443037 1.198747
vt 0.458061 1.128710
vt 0.298549 1.131455
vt 0.295881 1.029313
vt 0.233209 1.029312
vt 0.201315 0.890480
vt 0.265545 0.886449
vt 0.576550 2.067296
vt 0.283196 2.102012
vt 0.231619 0.938380
vt 0.000000 1.000000
vt 0.000000 0.857143
vt 0.071429 0.857143
vt 0.071429 1.000000
vt 0.142857 0.857143
vt 0.142857 1.000000
vt 0.214286 0.857143
vt 0.214286 1.000000
vt 0.285714 0.857143
vt 0.285714 1.000000
vt 0.357143 0.857143
vt 0.357143 1.000000
vt 0.428571 0.857143
vt 0.428571 1.000000
vt 0.500000 0.857143
vt 0.500000 1.000000
vt 0.571429 0.857143
vt 0.571429 1.000000
vt 0.642857 0.857143
vt 0.642857 1.000000
vt 0.714286 0.857143
vt 0.714286 1.000000
vt 0.785714 0.857143
vt 0.785714 1.000000
vt 0.857143 0.857143
vt 0.857143 1.000000
vt 0.928572 0.857143
vt 0.928572 1.000000
vt 1.000000 0.857143
vt 0.071429 0.714286
vt 0.000000 0.714286
vt 0.142857 0.714286
vt 0.214286 0.714286
vt 0.285714 0.714286
vt 0.357143 0.714286
vt 0.428571 0.714286
vt 0.500000 0.714286
vt 0.571429 0.714286
vt 0.642857 0.714286
vt 0.714286 0.714286
vt 0.785714 0.714286
vt 0.857143 0.714286
vt 0.928572 0.714286
vt 1.000000 0.714286
vt 0.071429 0.571429
vt 0.000000 0.571429
vt 0.142857 0.571429
vt 0.214286 0.571429
vt 0.285714 0.571429
vt 0.357143 0.571429
vt 0.428571 0.571429
vt 0.500000 0.571429
vt 0.571429 0.571429
vt 0.642857 0.571429
vt 0.714286 0.571429
vt 0.785714 0.571429
vt 0.857143 0.571429
vt 0.928572 0.571429
vt 1.000000 0.571429
vt 0.071429 0.428571
vt 0.000000 0.428571
vt 0.142857 0.428571
vt 0.214286 0.428571
vt 0.285714 0.428571
vt 0.357143 0.428571
vt 0.428571 0.428571
vt 0.500000 0.428571
vt 0.571429 0.428571
vt 0.642857 0.428571
vt 0.714286 0.428571
vt 0.785714 0.428571
vt 0.857143 0.428571
vt 0.928572 0.428571
vt 1.000000 0.428571
vt 0.071429 0.285714
vt 0.000000 0.285714
vt 0.142857 0.285714
vt 0.214286 0.285714
vt 0.285714 0.285714
vt 0.357143 0.285714
vt 0.428571 0.285714
vt 0.500000 0.285714
vt 0.571429 0.285714
vt 0.642857 0.285714
vt 0.714286 0.285714
vt 0.785714 0.285714
vt 0.857143 0.285714
vt 0.928572 0.285714
vt 1.000000 0.285714
vt 0.071429 0.142857
vt 0.000000 0.142857
vt 0.142857 0.142857
vt 0.214286 0.142857
vt 0.285714 0.142857
vt 0.357143 0.142857
vt 0.428571 0.142857
vt 0.500000 0.142857
vt 0.571429 0.142857
vt 0.642857 0.142857
vt 0.714286 0.142857
vt 0.785714 0.142857
vt 0.857143 0.142857
vt 0.928572 0.142857
vt 1.000000 0.142857
vt 0.000000 0.000000
vt 0.071429 0.000000
vt 0.142857 0.000000
vt 0.214286 0.000000
vt 0.285714 0.000000
vt 0.357143 0.000000
vt 0.428571 0.000000
vt 0.500000 0.000000
vt 0.571429 0.000000
vt 0.642857 0.000000
vt 0.714286 0.000000
vt 0.785714 0.000000
vt 0.857143 0.000000
vt 0.928572 0.000000
vn 0.000000 0.000000 -1.000000
vn 0.000000 0.000000 -1.000000
vn 0.000000 0.000000 -1.000000
vn 0.000000 0.000000 -1.000000
vn 0.000000 0.000000 -1.000000
vn 0.000000 0.000000 -1.000000
vn 0.000000 0.000000 -1.000000
vn 0.000000 0.000000 -1.000000
vn 0.000000 0.000000 -1.000000
vn 0.000000 0.000000 -1.000000
vn 0.000000 0.000000 -1.000000
vn 0.000000 0.000000 -1.000000
vn 0.000000 0.000000 1.000000
vn 0.000000 0.000000 1.000000
vn 0.000000 0.000000 1.000000
vn 0.000000 0.000000 1.000000
vn 0.000000 0.000000 1.000000
vn 0.000000 0.000000 1.000000
vn 0.000000 0.000000 1.000000
vn 0.000000 0.000000 1.000000
vn 0.000000 0.000000 1.000000
vn 0.000000 0.000000 1.000000
vn 0.000000 0.000000 1.000000
vn 0.000000 0.000000 1.000000
vn -0.070889 -0.997484 0.000000
vn 0.000000 -1.000000 0.000000
vn 0.000000 -1.000000 0.000000
vn -0.070889 -0.997484 0.000000
vn 1.000000 0.000000 0.000000
vn 1.000000 0.000000 0.000000
vn 1.000000 0.000000 0.000000
vn 1.000000 0.000000 0.000000
vn 0.000000 1.000000 0.000000
vn -0.070889 0.997484 0.000000
vn -0.070889 0.997484 0.000000
vn 0.000000 1.000000 0.000000
vn -0.987742 0.156094 0.000000
vn -0.987589 -0.157057 0.000000
vn -0.987589 -0.157057 0.000000
vn -0.987742 0.156094 0.000000
vn -0.298471 -0.954419 0.000000
vn -0.070889 -0.997484 0.000000
vn -0.070889 -0.997484 0.000000
vn -0.298471 -0.954419 0.000000
vn -0.316778 0.948500 0.000000
vn -0.070889 0.997484 0.000000
vn -0.070889 0.997484 0.000000
vn -0.316778 0.948500 0.000000
vn -0.587444 -0.809265 0.000000
vn -0.587444 -0.809265 0.000000
vn -0.855535 -0.517745 0.000000
vn -0.855535 -0.517745 0.000000
vn -0.636318 0.771427 0.000000
vn -0.636318 0.771427 0.000000
vn -0.874234 0.485505 0.000000
vn -0.874234 0.485505 0.000000
vn 0.000000 0.000000 -1.000000
vn 0.000000 0.000000 -1.000000
vn 0.000000 0.000000 -1.000000
vn 0.000000 0.000000 -1.000000
vn 0.000000 0.000000 -1.000000
vn 0.000000 0.000000 -1.000000
vn 0.000000 0.000000 -1.000000
vn 0.000000 0.000000 -1.000000
vn 0.000000 0.000000 -1.000000
vn 0.000000 0.000000 -1.000000
vn 0.816293 -0.571574 -0.083485
vn 0.996357 0.017391 -0.083484
vn 0.996357 0.017392 -0.083485
vn 0.816293 -0.571574 -0.083485
vn 0.795848 0.599714 -0.083484
vn 0.795848 0.599714 -0.083484
vn 0.795848 0.599714 -0.083484
vn 0.291351 0.952967 -0.083484
vn 0.291351 0.952966 -0.083484
vn 0.795848 0.599714 -0.083484
vn -0.324432 0.942218 -0.083485
vn -0.324432 0.942218 -0.083484
vn -0.816293 0.571574 -0.083485
vn -0.816292 0.571574 -0.083485
vn -0.996357 -0.017391 -0.083484
vn -0.996357 -0.017392 -0.083485
vn -0.795848 -0.599714 -0.083484
vn -0.795847 -0.599714 -0.083484
vn -0.291351 -0.952966 -0.083484
vn -0.291351 -0.952966 -0.083484
vn 0.324432 -0.942218 -0.083484
vn 0.324432 -0.942218 -0.083484
vn 0.000000 0.000000 1.000000
vn 0.000000 0.000000 1.000000
vn 0.000000 0.000000 1.000000
vn 0.000000 0.000000 1.000000
vn 0.000000 0.000000 1.000000
vn 0.000000 0.000000 1.000000
vn 0.000000 0.000000 1.000000
vn 0.000000 0.000000 1.000000
vn 0.000000 0.000000 1.000000
vn 0.000000 0.000000 1.000000
vn 0.000000 0.000000 -1.000000
vn 0.000000 0.000000 -1.000000
vn 0.000000 0.000000 -1.000000
vn 0.000000 0.000000 -1.000000
vn 0.000000 0.000000 -1.000000
vn 0.000000 0.000000 -1.000000
vn 0.000000 0.000000 -1.000000
vn 0.000000 0.000000 -1.000000
vn 0.000000 0.000000 -1.000000
vn 0.000000 0.000000 -1.000000
vn 0.000000 0.000000 -1.000000
vn 0.000000 0.000000 -1.000000
vn 0.000000 0.000000 1.000000
vn 0.000000 0.000000 1.000000
vn 0.000000 0.000000 1.000000
vn 0.000000 0.000000 1.000000
vn 0.000000 0.000000 1.000000
vn 0.000000 0.000000 1.000000
vn 0.000000 0.000000 1.000000
vn 0.000000 0.000000 1.000000
vn 0.000000 0.000000 1.000000
vn 0.000000 0.000000 1.000000
vn 0.000000 0.000000 1.000000
vn 0.000000 0.000000 1.000000
vn 0.961574 0.274545 0.000000
vn 0.939693 0.342020 0.000000
vn 0.939693 0.342020 0.000000
vn 0.961574 0.274545 0.000000
vn -0.342020 0.939693 0.000000
vn -0.342020 0.939693 0.000000
vn -0.342020 0.939693 0.000000
vn -0.342020 0.939693 0.000000
vn -0.939693 -0.342020 0.000000
vn -0.913083 -0.407774 0.000000
vn -0.913083 -0.407774 0.000000
vn -0.939693 -0.342020 0.000000
vn 0.191147 -0.981561 0.000000
vn 0.485362 -0.874314 0.000000
vn 0.485362 -0.874314 0.000000
vn 0.191147 -0.981561 0.000000
vn 0.998943 0.045958 0.000000
vn 0.961574 0.274545 0.000000
vn 0.961574 0.274545 0.000000
vn 0.998943 0.045958 0.000000
vn -0.782954 -0.622080 0.000000
vn -0.913083 -0.407774 0.000000
vn -0.913083 -0.407774 0.000000
vn -0.782954 -0.622080 0.000000
vn 0.961378 -0.275231 0.000000
vn 0.961378 -0.275231 0.000000
vn 0.779132 -0.626860 0.000000
vn 0.779132 -0.626860 0.000000
vn -0.507271 -0.861787 0.000000
vn -0.507271 -0.861787 0.000000
vn -0.157220 -0.987564 0.000000
vn -0.157220 -0.987564 0.000000
vn 0.000000 0.000000 -1.000000
vn 0.000000 0.000000 -1.000000
vn 0.000000 0.000000 -1.000000
vn 0.000000 0.000000 -1.000000
vn 0.000000 0.000000 -1.000000
vn 0.000000 0.000000 -1.000000
vn 0.000000 0.000000 -1.000000
vn 0.000000 0.000000 -1.000000
vn 0.000000 0.000000 -1.000000
vn 0.000000 0.000000 -1.000000
vn 0.816292 -0.571574 -0.083484
vn 0.996357 0.017391 -0.083484
vn 0.996357 0.017392 -0.083484
vn 0.816293 -0.571574 -0.083485
vn 0.795848 0.599714 -0.083484
vn 0.795848 0.599714 -0.083484
vn 0.795848 0.599714 -0.083484
vn 0.291351 0.952967 -0.083484
vn 0.291351 0.952966 -0.083484
vn 0.795848 0.599714 -0.083484
vn -0.324432 0.942218 -0.083484
vn -0.324432 0.942218 -0.083484
vn -0.816292 0.571574 -0.083484
vn -0.816293 0.571574 -0.083484
vn -0.996357 -0.017392 -0.083484
vn -0.996357 -0.017392 -0.083484
vn -0.795847 -0.599715 -0.083484
vn -0.795848 -0.599714 -0.083484
vn -0.291351 -0.952967 -0.083484
vn -0.291351 -0.952966 -0.083484
vn 0.324432 -0.942218 -0.083485
vn 0.324432 -0.942218 -0.083484
vn 0.000000 0.000000 1.000000
vn 0.000000 0.000000 1.000000
vn 0.000000 0.000000 1.000000
vn 0.000000 0.000000 1.000000
vn 0.000000 0.000000 1.000000
vn 0.000000 0.000000 1.000000
vn 0.000000 0.000000 1.000000
vn 0.000000 0.000000 1.000000
vn 0.000000 0.000000 1.000000
vn 0.000000 0.000000 1.000000
vn 0.000000 0.000000 -1.000000
vn 0.000000 0.000000 -1.000000
vn 0.000000 0.000000 -1.000000
vn 0.000000 0.000000 -1.000000
vn 0.000000 0.000000 -1.000000
vn 0.000000 0.000000 -1.000000
vn 0.000000 0.000000 -1.000000
vn 0.000000 0.000000 -1.000000
vn 0.000000 0.000000 -1.000000
vn 0.000000 0.000000 -1.000000
vn 0.816292 -0.571574 -0.083484
vn 0.996357 0.017391 -0.083484
vn 0.996357 0.017392 -0.083484
vn 0.816293 -0.571574 -0.083485
vn 0.795848 0.599714 -0.083484
vn 0.795848 0.599714 -0.083484
vn 0.795848 0.599714 -0.083484
vn 0.291350 0.952967 -0.083485
vn 0.291351 0.952967 -0.083484
vn 0.795848 0.599714 -0.083484
vn -0.324432 0.942218 -0.083485
vn -0.324432 0.942218 -0.083484
vn -0.816292 0.571574 -0.083485
vn -0.816292 0.571574 -0.083485
vn -0.996357 -0.017391 -0.083484
vn -0.996357 -0.017392 -0.083485
vn -0.795848 -0.599714 -0.083484
vn -0.795847 -0.599714 -0.083484
vn -0.291351 -0.952967 -0.083484
vn -0.291351 -0.952966 -0.083484
vn 0.324432 -0.942218 -0.083485
vn 0.324432 -0.942218 -0.083485
vn 0.000000 0.000000 1.000000
vn 0.000000 0.000000 1.000000
vn 0.000000 0.000000 1.000000
vn 0.000000 0.000000 1.000000
vn 0.000000 0.000000 1.000000
vn 0.000000 0.000000 1.000000
vn 0.000000 0.000000 1.000000
vn 0.000000 0.000000 1.000000
vn 0.000000 0.000000 1.000000
vn 0.000000 0.000000 1.000000
vn 0.000000 0.000000 -1.000000
vn 0.000000 0.000000 -1.000000
vn 0.000000 0.000000 -1.000000
vn 0.000000 0.000000 -1.000000
vn 0.000000 0.000000 -1.000000
vn 0.000000 0.000000 -1.000000
vn 0.000000 0.000000 -1.000000
vn 0.000000 0.000000 -1.000000
vn 0.000000 0.000000 -1.000000
vn 0.000000 0.000000 -1.000000
vn 0.000000 0.000000 -1.000000
vn 0.000000 0.000000 -1.000000
vn 0.000000 0.000000 1.000000
vn 0.000000 0.000000 1.000000
vn 0.000000 0.000000 1.000000
vn 0.000000 0.000000 1.000000
vn 0.000000 0.000000 1.000000
vn 0.000000 0.000000 1.000000
vn 0.000000 0.000000 1.000000
vn 0.000000 0.000000 1.000000
vn 0.000000 0.000000 1.000000
vn 0.000000 0.000000 1.000000
vn 0.000000 0.000000 1.000000
vn 0.000000 0.000000 1.000000
vn -0.961574 -0.274546 0.000000
vn -0.939693 -0.342020 0.000000
vn -0.939693 -0.342020 0.000000
vn -0.961574 -0.274546 0.000000
vn 0.342020 -0.939693 0.000000
vn 0.342020 -0.939693 0.000000
vn 0.342020 -0.939693 0.000000
vn 0.342020 -0.939693 0.000000
vn 0.939693 0.342020 0.000000
vn 0.913083 0.407774 0.000000
vn 0.913083 0.407774 0.000000
vn 0.939693 0.342020 0.000000
vn -0.191147 0.981562 0.000000
vn -0.485362 0.874313 0.000000
vn -0.485362 0.874313 0.000000
vn -0.191147 0.981562 0.000000
vn -0.998943 -0.045959 0.000000
vn -0.961574 -0.274546 0.000000
vn -0.961574 -0.274546 0.000000
vn -0.998943 -0.045959 0.000000
vn 0.782954 0.622080 0.000000
vn 0.913083 0.407774 0.000000
vn 0.913083 0.407774 0.000000
vn 0.782954 0.622080 0.000000
vn -0.961378 0.275232 0.000000
vn -0.961378 0.275232 0.000000
vn -0.779132 0.626861 0.000000
vn -0.779132 0.626861 0.000000
vn 0.507271 0.861786 0.000000
vn 0.507271 0.861786 0.000000
vn 0.157220 0.987564 0.000000
vn 0.157220 0.987564 0.000000
vn 0.000000 0.000000 -1.000000
vn 0.000000 0.000000 -1.000000
vn 0.000000 0.000000 -1.000000
vn 0.000000 0.000000 -1.000000
vn 0.000000 0.000000 -1.000000
vn 0.000000 0.000000 -1.000000
vn 0.000000 0.000000 -1.000000
vn 0.000000 0.000000 -1.000000
vn 0.000000 0.000000 -1.000000
vn 0.000000 0.000000 -1.000000
vn 0.000000 0.000000 -1.000000
vn 0.000000 0.000000 -1.000000
vn 0.000000 0.000000 1.000000
vn 0.000000 0.000000 1.000000
vn 0.000000 0.000000 1.000000
vn 0.000000 0.000000 1.000000
vn 0.000000 0.000000 1.000000
vn 0.000000 0.000000 1.000000
vn 0.000000 0.000000 1.000000
vn 0.000000 0.000000 1.000000
vn 0.000000 0.000000 1.000000
vn 0.000000 0.000000 1.000000
vn 0.000000 0.000000 1.000000
vn 0.000000 0.000000 1.000000
vn 0.070889 0.997484 0.000000
vn 0.000000 1.000000 0.000000
vn 0.000000 1.000000 0.000000
vn 0.070889 0.997484 0.000000
vn -1.000000 0.000000 0.000000
vn -1.000000 0.000000 0.000000
vn -1.000000 0.000000 0.000000
vn -1.000000 0.000000 0.000000
vn 0.000000 -1.000000 0.000000
vn 0.070889 -0.997484 0.000000
vn 0.070889 -0.997484 0.000000
vn 0.000000 -1.000000 0.000000
vn 0.987742 -0.156094 0.000000
vn 0.987590 0.157056 0.000000
vn 0.987590 0.157056 0.000000
vn 0.987742 -0.156094 0.000000
vn 0.298471 0.954419 0.000000
vn 0.070889 0.997484 0.000000
vn 0.070889 0.997484 0.000000
vn 0.298471 0.954419 0.000000
vn 0.316778 -0.948500 0.000000
vn 0.070889 -0.997484 0.000000
vn 0.070889 -0.997484 0.000000
vn 0.316778 -0.948500 0.000000
vn 0.587444 0.809265 0.000000
vn 0.587444 0.809265 0.000000
vn 0.855535 0.517745 0.000000
vn 0.855535 0.517745 0.000000
vn 0.636318 -0.771427 0.000000
vn 0.636318 -0.771427 0.000000
vn 0.874235 -0.485503 0.000000
vn 0.874235 -0.485503 0.000000
vn 0.000000 0.000000 -1.000000
vn 0.000000 0.000000 -1.000000
vn 0.000000 0.000000 -1.000000
vn 0.000000 0.000000 -1.000000
vn 0.000000 0.000000 -1.000000
vn 0.000000 0.000000 -1.000000
vn 0.000000 0.000000 -1.000000
vn 0.000000 0.000000 -1.000000
vn 0.000000 0.000000 -1.000000
vn 0.000000 0.000000 -1.000000
vn 0.816293 -0.571574 -0.083485
vn 0.996357 0.017391 -0.083485
vn 0.996357 0.017392 -0.083485
vn 0.816293 -0.571574 -0.083485
vn 0.795847 0.599714 -0.083485
vn 0.795847 0.599715 -0.083484
vn 0.795847 0.599714 -0.083485
vn 0.291351 0.952967 -0.083485
vn 0.291352 0.952966 -0.083484
vn 0.795847 0.599715 -0.083484
vn -0.324432 0.942218 -0.083485
vn -0.324432 0.942218 -0.083485
vn -0.816292 0.571575 -0.083485
vn -0.816293 0.571574 -0.083485
vn -0.996357 -0.017391 -0.083484
vn -0.996357 -0.017392 -0.083485
vn -0.795847 -0.599714 -0.083484
vn -0.795847 -0.599715 -0.083484
vn -0.291351 -0.952966 -0.083484
vn -0.291351 -0.952967 -0.083484
vn 0.324433 -0.942218 -0.083485
vn 0.324432 -0.942218 -0.083484
vn 0.000000 0.000000 1.000000
vn 0.000000 0.000000 1.000000
vn 0.000000 0.000000 1.000000
vn 0.000000 0.000000 1.000000
vn 0.000000 0.000000 1.000000
vn 0.000000 0.000000 1.000000
vn 0.000000 0.000000 1.000000
vn 0.000000 0.000000 1.000000
vn 0.000000 0.000000 1.000000
vn 0.000000 0.000000 1.000000
vn 0.709407 -0.496732 0.499999
vn 0.572167 -0.655359 0.493081
vn 0.735298 -0.662360 0.143583
vn 0.709407 -0.496732 0.499999
vn 0.780863 -0.624692 0.003581
vn 0.709407 -0.496732 0.499999
vn 0.806690 -0.588161 -0.057604
vn 0.709407 -0.496732 0.499999
vn 0.829053 -0.556164 -0.057901
vn 0.709407 -0.496732 0.499999
vn 0.853661 -0.520820 -0.003097
vn 0.709407 -0.496732 0.499999
vn 0.876520 -0.463868 0.128604
vn 0.709407 -0.496732 0.499999
vn 0.815401 -0.316229 0.484893
vn 0.709407 -0.496732 0.499999
vn 0.573457 -0.254041 0.778852
vn 0.709407 -0.496732 0.499999
vn 0.447895 -0.235693 0.862461
vn 0.709407 -0.496732 0.499999
vn 0.378908 -0.242006 0.893231
vn 0.709407 -0.496732 0.499999
vn 0.356293 -0.273827 0.893350
vn 0.709407 -0.496732 0.499999
vn 0.370419 -0.336290 0.865852
vn 0.709407 -0.496732 0.499999
vn 0.423867 -0.446674 0.787921
vn 0.709407 -0.496732 0.499999
vn 0.572167 -0.655359 0.493081
vn 0.554094 -0.796577 -0.241755
vn 0.184404 -0.899493 0.396115
vn 0.627442 -0.621310 -0.469351
vn 0.659963 -0.515257 -0.546772
vn 0.712241 -0.441962 -0.545328
vn 0.800572 -0.377329 -0.465518
vn 0.936013 -0.247795 -0.249956
vn 0.916145 0.128879 0.379564
vn 0.393509 0.133056 0.909641
vn 0.109007 0.105641 0.988412
vn -0.020446 0.067462 0.997512
vn -0.070740 -0.007223 0.997469
vn -0.059098 -0.141858 0.988121
vn 0.003415 -0.410003 0.912078
vn 0.184404 -0.899493 0.396115
vn 0.196018 -0.770934 -0.606002
vn -0.337148 -0.929323 0.150630
vn 0.386169 -0.506307 -0.771056
vn 0.461889 -0.387552 -0.797786
vn 0.524353 -0.300824 -0.796592
vn 0.614802 -0.190198 -0.765404
vn 0.796991 0.075420 -0.599263
vn 0.759623 0.633502 0.147134
vn 0.114706 0.553361 0.825006
vn -0.187646 0.367298 0.910978
vn -0.289810 0.267061 0.919070
vn -0.349680 0.178516 0.919704
vn -0.404932 0.043245 0.913324
vn -0.473084 -0.302225 0.827557
vn -0.337148 -0.929323 0.150630
vn -0.122193 -0.547920 -0.827558
vn -0.757968 -0.634661 -0.150633
vn 0.179131 -0.365721 -0.913324
vn 0.287347 -0.267536 -0.919704
vn 0.350076 -0.180992 -0.919070
vn 0.409326 -0.050706 -0.910978
vn 0.480758 0.297048 -0.825006
vn 0.335493 0.930482 -0.147134
vn -0.201715 0.774722 0.599264
vn -0.389002 0.512673 0.765404
vn -0.462021 0.389843 0.796592
vn -0.522155 0.301483 0.797786
vn -0.607851 0.189714 0.771056
vn -0.791483 -0.079478 0.606002
vn -0.757968 -0.634661 -0.150633
vn -0.386443 -0.137020 -0.912079
vn -0.908316 -0.134363 -0.396117
vn -0.113090 -0.104052 -0.988121
vn 0.017407 -0.068944 -0.997469
vn 0.070386 0.003860 -0.997512
vn 0.061989 0.138564 -0.988412
vn -0.009555 0.415286 -0.909641
vn -0.192233 0.904973 -0.379567
vn -0.552986 0.794815 0.249954
vn -0.628384 0.623237 0.465521
vn -0.658908 0.518128 0.545330
vn -0.709903 0.443935 0.546772
vn -0.798437 0.377103 0.469352
vn -0.938049 0.248232 0.241756
vn -0.908316 -0.134363 -0.396117
vn -0.564703 0.245532 -0.787925
vn -0.811527 0.313516 -0.493083
vn -0.442701 0.233064 -0.865851
vn -0.379171 0.241152 -0.893351
vn -0.357005 0.273287 -0.893231
vn -0.374665 0.340270 -0.862463
vn -0.434855 0.451986 -0.778852
vn -0.576040 0.658072 -0.484892
vn -0.735681 0.665007 -0.128605
vn -0.781380 0.624048 0.003099
vn -0.806175 0.588837 0.057901
vn -0.828593 0.556880 0.057605
vn -0.854089 0.520114 -0.003583
vn -0.873902 0.464415 -0.143578
vn -0.811527 0.313516 -0.493083
vn -0.709406 0.496732 -0.500001
vn -0.709406 0.496732 -0.500001
vn -0.709406 0.496732 -0.500001
vn -0.709406 0.496732 -0.500001
vn -0.709406 0.496732 -0.500001
vn -0.709406 0.496732 -0.500001
vn -0.709406 0.496732 -0.500001
vn -0.709406 0.496732 -0.500001
vn -0.709406 0.496732 -0.500001
vn -0.709406 0.496732 -0.500001
vn -0.709406 0.496732 -0.500001
vn -0.709406 0.496732 -0.500001
vn -0.709406 0.496732 -0.500001
vn -0.709406 0.496732 -0.500001
vn 0.000000 0.000000 -1.000000
vn 0.000000 0.000000 -1.000000
vn 0.000000 0.000000 -1.000000
vn 0.000000 0.000000 -1.000000
vn 0.000000 0.000000 -1.000000
vn 0.000000 0.000000 -1.000000
vn 0.000000 0.000000 -1.000000
vn 0.000000 0.000000 -1.000000
vn 0.000000 0.000000 -1.000000
vn 0.000000 0.000000 -1.000000
vn 0.819153 -0.573575 0.000000
vn 0.999848 0.017452 0.000000
vn 0.997868 0.017418 0.062904
vn 0.817529 -0.572441 0.062904
vn 0.798635 0.601815 0.000000
vn 0.797054 0.600624 0.062905
vn 0.798635 0.601815 0.000000
vn 0.292371 0.956305 0.000000
vn 0.291792 0.954411 0.062904
vn 0.797054 0.600624 0.062905
vn -0.325568 0.945518 0.000000
vn -0.324924 0.943646 0.062903
vn -0.819152 0.573576 0.000000
vn -0.817530 0.572441 0.062903
vn -0.999848 -0.017452 0.000000
vn -0.997868 -0.017418 0.062904
vn -0.798634 -0.601817 0.000000
vn -0.797053 -0.600625 0.062905
vn -0.292371 -0.956305 0.000000
vn -0.291790 -0.954412 0.062903
vn 0.325568 -0.945519 0.000000
vn 0.324922 -0.943647 0.062902
vn 0.147327 -0.103159 0.983694
vn 0.179825 0.003139 0.983694
vn 0.143637 0.108238 0.983694
vn 0.052585 0.171995 0.983693
vn -0.058554 0.170055 0.983694
vn -0.147326 0.103159 0.983694
vn -0.179826 -0.003138 0.983693
vn -0.143637 -0.108238 0.983693
vn -0.052584 -0.171994 0.983694
vn 0.058554 -0.170055 0.983694
vn 0.773693 -0.541744 0.328502
vn 0.944359 0.016485 0.328502
vn 0.754314 0.568417 0.328502
vn 0.754314 0.568417 0.328502
vn 0.797054 0.600624 0.062905
vn 0.291792 0.954411 0.062904
vn 0.276145 0.903233 0.328504
vn 0.276145 0.903233 0.328504
vn 0.291792 0.954411 0.062904
vn -0.324924 0.943646 0.062903
vn -0.307500 0.893046 0.328502
vn -0.307500 0.893046 0.328502
vn -0.324924 0.943646 0.062903
vn -0.817530 0.572441 0.062903
vn -0.773692 0.541745 0.328501
vn -0.773692 0.541745 0.328501
vn -0.817530 0.572441 0.062903
vn -0.997868 -0.017418 0.062904
vn -0.944360 -0.016484 0.328502
vn -0.944360 -0.016484 0.328502
vn -0.997868 -0.017418 0.062904
vn -0.797053 -0.600625 0.062905
vn -0.754314 -0.568417 0.328502
vn -0.754314 -0.568417 0.328502
vn -0.797053 -0.600625 0.062905
vn -0.291790 -0.954412 0.062903
vn -0.276147 -0.903234 0.328499
vn -0.276147 -0.903234 0.328499
vn -0.291790 -0.954412 0.062903
vn 0.324922 -0.943647 0.062902
vn 0.307499 -0.893046 0.328500
vn 0.307499 -0.893046 0.328500
vn 0.529337 -0.370647 0.763167
vn 0.646103 0.011279 0.763167
vn 0.516079 0.388894 0.763167
vn 0.516079 0.388894 0.763167
vn 0.188929 0.617963 0.763169
vn 0.188929 0.617963 0.763169
vn -0.210381 0.610996 0.763167
vn -0.210381 0.610996 0.763167
vn -0.529337 0.370645 0.763168
vn -0.529337 0.370645 0.763168
vn -0.646103 -0.011278 0.763167
vn -0.646103 -0.011278 0.763167
vn -0.516079 -0.388894 0.763167
vn -0.516079 -0.388894 0.763167
vn -0.188931 -0.617967 0.763166
vn -0.188931 -0.617967 0.763166
vn 0.210384 -0.610995 0.763167
vn 0.210384 -0.610995 0.763167
vn -0.709407 0.496732 0.499998
vn -0.572167 0.655359 0.493083
vn -0.735299 0.662360 0.143578
vn -0.709407 0.496732 0.499998
vn -0.780863 0.624692 0.003581
vn -0.709407 0.496732 0.499998
vn -0.806691 0.588160 -0.057606
vn -0.709407 0.496732 0.499998
vn -0.829054 0.556163 -0.057901
vn -0.709407 0.496732 0.499998
vn -0.853661 0.520820 -0.003098
vn -0.709407 0.496732 0.499998
vn -0.876520 0.463869 0.128602
vn -0.709407 0.496732 0.499998
vn -0.815402 0.316229 0.484890
vn -0.709407 0.496732 0.499998
vn -0.573456 0.254040 0.778853
vn -0.709407 0.496732 0.499998
vn -0.447893 0.235692 0.862462
vn -0.709407 0.496732 0.499998
vn -0.378908 0.242005 0.893231
vn -0.709407 0.496732 0.499998
vn -0.356293 0.273826 0.893350
vn -0.709407 0.496732 0.499998
vn -0.370421 0.336292 0.865850
vn -0.709407 0.496732 0.499998
vn -0.423865 0.446672 0.787923
vn -0.709407 0.496732 0.499998
vn -0.572167 0.655359 0.493083
vn -0.554094 0.796576 -0.241757
vn -0.184406 0.899493 0.396114
vn -0.627442 0.621309 -0.469351
vn -0.659964 0.515257 -0.546771
vn -0.712240 0.441962 -0.545329
vn -0.800572 0.377329 -0.465519
vn -0.936013 0.247794 -0.249954
vn -0.916144 -0.128879 0.379566
vn -0.393509 -0.133056 0.909641
vn -0.109007 -0.105642 0.988412
vn 0.020446 -0.067462 0.997512
vn 0.070740 0.007223 0.997469
vn 0.059098 0.141857 0.988121
vn -0.003416 0.410004 0.912078
vn -0.184406 0.899493 0.396114
vn -0.196019 0.770932 -0.606003
vn 0.337147 0.929324 0.150630
vn -0.386169 0.506307 -0.771056
vn -0.461889 0.387552 -0.797786
vn -0.524353 0.300823 -0.796592
vn -0.614801 0.190198 -0.765405
vn -0.796991 -0.075421 -0.599264
vn -0.759622 -0.633503 0.147134
vn -0.114706 -0.553360 0.825006
vn 0.187646 -0.367299 0.910978
vn 0.289810 -0.267061 0.919069
vn 0.349680 -0.178515 0.919705
vn 0.404932 -0.043244 0.913324
vn 0.473084 0.302224 0.827558
vn 0.337147 0.929324 0.150630
vn 0.122192 0.547920 -0.827559
vn 0.757967 0.634662 -0.150633
vn -0.179132 0.365721 -0.913324
vn -0.287347 0.267536 -0.919705
vn -0.350076 0.180992 -0.919069
vn -0.409326 0.050706 -0.910978
vn -0.480757 -0.297048 -0.825006
vn -0.335492 -0.930482 -0.147135
vn 0.201715 -0.774721 0.599264
vn 0.389002 -0.512673 0.765405
vn 0.462021 -0.389844 0.796592
vn 0.522155 -0.301483 0.797786
vn 0.607851 -0.189713 0.771055
vn 0.791483 0.079477 0.606002
vn 0.757967 0.634662 -0.150633
vn 0.386443 0.137020 -0.912078
vn 0.908317 0.134362 -0.396116
vn 0.113089 0.104052 -0.988122
vn -0.017407 0.068944 -0.997469
vn -0.070386 -0.003860 -0.997512
vn -0.061989 -0.138563 -0.988412
vn 0.009556 -0.415287 -0.909640
vn 0.192232 -0.904973 -0.379567
vn 0.552985 -0.794815 0.249954
vn 0.628384 -0.623236 0.465522
vn 0.658908 -0.518128 0.545329
vn 0.709904 -0.443935 0.546771
vn 0.798438 -0.377102 0.469351
vn 0.938048 -0.248233 0.241758
vn 0.908317 0.134362 -0.396116
vn 0.564704 -0.245532 -0.787924
vn 0.811528 -0.313516 -0.493082
vn 0.442702 -0.233064 -0.865850
vn 0.379170 -0.241152 -0.893351
vn 0.357004 -0.273286 -0.893232
vn 0.374665 -0.340270 -0.862463
vn 0.434854 -0.451986 -0.778852
vn 0.576041 -0.658071 -0.484891
vn 0.735681 -0.665007 -0.128605
vn 0.781380 -0.624048 0.003100
vn 0.806176 -0.588836 0.057902
vn 0.828594 -0.556879 0.057605
vn 0.854090 -0.520113 -0.003584
vn 0.873902 -0.464414 -0.143579
vn 0.811528 -0.313516 -0.493082
vn 0.709407 -0.496732 -0.500000
vn 0.709407 -0.496732 -0.500000
vn 0.709407 -0.496732 -0.500000
vn 0.709407 -0.496732 -0.500000
vn 0.709407 -0.496732 -0.500000
vn 0.709407 -0.496732 -0.500000
vn 0.709407 -0.496732 -0.500000
vn 0.709407 -0.496732 -0.500000
vn 0.709407 -0.496732 -0.500000
vn 0.709407 -0.496732 -0.500000
vn 0.709407 -0.496732 -0.500000
vn 0.709407 -0.496732 -0.500000
vn 0.709407 -0.496732 -0.500000
vn 0.709407 -0.496732 -0.500000
vn -0.709407 0.496731 0.500000
vn -0.572171 0.655362 0.493073
vn -0.735298 0.662361 0.143580
vn -0.709407 0.496731 0.500000
vn -0.780862 0.624693 0.003587
vn -0.709407 0.496731 0.500000
vn -0.806691 0.588160 -0.057604
vn -0.709407 0.496731 0.500000
vn -0.829054 0.556163 -0.057901
vn -0.709407 0.496731 0.500000
vn -0.853661 0.520820 -0.003098
vn -0.709407 0.496731 0.500000
vn -0.876520 0.463868 0.128607
vn -0.709407 0.496731 0.500000
vn -0.815401 0.316229 0.484892
vn -0.709407 0.496731 0.500000
vn -0.573457 0.254041 0.778852
vn -0.709407 0.496731 0.500000
vn -0.447894 0.235693 0.862462
vn -0.709407 0.496731 0.500000
vn -0.378907 0.242005 0.893232
vn -0.709407 0.496731 0.500000
vn -0.356291 0.273824 0.893352
vn -0.709407 0.496731 0.500000
vn -0.370419 0.336289 0.865852
vn -0.709407 0.496731 0.500000
vn -0.423870 0.446675 0.787919
vn -0.709407 0.496731 0.500000
vn -0.572171 0.655362 0.493073
vn -0.554097 0.796573 -0.241761
vn -0.184407 0.899493 0.396113
vn -0.627442 0.621312 -0.469349
vn -0.659963 0.515257 -0.546772
vn -0.712242 0.441961 -0.545327
vn -0.800572 0.377328 -0.465519
vn -0.936012 0.247794 -0.249958
vn -0.916145 -0.128879 0.379563
vn -0.393509 -0.133058 0.909641
vn -0.109006 -0.105641 0.988412
vn 0.020446 -0.067461 0.997512
vn 0.070740 0.007222 0.997469
vn 0.059100 0.141856 0.988122
vn -0.003414 0.410002 0.912078
vn -0.184407 0.899493 0.396113
vn -0.196020 0.770932 -0.606004
vn 0.337148 0.929323 0.150630
vn -0.386169 0.506306 -0.771056
vn -0.461888 0.387552 -0.797787
vn -0.524353 0.300823 -0.796593
vn -0.614801 0.190198 -0.765405
vn -0.796991 -0.075420 -0.599265
vn -0.759621 -0.633504 0.147135
vn -0.114704 -0.553357 0.825008
vn 0.187646 -0.367299 0.910978
vn 0.289810 -0.267060 0.919070
vn 0.349679 -0.178515 0.919705
vn 0.404932 -0.043244 0.913324
vn 0.473085 0.302223 0.827558
vn 0.337148 0.929323 0.150630
vn 0.122192 0.547919 -0.827559
vn 0.757968 0.634661 -0.150633
vn -0.179133 0.365721 -0.913324
vn -0.287348 0.267536 -0.919704
vn -0.350076 0.180992 -0.919069
vn -0.409326 0.050706 -0.910978
vn -0.480758 -0.297048 -0.825006
vn -0.335491 -0.930482 -0.147135
vn 0.201716 -0.774721 0.599265
vn 0.389002 -0.512672 0.765405
vn 0.462021 -0.389844 0.796592
vn 0.522154 -0.301483 0.797787
vn 0.607851 -0.189712 0.771056
vn 0.791482 0.079478 0.606002
vn 0.757968 0.634661 -0.150633
vn 0.386442 0.137022 -0.912079
vn 0.908317 0.134362 -0.396115
vn 0.113089 0.104053 -0.988121
vn -0.017408 0.068944 -0.997469
vn -0.070386 -0.003860 -0.997512
vn -0.061990 -0.138563 -0.988412
vn 0.009557 -0.415286 -0.909641
vn 0.192232 -0.904972 -0.379568
vn 0.552986 -0.794814 0.249954
vn 0.628384 -0.623236 0.465522
vn 0.658908 -0.518128 0.545329
vn 0.709904 -0.443936 0.546770
vn 0.798439 -0.377102 0.469349
vn 0.938048 -0.248232 0.241758
vn 0.908317 0.134362 -0.396115
vn 0.564703 -0.245531 -0.787924
vn 0.811528 -0.313515 -0.493083
vn 0.442704 -0.233064 -0.865849
vn 0.379171 -0.241152 -0.893351
vn 0.357004 -0.273286 -0.893232
vn 0.374667 -0.340271 -0.862462
vn 0.434857 -0.451989 -0.778849
vn 0.576039 -0.658070 -0.484894
vn 0.735681 -0.665007 -0.128606
vn 0.781380 -0.624048 0.003103
vn 0.806176 -0.588836 0.057905
vn 0.828593 -0.556880 0.057606
vn 0.854090 -0.520114 -0.003585
vn 0.873902 -0.464414 -0.143578
vn 0.811528 -0.313515 -0.493083
vn 0.709408 -0.496732 -0.499998
vn 0.709408 -0.496732 -0.499998
vn 0.709408 -0.496732 -0.499998
vn 0.709408 -0.496732 -0.499998
vn 0.709408 -0.496732 -0.499998
vn 0.709408 -0.496732 -0.499998
vn 0.709408 -0.496732 -0.499998
vn 0.709408 -0.496732 -0.499998
vn 0.709408 -0.496732 -0.499998
vn 0.709408 -0.496732 -0.499998
vn 0.709408 -0.496732 -0.499998
vn 0.709408 -0.496732 -0.499998
vn 0.709408 -0.496732 -0.499998
vn 0.709408 -0.496732 -0.499998
vn 0.000000 0.000000 -1.000000
vn 0.000000 0.000000 -1.000000
vn 0.000000 0.000000 -1.000000
vn 0.000000 0.000000 -1.000000
vn 0.000000 0.000000 -1.000000
vn 0.000000 0.000000 -1.000000
vn 0.000000 0.000000 -1.000000
vn 0.000000 0.000000 -1.000000
vn 0.000000 0.000000 -1.000000
vn 0.000000 0.000000 -1.000000
vn 0.819152 -0.573577 0.000000
vn 0.999848 0.017452 0.000000
vn 0.997867 0.017418 0.062906
vn 0.817529 -0.572442 0.062903
vn 0.798635 0.601816 0.000000
vn 0.797053 0.600624 0.062904
vn 0.798635 0.601816 0.000000
vn 0.292371 0.956305 0.000000
vn 0.291792 0.954411 0.062903
vn 0.797053 0.600624 0.062904
vn -0.325568 0.945518 0.000000
vn -0.324924 0.943646 0.062903
vn -0.819152 0.573577 0.000000
vn -0.817530 0.572441 0.062905
vn -0.999848 -0.017452 0.000000
vn -0.997868 -0.017415 0.062904
vn -0.798636 -0.601815 0.000000
vn -0.797055 -0.600622 0.062906
vn -0.292371 -0.956305 0.000000
vn -0.291792 -0.954411 0.062908
vn 0.325569 -0.945518 0.000000
vn 0.324924 -0.943646 0.062905
vn 0.147327 -0.103159 0.983694
vn 0.179825 0.003138 0.983694
vn 0.143634 0.108238 0.983694
vn 0.052581 0.171995 0.983694
vn -0.058554 0.170056 0.983693
vn -0.147328 0.103163 0.983693
vn -0.179824 -0.003137 0.983694
vn -0.143640 -0.108242 0.983693
vn -0.052585 -0.171994 0.983694
vn 0.058556 -0.170051 0.983694
vn 0.773692 -0.541745 0.328502
vn 0.944359 0.016484 0.328502
vn 0.754315 0.568418 0.328497
vn 0.754315 0.568418 0.328497
vn 0.797053 0.600624 0.062904
vn 0.291792 0.954411 0.062903
vn 0.276142 0.903234 0.328503
vn 0.276142 0.903234 0.328503
vn 0.291792 0.954411 0.062903
vn -0.324924 0.943646 0.062903
vn -0.307502 0.893044 0.328505
vn -0.307502 0.893044 0.328505
vn -0.324924 0.943646 0.062903
vn -0.817530 0.572441 0.062905
vn -0.773693 0.541742 0.328504
vn -0.773693 0.541742 0.328504
vn -0.817530 0.572441 0.062905
vn -0.997868 -0.017415 0.062904
vn -0.944361 -0.016480 0.328498
vn -0.944361 -0.016480 0.328498
vn -0.997868 -0.017415 0.062904
vn -0.797055 -0.600622 0.062906
vn -0.754314 -0.568417 0.328500
vn -0.754314 -0.568417 0.328500
vn -0.797055 -0.600622 0.062906
vn -0.291792 -0.954411 0.062908
vn -0.276146 -0.903233 0.328502
vn -0.276146 -0.903233 0.328502
vn -0.291792 -0.954411 0.062908
vn 0.324924 -0.943646 0.062905
vn 0.307498 -0.893048 0.328499
vn 0.307498 -0.893048 0.328499
vn 0.529337 -0.370643 0.763169
vn 0.646105 0.011275 0.763165
vn 0.516081 0.388898 0.763164
vn 0.516081 0.388898 0.763164
vn 0.188922 0.617963 0.763171
vn 0.188922 0.617963 0.763171
vn -0.210386 0.610989 0.763171
vn -0.210386 0.610989 0.763171
vn -0.529336 0.370649 0.763167
vn -0.529336 0.370649 0.763167
vn -0.646107 -0.011277 0.763164
vn -0.646107 -0.011277 0.763164
vn -0.516078 -0.388898 0.763165
vn -0.516078 -0.388898 0.763165
vn -0.188934 -0.617967 0.763165
vn -0.188934 -0.617967 0.763165
vn 0.210379 -0.611000 0.763165
vn 0.210379 -0.611000 0.763165
vn 0.709407 -0.496732 0.500000
vn 0.572168 -0.655359 0.493081
vn 0.735299 -0.662361 0.143575
vn 0.709407 -0.496732 0.500000
vn 0.780863 -0.624693 0.003585
vn 0.709407 -0.496732 0.500000
vn 0.806691 -0.588160 -0.057604
vn 0.709407 -0.496732 0.500000
vn 0.829053 -0.556164 -0.057900
vn 0.709407 -0.496732 0.500000
vn 0.853661 -0.520820 -0.003098
vn 0.709407 -0.496732 0.500000
vn 0.876520 -0.463868 0.128606
vn 0.709407 -0.496732 0.500000
vn 0.815400 -0.316228 0.484894
vn 0.709407 -0.496732 0.500000
vn 0.573459 -0.254042 0.778850
vn 0.709407 -0.496732 0.500000
vn 0.447894 -0.235693 0.862461
vn 0.709407 -0.496732 0.500000
vn 0.378908 -0.242006 0.893231
vn 0.709407 -0.496732 0.500000
vn 0.356293 -0.273825 0.893351
vn 0.709407 -0.496732 0.500000
vn 0.370424 -0.336295 0.865848
vn 0.709407 -0.496732 0.500000
vn 0.423862 -0.446670 0.787926
vn 0.709407 -0.496732 0.500000
vn 0.572168 -0.655359 0.493081
vn 0.554094 -0.796575 -0.241760
vn 0.184405 -0.899494 0.396113
vn 0.627442 -0.621311 -0.469350
vn 0.659963 -0.515257 -0.546772
vn 0.712239 -0.441961 -0.545330
vn 0.800572 -0.377329 -0.465518
vn 0.936013 -0.247794 -0.249955
vn 0.916143 0.128879 0.379568
vn 0.393510 0.133056 0.909641
vn 0.109007 0.105641 0.988412
vn -0.020446 0.067462 0.997513
vn -0.070740 -0.007223 0.997469
vn -0.059097 -0.141859 0.988121
vn 0.003413 -0.410001 0.912079
vn 0.184405 -0.899494 0.396113
vn 0.196018 -0.770932 -0.606004
vn -0.337148 -0.929324 0.150629
vn 0.386169 -0.506308 -0.771055
vn 0.461889 -0.387552 -0.797786
vn 0.524353 -0.300824 -0.796592
vn 0.614802 -0.190198 -0.765404
vn 0.796990 0.075419 -0.599265
vn 0.759623 0.633502 0.147134
vn 0.114705 0.553361 0.825006
vn -0.187646 0.367299 0.910978
vn -0.289810 0.267061 0.919069
vn -0.349680 0.178515 0.919705
vn -0.404932 0.043245 0.913324
vn -0.473084 -0.302226 0.827557
vn -0.337148 -0.929324 0.150629
vn -0.122192 -0.547920 -0.827559
vn -0.757968 -0.634661 -0.150634
vn 0.179131 -0.365721 -0.913324
vn 0.287348 -0.267536 -0.919704
vn 0.350076 -0.180992 -0.919070
vn 0.409327 -0.050706 -0.910978
vn 0.480756 0.297047 -0.825007
vn 0.335493 0.930481 -0.147136
vn -0.201715 0.774722 0.599263
vn -0.389002 0.512673 0.765404
vn -0.462021 0.389844 0.796592
vn -0.522155 0.301483 0.797786
vn -0.607850 0.189714 0.771056
vn -0.791483 -0.079476 0.606002
vn -0.757968 -0.634661 -0.150634
vn -0.386443 -0.137020 -0.912079
vn -0.908316 -0.134363 -0.396117
vn -0.113089 -0.104052 -0.988121
vn 0.017407 -0.068944 -0.997469
vn 0.070386 0.003860 -0.997512
vn 0.061989 0.138564 -0.988412
vn -0.009555 0.415285 -0.909641
vn -0.192233 0.904973 -0.379566
vn -0.552985 0.794814 0.249956
vn -0.628384 0.623237 0.465521
vn -0.658908 0.518128 0.545329
vn -0.709903 0.443935 0.546772
vn -0.798436 0.377103 0.469354
vn -0.938049 0.248232 0.241756
vn -0.908316 -0.134363 -0.396117
vn -0.564706 0.245533 -0.787922
vn -0.811525 0.313513 -0.493089
vn -0.442701 0.233063 -0.865851
vn -0.379171 0.241153 -0.893350
vn -0.357004 0.273286 -0.893232
vn -0.374665 0.340270 -0.862463
vn -0.434852 0.451985 -0.778854
vn -0.576041 0.658071 -0.484891
vn -0.735681 0.665007 -0.128602
vn -0.781380 0.624048 0.003100
vn -0.806175 0.588837 0.057902
vn -0.828593 0.556880 0.057607
vn -0.854089 0.520115 -0.003580
vn -0.873902 0.464413 -0.143585
vn -0.811525 0.313513 -0.493089
vn -0.709407 0.496733 -0.499998
vn -0.709407 0.496733 -0.499998
vn -0.709407 0.496733 -0.499998
vn -0.709407 0.496733 -0.499998
vn -0.709407 0.496733 -0.499998
vn -0.709407 0.496733 -0.499998
vn -0.709407 0.496733 -0.499998
vn -0.709407 0.496733 -0.499998
vn -0.709407 0.496733 -0.499998
vn -0.709407 0.496733 -0.499998
vn -0.709407 0.496733 -0.499998
vn -0.709407 0.496733 -0.499998
vn -0.709407 0.496733 -0.499998
vn -0.709407 0.496733 -0.499998
vn 0.709408 -0.496733 0.499997
vn 0.572167 -0.655358 0.493082
vn 0.735298 -0.662360 0.143585
vn 0.709408 -0.496733 0.499997
vn 0.780863 -0.624692 0.003581
vn 0.709408 -0.496733 0.499997
vn 0.806691 -0.588160 -0.057605
vn 0.709408 -0.496733 0.499997
vn 0.829053 -0.556164 -0.057901
vn 0.709408 -0.496733 0.499997
vn 0.853661 -0.520820 -0.003096
vn 0.709408 -0.496733 0.499997
vn 0.876520 -0.463870 0.128596
vn 0.709408 -0.496733 0.499997
vn 0.815404 -0.316233 0.484885
vn 0.709408 -0.496733 0.499997
vn 0.573452 -0.254039 0.778856
vn 0.709408 -0.496733 0.499997
vn 0.447895 -0.235693 0.862461
vn 0.709408 -0.496733 0.499997
vn 0.378909 -0.242006 0.893231
vn 0.709408 -0.496733 0.499997
vn 0.356294 -0.273827 0.893350
vn 0.709408 -0.496733 0.499997
vn 0.370419 -0.336290 0.865852
vn 0.709408 -0.496733 0.499997
vn 0.423865 -0.446672 0.787923
vn 0.709408 -0.496733 0.499997
vn 0.572167 -0.655358 0.493082
vn 0.554095 -0.796576 -0.241755
vn 0.184404 -0.899492 0.396118
vn 0.627441 -0.621310 -0.469352
vn 0.659964 -0.515257 -0.546770
vn 0.712241 -0.441962 -0.545327
vn 0.800572 -0.377329 -0.465519
vn 0.936013 -0.247795 -0.249956
vn 0.916145 0.128879 0.379564
vn 0.393509 0.133056 0.909641
vn 0.109007 0.105641 0.988412
vn -0.020445 0.067461 0.997512
vn -0.070739 -0.007224 0.997469
vn -0.059095 -0.141860 0.988121
vn 0.003413 -0.410001 0.912079
vn 0.184404 -0.899492 0.396118
vn 0.196018 -0.770934 -0.606001
vn -0.337149 -0.929322 0.150634
vn 0.386169 -0.506306 -0.771056
vn 0.461888 -0.387552 -0.797786
vn 0.524354 -0.300824 -0.796592
vn 0.614802 -0.190199 -0.765404
vn 0.796990 0.075419 -0.599265
vn 0.759623 0.633503 0.147132
vn 0.114705 0.553363 0.825004
vn -0.187647 0.367298 0.910978
vn -0.289811 0.267061 0.919069
vn -0.349680 0.178516 0.919704
vn -0.404932 0.043244 0.913324
vn -0.473085 -0.302222 0.827559
vn -0.337149 -0.929322 0.150634
vn -0.122194 -0.547918 -0.827559
vn -0.757968 -0.634661 -0.150633
vn 0.179133 -0.365720 -0.913324
vn 0.287346 -0.267536 -0.919705
vn 0.350076 -0.180992 -0.919070
vn 0.409327 -0.050706 -0.910978
vn 0.480758 0.297046 -0.825006
vn 0.335495 0.930481 -0.147135
vn -0.201713 0.774722 0.599265
vn -0.389002 0.512673 0.765405
vn -0.462021 0.389844 0.796592
vn -0.522155 0.301484 0.797786
vn -0.607851 0.189713 0.771055
vn -0.791483 -0.079477 0.606002
vn -0.757968 -0.634661 -0.150633
vn -0.386445 -0.137019 -0.912078
vn -0.908316 -0.134361 -0.396117
vn -0.113088 -0.104053 -0.988121
vn 0.017405 -0.068943 -0.997469
vn 0.070385 0.003861 -0.997512
vn 0.061988 0.138565 -0.988411
vn -0.009556 0.415286 -0.909641
vn -0.192230 0.904974 -0.379564
vn -0.552984 0.794814 0.249958
vn -0.628384 0.623236 0.465523
vn -0.658907 0.518126 0.545332
vn -0.709903 0.443935 0.546772
vn -0.798437 0.377103 0.469353
vn -0.938049 0.248233 0.241754
vn -0.908316 -0.134361 -0.396117
vn -0.564704 0.245532 -0.787924
vn -0.811526 0.313514 -0.493087
vn -0.442704 0.233065 -0.865849
vn -0.379170 0.241152 -0.893351
vn -0.357005 0.273286 -0.893232
vn -0.374667 0.340271 -0.862462
vn -0.434853 0.451985 -0.778854
vn -0.576040 0.658070 -0.484895
vn -0.735681 0.665006 -0.128607
vn -0.781380 0.624048 0.003099
vn -0.806176 0.588837 0.057901
vn -0.828593 0.556880 0.057607
vn -0.854089 0.520114 -0.003584
vn -0.873902 0.464414 -0.143581
vn -0.811526 0.313514 -0.493087
vn -0.709406 0.496732 -0.500000
vn -0.709406 0.496732 -0.500000
vn -0.709406 0.496732 -0.500000
vn -0.709406 0.496732 -0.500000
vn -0.709406 0.496732 -0.500000
vn -0.709406 0.496732 -0.500000
vn -0.709406 0.496732 -0.500000
vn -0.709406 0.496732 -0.500000
vn -0.709406 0.496732 -0.500000
vn -0.709406 0.496732 -0.500000
vn -0.709406 0.496732 -0.500000
vn -0.709406 0.496732 -0.500000
vn -0.709406 0.496732 -0.500000
vn -0.709406 0.496732 -0.500000
vn -0.000001 -0.000002 -1.000000
vn -0.000010 -0.000007 -1.000000
vn -0.000002 0.000000 -1.000000
vn -0.000010 0.000007 -1.000000
vn -0.000001 0.000002 -1.000000
vn 0.000004 0.000012 -1.000000
vn 0.000002 0.000002 -1.000000
vn 0.000012 0.000000 -1.000000
vn 0.000002 -0.000001 -1.000000
vn 0.000004 -0.000012 -1.000000
vn 0.819152 -0.573576 0.000000
vn 0.999848 0.017449 0.000001
vn 0.997868 0.017415 0.062901
vn 0.817532 -0.572438 0.062906
vn 0.798635 0.601815 0.000000
vn 0.797055 0.600622 0.062908
vn 0.798635 0.601815 0.000000
vn 0.292371 0.956305 0.000000
vn 0.291793 0.954411 0.062909
vn 0.797055 0.600622 0.062908
vn -0.325571 0.945518 0.000000
vn -0.324925 0.943646 0.062905
vn -0.819153 0.573575 0.000000
vn -0.817531 0.572439 0.062903
vn -0.999848 -0.017452 0.000000
vn -0.997868 -0.017418 0.062902
vn -0.798635 -0.601816 0.000000
vn -0.797055 -0.600622 0.062902
vn -0.292374 -0.956304 0.000000
vn -0.291790 -0.954412 0.062902
vn 0.325567 -0.945519 0.000001
vn 0.324926 -0.943646 0.062901
vn 0.147325 -0.103160 0.983694
vn 0.179819 0.003140 0.983695
vn 0.143635 0.108239 0.983694
vn 0.052585 0.171993 0.983694
vn -0.058554 0.170051 0.983694
vn -0.147326 0.103159 0.983694
vn -0.179823 -0.003140 0.983694
vn -0.143638 -0.108235 0.983694
vn -0.052584 -0.171992 0.983694
vn 0.058557 -0.170048 0.983695
vn 0.773695 -0.541741 0.328500
vn 0.944361 0.016482 0.328496
vn 0.754310 0.568421 0.328503
vn 0.754310 0.568421 0.328503
vn 0.797055 0.600622 0.062908
vn 0.291793 0.954411 0.062909
vn 0.276147 0.903232 0.328504
vn 0.276147 0.903232 0.328504
vn 0.291793 0.954411 0.062909
vn -0.324925 0.943646 0.062905
vn -0.307497 0.893048 0.328499
vn -0.307497 0.893048 0.328499
vn -0.324925 0.943646 0.062905
vn -0.817531 0.572439 0.062903
vn -0.773692 0.541744 0.328502
vn -0.773692 0.541744 0.328502
vn -0.817531 0.572439 0.062903
vn -0.997868 -0.017418 0.062902
vn -0.944360 -0.016484 0.328500
vn -0.944360 -0.016484 0.328500
vn -0.997868 -0.017418 0.062902
vn -0.797055 -0.600622 0.062902
vn -0.754317 -0.568416 0.328497
vn -0.754317 -0.568416 0.328497
vn -0.797055 -0.600622 0.062902
vn -0.291790 -0.954412 0.062902
vn -0.276146 -0.903235 0.328498
vn -0.276146 -0.903235 0.328498
vn -0.291790 -0.954412 0.062902
vn 0.324926 -0.943646 0.062901
vn 0.307504 -0.893046 0.328497
vn 0.307504 -0.893046 0.328497
vn 0.529338 -0.370652 0.763164
vn 0.646104 0.011277 0.763167
vn 0.516080 0.388898 0.763165
vn 0.516080 0.388898 0.763165
vn 0.188934 0.617967 0.763165
vn 0.188934 0.617967 0.763165
vn -0.210382 0.610994 0.763168
vn -0.210382 0.610994 0.763168
vn -0.529337 0.370640 0.763170
vn -0.529337 0.370640 0.763170
vn -0.646102 -0.011277 0.763168
vn -0.646102 -0.011277 0.763168
vn -0.516083 -0.388895 0.763164
vn -0.516083 -0.388895 0.763164
vn -0.188932 -0.617965 0.763167
vn -0.188932 -0.617965 0.763167
vn 0.210390 -0.610991 0.763168
vn 0.210390 -0.610991 0.763168
vn -0.709407 0.496732 0.499999
vn -0.572163 0.655356 0.493091
vn -0.735296 0.662361 0.143588
vn -0.709407 0.496732 0.499999
vn -0.780863 0.624692 0.003583
vn -0.709407 0.496732 0.499999
vn -0.806691 0.588159 -0.057610
vn -0.709407 0.496732 0.499999
vn -0.829052 0.556165 -0.057905
vn -0.709407 0.496732 0.499999
vn -0.853661 0.520820 -0.003096
vn -0.709407 0.496732 0.499999
vn -0.876520 0.463865 0.128617
vn -0.709407 0.496732 0.499999
vn -0.815400 0.316227 0.484896
vn -0.709407 0.496732 0.499999
vn -0.573461 0.254044 0.778848
vn -0.709407 0.496732 0.499999
vn -0.447893 0.235693 0.862462
vn -0.709407 0.496732 0.499999
vn -0.378908 0.242005 0.893232
vn -0.709407 0.496732 0.499999
vn -0.356291 0.273823 0.893352
vn -0.709407 0.496732 0.499999
vn -0.370426 0.336297 0.865846
vn -0.709407 0.496732 0.499999
vn -0.423869 0.446676 0.787919
vn -0.709407 0.496732 0.499999
vn -0.572163 0.655356 0.493091
vn -0.554094 0.796576 -0.241756
vn -0.184405 0.899494 0.396112
vn -0.627442 0.621308 -0.469353
vn -0.659963 0.515255 -0.546773
vn -0.712238 0.441962 -0.545332
vn -0.800572 0.377328 -0.465520
vn -0.936013 0.247793 -0.249957
vn -0.916145 -0.128879 0.379564
vn -0.393511 -0.133056 0.909640
vn -0.109008 -0.105642 0.988411
vn 0.020446 -0.067462 0.997513
vn 0.070742 0.007221 0.997469
vn 0.059099 0.141857 0.988121
vn -0.003415 0.410003 0.912078
vn -0.184405 0.899494 0.396112
vn -0.196019 0.770932 -0.606003
vn 0.337147 0.929324 0.150629
vn -0.386169 0.506307 -0.771055
vn -0.461890 0.387552 -0.797785
vn -0.524354 0.300824 -0.796592
vn -0.614802 0.190197 -0.765404
vn -0.796991 -0.075420 -0.599264
vn -0.759621 -0.633504 0.147136
vn -0.114702 -0.553359 0.825007
vn 0.187647 -0.367299 0.910978
vn 0.289811 -0.267061 0.919069
vn 0.349680 -0.178516 0.919704
vn 0.404931 -0.043244 0.913324
vn 0.473085 0.302225 0.827557
vn 0.337147 0.929324 0.150629
vn 0.122192 0.547921 -0.827558
vn 0.757968 0.634661 -0.150634
vn -0.179131 0.365721 -0.913324
vn -0.287346 0.267535 -0.919705
vn -0.350076 0.180992 -0.919070
vn -0.409327 0.050705 -0.910978
vn -0.480757 -0.297047 -0.825006
vn -0.335491 -0.930482 -0.147136
vn 0.201716 -0.774719 0.599268
vn 0.389003 -0.512673 0.765404
vn 0.462020 -0.389842 0.796593
vn 0.522155 -0.301484 0.797786
vn 0.607851 -0.189715 0.771055
vn 0.791484 0.079480 0.606000
vn 0.757968 0.634661 -0.150634
vn 0.386447 0.137018 -0.912077
vn 0.908315 0.134363 -0.396118
vn 0.113089 0.104052 -0.988121
vn -0.017407 0.068944 -0.997469
vn -0.070387 -0.003860 -0.997512
vn -0.061990 -0.138564 -0.988412
vn 0.009556 -0.415290 -0.909639
vn 0.192230 -0.904971 -0.379573
vn 0.552985 -0.794816 0.249952
vn 0.628382 -0.623235 0.465526
vn 0.658908 -0.518128 0.545329
vn 0.709903 -0.443933 0.546773
vn 0.798436 -0.377104 0.469353
vn 0.938049 -0.248232 0.241752
vn 0.908315 0.134363 -0.396118
vn 0.564704 -0.245531 -0.787924
vn 0.811527 -0.313513 -0.493086
vn 0.442703 -0.233062 -0.865850
vn 0.379171 -0.241151 -0.893351
vn 0.357002 -0.273285 -0.893233
vn 0.374663 -0.340267 -0.862465
vn 0.434854 -0.451986 -0.778852
vn 0.576041 -0.658073 -0.484888
vn 0.735682 -0.665007 -0.128600
vn 0.781381 -0.624047 0.003111
vn 0.806175 -0.588837 0.057903
vn 0.828594 -0.556878 0.057610
vn 0.854089 -0.520114 -0.003574
vn 0.873902 -0.464415 -0.143575
vn 0.811527 -0.313513 -0.493086
vn 0.709408 -0.496733 -0.499996
vn 0.709408 -0.496733 -0.499996
vn 0.709408 -0.496733 -0.499996
vn 0.709408 -0.496733 -0.499996
vn 0.709408 -0.496733 -0.499996
vn 0.709408 -0.496733 -0.499996
vn 0.709408 -0.496733 -0.499996
vn 0.709408 -0.496733 -0.499996
vn 0.709408 -0.496733 -0.499996
vn 0.709408 -0.496733 -0.499996
vn 0.709408 -0.496733 -0.499996
vn 0.709408 -0.496733 -0.499996
vn 0.709408 -0.496733 -0.499996
vn 0.709408 -0.496733 -0.499996
vn 0.709406 -0.496733 0.499999
vn 0.572167 -0.655360 0.493081
vn 0.735299 -0.662360 0.143579
vn 0.709406 -0.496733 0.499999
vn 0.780863 -0.624692 0.003579
vn 0.709406 -0.496733 0.499999
vn 0.806690 -0.588161 -0.057605
vn 0.709406 -0.496733 0.499999
vn 0.829053 -0.556164 -0.057900
vn 0.709406 -0.496733 0.499999
vn 0.853661 -0.520821 -0.003100
vn 0.709406 -0.496733 0.499999
vn 0.876520 -0.463868 0.128603
vn 0.709406 -0.496733 0.499999
vn 0.815403 -0.316228 0.484890
vn 0.709406 -0.496733 0.499999
vn 0.573458 -0.254042 0.778851
vn 0.709406 -0.496733 0.499999
vn 0.447893 -0.235693 0.862462
vn 0.709406 -0.496733 0.499999
vn 0.378908 -0.242005 0.893232
vn 0.709406 -0.496733 0.499999
vn 0.356292 -0.273825 0.893351
vn 0.709406 -0.496733 0.499999
vn 0.370418 -0.336289 0.865852
vn 0.709406 -0.496733 0.499999
vn 0.423865 -0.446672 0.787923
vn 0.709406 -0.496733 0.499999
vn 0.572167 -0.655360 0.493081
vn 0.554094 -0.796577 -0.241755
vn 0.184404 -0.899494 0.396114
vn 0.627442 -0.621310 -0.469352
vn 0.659963 -0.515257 -0.546771
vn 0.712241 -0.441962 -0.545328
vn 0.800573 -0.377329 -0.465518
vn 0.936014 -0.247794 -0.249952
vn 0.916144 0.128878 0.379567
vn 0.393509 0.133057 0.909641
vn 0.109007 0.105642 0.988412
vn -0.020446 0.067461 0.997512
vn -0.070738 -0.007224 0.997469
vn -0.059097 -0.141858 0.988121
vn 0.003416 -0.410004 0.912077
vn 0.184404 -0.899494 0.396114
vn 0.196018 -0.770933 -0.606002
vn -0.337147 -0.929324 0.150631
vn 0.386170 -0.506307 -0.771056
vn 0.461888 -0.387552 -0.797787
vn 0.524352 -0.300823 -0.796593
vn 0.614801 -0.190198 -0.765405
vn 0.796991 0.075420 -0.599264
vn 0.759622 0.633503 0.147134
vn 0.114706 0.553361 0.825006
vn -0.187646 0.367299 0.910978
vn -0.289810 0.267061 0.919070
vn -0.349679 0.178515 0.919705
vn -0.404932 0.043244 0.913324
vn -0.473086 -0.302224 0.827557
vn -0.337147 -0.929324 0.150631
vn -0.122193 -0.547919 -0.827559
vn -0.757968 -0.634661 -0.150633
vn 0.179133 -0.365721 -0.913323
vn 0.287348 -0.267536 -0.919704
vn 0.350076 -0.180993 -0.919069
vn 0.409326 -0.050706 -0.910978
vn 0.480757 0.297048 -0.825006
vn 0.335492 0.930482 -0.147135
vn -0.201715 0.774722 0.599264
vn -0.389002 0.512673 0.765404
vn -0.462021 0.389844 0.796592
vn -0.522156 0.301484 0.797785
vn -0.607852 0.189714 0.771055
vn -0.791483 -0.079476 0.606002
vn -0.757968 -0.634661 -0.150633
vn -0.386443 -0.137020 -0.912079
vn -0.908316 -0.134362 -0.396117
vn -0.113091 -0.104052 -0.988121
vn 0.017408 -0.068944 -0.997469
vn 0.070387 0.003859 -0.997512
vn 0.061990 0.138564 -0.988412
vn -0.009555 0.415285 -0.909641
vn -0.192232 0.904973 -0.379567
vn -0.552985 0.794815 0.249955
vn -0.628384 0.623237 0.465521
vn -0.658909 0.518128 0.545327
vn -0.709904 0.443935 0.546771
vn -0.798437 0.377102 0.469352
vn -0.938048 0.248233 0.241758
vn -0.908316 -0.134362 -0.396117
vn -0.564701 0.245530 -0.787926
vn -0.811526 0.313513 -0.493088
vn -0.442699 0.233062 -0.865852
vn -0.379169 0.241151 -0.893352
vn -0.357004 0.273285 -0.893232
vn -0.374666 0.340271 -0.862463
vn -0.434853 0.451986 -0.778853
vn -0.576040 0.658070 -0.484893
vn -0.735681 0.665007 -0.128602
vn -0.781380 0.624048 0.003099
vn -0.806175 0.588837 0.057902
vn -0.828593 0.556880 0.057607
vn -0.854089 0.520114 -0.003582
vn -0.873902 0.464414 -0.143579
vn -0.811526 0.313513 -0.493088
vn -0.709407 0.496732 -0.499999
vn -0.709407 0.496732 -0.499999
vn -0.709407 0.496732 -0.499999
vn -0.709407 0.496732 -0.499999
vn -0.709407 0.496732 -0.499999
vn -0.709407 0.496732 -0.499999
vn -0.709407 0.496732 -0.499999
vn -0.709407 0.496732 -0.499999
vn -0.709407 0.496732 -0.499999
vn -0.709407 0.496732 -0.499999
vn -0.709407 0.496732 -0.499999
vn -0.709407 0.496732 -0.499999
vn -0.709407 0.496732 -0.499999
vn -0.709407 0.496732 -0.499999
vn -0.000002 0.000002 -1.000000
vn 0.000004 0.000005 -1.000000
vn -0.000001 0.000000 -1.000000
vn 0.000004 -0.000005 -1.000000
vn -0.000001 -0.000002 -1.000000
vn -0.000004 -0.000012 -1.000000
vn 0.000001 0.000000 -1.000000
vn 0.000006 0.000002 -1.000000
vn -0.000001 0.000001 -1.000000
vn -0.000004 0.000005 -1.000000
vn 0.819155 -0.573572 -0.000001
vn 0.999848 0.017453 -0.000001
vn 0.997868 0.017417 0.062904
vn 0.817531 -0.572439 0.062905
vn 0.798636 0.601815 0.000000
vn 0.797053 0.600624 0.062906
vn 0.798636 0.601815 0.000000
vn 0.292372 0.956305 0.000000
vn 0.291793 0.954411 0.062903
vn 0.797053 0.600624 0.062906
vn -0.325572 0.945517 0.000000
vn -0.324926 0.943645 0.062904
vn -0.819154 0.573573 -0.000001
vn -0.817531 0.572439 0.062901
vn -0.999848 -0.017451 -0.000001
vn -0.997868 -0.017417 0.062903
vn -0.798637 -0.601813 0.000000
vn -0.797053 -0.600624 0.062903
vn -0.292371 -0.956305 0.000000
vn -0.291792 -0.954411 0.062903
vn 0.325572 -0.945517 -0.000001
vn 0.324924 -0.943646 0.062904
vn 0.147327 -0.103162 0.983693
vn 0.179829 0.003146 0.983693
vn 0.143634 0.108237 0.983694
vn 0.052584 0.171992 0.983694
vn -0.058554 0.170051 0.983694
vn -0.147323 0.103155 0.983695
vn -0.179821 -0.003141 0.983694
vn -0.143634 -0.108238 0.983694
vn -0.052585 -0.171994 0.983694
vn 0.058553 -0.170061 0.983693
vn 0.773691 -0.541744 0.328505
vn 0.944359 0.016484 0.328503
vn 0.754313 0.568417 0.328502
vn 0.754313 0.568417 0.328502
vn 0.797053 0.600624 0.062906
vn 0.291793 0.954411 0.062903
vn 0.276148 0.903234 0.328499
vn 0.276148 0.903234 0.328499
vn 0.291793 0.954411 0.062903
vn -0.324926 0.943645 0.062904
vn -0.307501 0.893045 0.328504
vn -0.307501 0.893045 0.328504
vn -0.324926 0.943645 0.062904
vn -0.817531 0.572439 0.062901
vn -0.773692 0.541746 0.328499
vn -0.773692 0.541746 0.328499
vn -0.817531 0.572439 0.062901
vn -0.997868 -0.017417 0.062903
vn -0.944359 -0.016486 0.328502
vn -0.944359 -0.016486 0.328502
vn -0.997868 -0.017417 0.062903
vn -0.797053 -0.600624 0.062903
vn -0.754313 -0.568417 0.328503
vn -0.754313 -0.568417 0.328503
vn -0.797053 -0.600624 0.062903
vn -0.291792 -0.954411 0.062903
vn -0.276145 -0.903233 0.328503
vn -0.276145 -0.903233 0.328503
vn -0.291792 -0.954411 0.062903
vn 0.324924 -0.943646 0.062904
vn 0.307499 -0.893045 0.328503
vn 0.307499 -0.893045 0.328503
vn 0.529335 -0.370644 0.763169
vn 0.646103 0.011279 0.763167
vn 0.516078 0.388895 0.763167
vn 0.516078 0.388895 0.763167
vn 0.188932 0.617965 0.763167
vn 0.188932 0.617965 0.763167
vn -0.210379 0.610992 0.763171
vn -0.210379 0.610992 0.763171
vn -0.529335 0.370647 0.763169
vn -0.529335 0.370647 0.763169
vn -0.646100 -0.011278 0.763170
vn -0.646100 -0.011278 0.763170
vn -0.516075 -0.388894 0.763170
vn -0.516075 -0.388894 0.763170
vn -0.188932 -0.617963 0.763169
vn -0.188932 -0.617963 0.763169
vn 0.210380 -0.610995 0.763168
vn 0.210380 -0.610995 0.763168
vn -0.709406 0.496732 0.500001
vn -0.572167 0.655359 0.493082
vn -0.735298 0.662359 0.143587
vn -0.709406 0.496732 0.500001
vn -0.780864 0.624691 0.003581
vn -0.709406 0.496732 0.500001
vn -0.806690 0.588161 -0.057603
vn -0.709406 0.496732 0.500001
vn -0.829054 0.556164 -0.057898
vn -0.709406 0.496732 0.500001
vn -0.853661 0.520820 -0.003097
vn -0.709406 0.496732 0.500001
vn -0.876520 0.463866 0.128612
vn -0.709406 0.496732 0.500001
vn -0.815400 0.316227 0.484895
vn -0.709406 0.496732 0.500001
vn -0.573462 0.254044 0.778847
vn -0.709406 0.496732 0.500001
vn -0.447893 0.235693 0.862462
vn -0.709406 0.496732 0.500001
vn -0.378909 0.242006 0.893231
vn -0.709406 0.496732 0.500001
vn -0.356294 0.273826 0.893350
vn -0.709406 0.496732 0.500001
vn -0.370422 0.336292 0.865849
vn -0.709406 0.496732 0.500001
vn -0.423870 0.446676 0.787918
vn -0.709406 0.496732 0.500001
vn -0.572167 0.655359 0.493082
vn -0.554095 0.796577 -0.241754
vn -0.184404 0.899494 0.396114
vn -0.627442 0.621310 -0.469351
vn -0.659964 0.515257 -0.546771
vn -0.712239 0.441961 -0.545330
vn -0.800573 0.377328 -0.465517
vn -0.936014 0.247793 -0.249955
vn -0.916145 -0.128881 0.379565
vn -0.393513 -0.133054 0.909640
vn -0.109007 -0.105641 0.988412
vn 0.020446 -0.067462 0.997512
vn 0.070739 0.007223 0.997469
vn 0.059099 0.141857 0.988121
vn -0.003418 0.410007 0.912076
vn -0.184404 0.899494 0.396114
vn -0.196020 0.770933 -0.606003
vn 0.337145 0.929325 0.150628
vn -0.386169 0.506307 -0.771056
vn -0.461890 0.387552 -0.797786
vn -0.524352 0.300823 -0.796593
vn -0.614802 0.190197 -0.765404
vn -0.796991 -0.075420 -0.599264
vn -0.759622 -0.633503 0.147134
vn -0.114706 -0.553361 0.825006
vn 0.187646 -0.367298 0.910978
vn 0.289810 -0.267060 0.919070
vn 0.349680 -0.178516 0.919704
vn 0.404933 -0.043246 0.913323
vn 0.473084 0.302227 0.827557
vn 0.337145 0.929325 0.150628
vn 0.122194 0.547920 -0.827559
vn 0.757966 0.634663 -0.150634
vn -0.179132 0.365720 -0.913324
vn -0.287347 0.267535 -0.919705
vn -0.350076 0.180992 -0.919069
vn -0.409327 0.050706 -0.910978
vn -0.480757 -0.297045 -0.825008
vn -0.335492 -0.930482 -0.147136
vn 0.201716 -0.774720 0.599266
vn 0.389002 -0.512673 0.765405
vn 0.462021 -0.389843 0.796593
vn 0.522155 -0.301483 0.797786
vn 0.607851 -0.189714 0.771055
vn 0.791484 0.079479 0.606001
vn 0.757966 0.634663 -0.150634
vn 0.386441 0.137020 -0.912080
vn 0.908315 0.134364 -0.396119
vn 0.113090 0.104051 -0.988121
vn -0.017408 0.068944 -0.997469
vn -0.070388 -0.003859 -0.997512
vn -0.061991 -0.138562 -0.988412
vn 0.009556 -0.415288 -0.909640
vn 0.192232 -0.904972 -0.379568
vn 0.552985 -0.794814 0.249957
vn 0.628384 -0.623237 0.465520
vn 0.658907 -0.518127 0.545331
vn 0.709903 -0.443934 0.546773
vn 0.798438 -0.377102 0.469351
vn 0.938048 -0.248233 0.241757
vn 0.908315 0.134364 -0.396119
vn 0.564705 -0.245534 -0.787922
vn 0.811529 -0.313517 -0.493081
vn 0.442702 -0.233063 -0.865850
vn 0.379172 -0.241152 -0.893350
vn 0.357004 -0.273285 -0.893232
vn 0.374664 -0.340269 -0.862464
vn 0.434857 -0.451989 -0.778849
vn 0.576037 -0.658070 -0.484897
vn 0.735681 -0.665007 -0.128603
vn 0.781380 -0.624048 0.003101
vn 0.806176 -0.588836 0.057902
vn 0.828594 -0.556879 0.057607
vn 0.854090 -0.520113 -0.003587
vn 0.873902 -0.464413 -0.143578
vn 0.811529 -0.313517 -0.493081
vn 0.709407 -0.496732 -0.499999
vn 0.709407 -0.496732 -0.499999
vn 0.709407 -0.496732 -0.499999
vn 0.709407 -0.496732 -0.499999
vn 0.709407 -0.496732 -0.499999
vn 0.709407 -0.496732 -0.499999
vn 0.709407 -0.496732 -0.499999
vn 0.709407 -0.496732 -0.499999
vn 0.709407 -0.496732 -0.499999
vn 0.709407 -0.496732 -0.499999
vn 0.709407 -0.496732 -0.499999
vn 0.709407 -0.496732 -0.499999
vn 0.709407 -0.496732 -0.499999
vn 0.709407 -0.496732 -0.499999
s 1
f 1/1/1 2/2/2 3/3/3
f 1/1/1 3/3/3 4/4/4
f 1/1/1 4/4/4 5/5/5
f 1/1/1 5/5/5 6/6/6
f 1/1/1 6/6/6 7/7/7
f 1/1/1 7/7/7 8/8/8
f 9/9/9 1/1/1 8/8/8
f 10/10/10 9/9/9 8/8/8
f 11/11/11 10/10/10 8/8/8
f 12/12/12 11/11/11 8/8/8
f 13/13/13 14/14/14 15/15/15
f 15/15/15 16/16/16 17/17/17
f 15/15/15 17/17/17 18/18/18
f 15/15/15 18/18/18 19/19/19
f 15/15/15 19/19/19 20/20/20
f 13/13/13 15/15/15 20/20/20
f 21/21/21 13/13/13 20/20/20
f 22/22/22 21/21/21 20/20/20
f 23/23/23 22/22/22 20/20/20
f 24/24/24 23/23/23 20/20/20
f 25/25/25 26/26/26 27/27/27
f 27/27/27 28/28/28 25/25/25
f 29/29/29 30/30/30 31/31/31
f 31/31/31 32/32/32 29/29/29
f 33/33/33 34/34/34 35/35/35
f 35/35/35 36/36/36 33/33/33
f 37/37/37 38/38/38 39/39/39
f 39/39/39 40/40/40 37/37/37
f 41/41/41 42/42/42 43/43/43
f 43/43/43 44/44/44 41/41/41
f 45/45/45 46/46/46 47/47/47
f 47/47/47 48/48/48 45/45/45
f 49/49/49 41/41/41 44/44/44
f 44/44/44 50/50/50 49/49/49
f 51/51/51 49/49/49 50/50/50
f 50/50/50 52/52/52 51/51/51
f 38/38/38 51/51/51 52/52/52
f 52/52/52 39/39/39 38/38/38
f 53/53/53 45/45/45 48/48/48
f 48/48/48 54/54/54 53/53/53
f 55/55/55 53/53/53 54/54/54
f 54/54/54 56/56/56 55/55/55
f 40/40/40 55/55/55 56/56/56
f 56/56/56 37/37/37 40/40/40
f 57/57/57 58/58/58 59/59/59
f 59/59/59 60/60/60 61/61/61
f 61/61/61 62/62/62 63/63/63
f 63/63/63 64/64/64 65/65/65
f 61/61/61 63/63/63 65/65/65
f 59/59/59 61/61/61 65/65/65
f 57/57/57 59/59/59 65/65/65
f 66/66/66 57/57/57 65/65/65
f 67/67/67 68/68/68 69/69/69
f 69/69/69 70/70/70 67/67/67
f 68/68/68 71/71/71 72/72/72
f 72/72/72 69/69/69 68/68/68
f 73/73/73 74/74/74 75/75/75
f 75/75/75 76/76/76 73/73/73
f 74/74/74 77/77/77 78/78/78
f 78/78/78 75/75/75 74/74/74
f 77/77/77 79/79/79 80/80/80
f 80/80/80 78/78/78 77/77/77
f 79/79/79 81/81/81 82/82/82
f 82/82/82 80/80/80 79/79/79
f 81/81/81 83/83/83 84/84/84
f 84/84/84 82/82/82 81/81/81
f 83/83/83 85/85/85 86/86/86
f 86/86/86 84/84/84 83/83/83
f 85/85/85 87/87/87 88/88/88
f 88/88/88 86/86/86 85/85/85
f 87/87/87 67/67/67 70/70/70
f 70/70/70 88/88/88 87/87/87
f 89/89/89 90/90/90 91/91/91
f 91/91/91 92/92/92 93/93/93
f 93/93/93 94/94/94 95/95/95
f 95/95/95 96/96/96 97/97/97
f 93/93/93 95/95/95 97/97/97
f 91/91/91 93/93/93 97/97/97
f 89/89/89 91/91/91 97/97/97
f 98/98/98 89/89/89 97/97/97
f 99/99/99 100/100/100 101/101/101
f 99/99/99 101/101/101 102/102/102
f 99/99/99 102/102/102 103/103/103
f 99/99/99 103/103/103 104/104/104
f 99/99/99 104/104/104 105/105/105
f 99/99/99 105/105/105 106/106/106
f 107/107/107 99/99/99 106/106/106
f 108/108/108 107/107/107 106/106/106
f 109/109/109 108/108/108 106/106/106
f 110/110/110 109/109/109 106/106/106
f 111/111/111 112/112/112 113/113/113
f 113/113/113 114/114/114 115/115/115
f 113/113/113 115/115/115 116/116/116
f 113/113/113 116/116/116 117/117/117
f 113/113/113 117/117/117 118/118/118
f 111/111/111 113/113/113 118/118/118
f 119/119/119 111/111/111 118/118/118
f 120/120/120 119/119/119 118/118/118
f 121/121/121 120/120/120 118/118/118
f 122/122/122 121/121/121 118/118/118
f 123/123/123 124/124/124 125/125/125
f 125/125/125 126/126/126 123/123/123
f 127/127/127 128/128/128 129/129/129
f 129/129/129 130/130/130 127/127/127
f 131/131/131 132/132/132 133/133/133
f 133/133/133 134/134/134 131/131/131
f 135/135/135 136/136/136 137/137/137
f 137/137/137 138/138/138 135/135/135
f 139/139/139 140/140/140 141/141/141
f 141/141/141 142/142/142 139/139/139
f 143/143/143 144/144/144 145/145/145
f 145/145/145 146/146/146 143/143/143
f 147/147/147 139/139/139 142/142/142
f 142/142/142 148/148/148 147/147/147
f 149/149/149 147/147/147 148/148/148
f 148/148/148 150/150/150 149/149/149
f 136/136/136 149/149/149 150/150/150
f 150/150/150 137/137/137 136/136/136
f 151/151/151 143/143/143 146/146/146
f 146/146/146 152/152/152 151/151/151
f 153/153/153 151/151/151 152/152/152
f 152/152/152 154/154/154 153/153/153
f 138/138/138 153/153/153 154/154/154
f 154/154/154 135/135/135 138/138/138
f 155/155/155 156/156/156 157/157/157
f 157/157/157 158/158/158 159/159/159
f 159/159/159 160/160/160 161/161/161
f 161/161/161 162/162/162 163/163/163
f 159/159/159 161/161/161 163/163/163
f 157/157/157 159/159/159 163/163/163
f 155/155/155 157/157/157 163/163/163
f 164/164/164 155/155/155 163/163/163
f 165/165/165 166/166/166 167/167/167
f 167/167/167 168/168/168 165/165/165
f 166/166/166 169/169/169 170/170/170
f 170/170/170 167/167/167 166/166/166
f 171/171/171 172/172/172 173/173/173
f 173/173/173 174/174/174 171/171/171
f 172/172/172 175/175/175 176/176/176
f 176/176/176 173/173/173 172/172/172
f 175/175/175 177/177/177 178/178/178
f 178/178/178 176/176/176 175/175/175
f 177/177/177 179/179/179 180/180/180
f 180/180/180 178/178/178 177/177/177
f 179/179/179 181/181/181 182/182/182
f 182/182/182 180/180/180 179/179/179
f 181/181/181 183/183/183 184/184/184
f 184/184/184 182/182/182 181/181/181
f 183/183/183 185/185/185 186/186/186
f 186/186/186 184/184/184 183/183/183
f 185/185/185 165/165/165 168/168/168
f 168/168/168 186/186/186 185/185/185
f 187/187/187 188/188/188 189/189/189
f 189/189/189 190/190/190 191/191/191
f 191/191/191 192/192/192 193/193/193
f 193/193/193 194/194/194 195/195/195
f 191/191/191 193/193/193 195/195/195
f 189/189/189 191/191/191 195/195/195
f 187/187/187 189/189/189 195/195/195
f 196/196/196 187/187/187 195/195/195
f 197/197/197 198/198/198 199/199/199
f 199/199/199 200/200/200 201/201/201
f 201/201/201 202/202/202 203/203/203
f 203/203/203 204/204/204 205/205/205
f 201/201/201 203/203/203 205/205/205
f 199/199/199 201/201/201 205/205/205
f 197/197/197 199/199/199 205/205/205
f 206/206/206 197/197/197 205/205/205
f 207/207/207 208/208/208 209/209/209
f 209/209/209 210/210/210 207/207/207
f 208/208/208 211/211/211 212/212/212
f 212/212/212 209/209/209 208/208/208
f 213/213/213 214/214/214 215/215/215
f 215/215/215 216/216/216 213/213/213
f 214/214/214 217/217/217 218/218/218
f 218/218/218 215/215/215 214/214/214
f 217/217/217 219/219/219 220/220/220
f 220/220/220 218/218/218 217/217/217
f 219/219/219 221/221/221 222/222/222
f 222/222/222 220/220/220 219/219/219
f 221/221/221 223/223/223 224/224/224
f 224/224/224 222/222/222 221/221/221
f 223/223/223 225/225/225 226/226/226
f 226/226/226 224/224/224 223/223/223
f 225/225/225 227/227/227 228/228/228
f 228/228/228 226/226/226 225/225/225
f 227/227/227 207/207/207 210/210/210
f 210/210/210 228/228/228 227/227/227
f 229/229/229 230/230/230 231/231/231
f 231/231/231 232/232/232 233/233/233
f 233/233/233 234/234/234 235/235/235
f 235/235/235 236/236/236 237/237/237
f 233/233/233 235/235/235 237/237/237
f 231/231/231 233/233/233 237/237/237
f 229/229/229 231/231/231 237/237/237
f 238/238/238 229/229/229 237/237/237
f 239/239/239 240/240/240 241/241/241
f 239/239/239 241/241/241 242/242/242
f 239/239/239 242/242/242 243/243/243
f 239/239/239 243/243/243 244/244/244
f 239/239/239 244/244/244 245/245/245
f 239/239/239 245/245/245 246/246/246
f 247/247/247 239/239/239 246/246/246
f 248/248/248 247/247/247 246/246/246
f 249/249/249 248/248/248 246/246/246
f 250/250/250 249/249/249 246/246/246
f 251/251/251 252/252/252 253/253/253
f 253/253/253 254/254/254 255/255/255
f 253/253/253 255/255/255 256/256/256
f 253/253/253 256/256/256 257/257/257
f 253/253/253 257/257/257 258/258/258
f 251/251/251 253/253/253 258/258/258
f 259/259/259 251/251/251 258/258/258
f 260/260/260 259/259/259 258/258/258
f 261/261/261 260/260/260 258/258/258
f 262/262/262 261/261/261 258/258/258
f 263/263/263 264/264/264 265/265/265
f 265/265/265 266/266/266 263/263/263
f 267/267/267 268/268/268 269/269/269
f 269/269/269 270/270/270 267/267/267
f 271/271/271 272/272/272 273/273/273
f 273/273/273 274/274/274 271/271/271
f 275/275/275 276/276/276 277/277/277
f 277/277/277 278/278/278 275/275/275
f 279/279/279 280/280/280 281/281/281
f 281/281/281 282/282/282 279/279/279
f 283/283/283 284/284/284 285/285/285
f 285/285/285 286/286/286 283/283/283
f 287/287/287 279/279/279 282/282/282
f 282/282/282 288/288/288 287/287/287
f 289/289/289 287/287/287 288/288/288
f 288/288/288 290/290/290 289/289/289
f 276/276/276 289/289/289 290/290/290
f 290/290/290 277/277/277 276/276/276
f 291/291/291 283/283/283 286/286/286
f 286/286/286 292/292/292 291/291/291
f 293/293/293 291/291/291 292/292/292
f 292/292/292 294/294/294 293/293/293
f 278/278/278 293/293/293 294/294/294
f 294/294/294 275/275/275 278/278/278
f 295/295/295 296/296/296 297/297/297
f 295/295/295 297/297/297 298/298/298
f 295/295/295 298/298/298 299/299/299
f 295/295/295 299/299/299 300/300/300
f 295/295/295 300/300/300 301/301/301
f 295/295/295 301/301/301 302/302/302
f 303/303/303 295/295/295 302/302/302
f 304/304/304 303/303/303 302/302/302
f 305/305/305 304/304/304 302/302/302
f 306/306/306 305/305/305 302/302/302
f 307/307/307 308/308/308 309/309/309
f 309/309/309 310/310/310 311/311/311
f 309/309/309 311/311/311 312/312/312
f 309/309/309 312/312/312 313/313/313
f 309/309/309 313/313/313 314/314/314
f 307/307/307 309/309/309 314/314/314
f 315/315/315 307/307/307 314/314/314
f 316/316/316 315/315/315 314/314/314
f 317/317/317 316/316/316 314/314/314
f 318/318/318 317/317/317 314/314/314
f 319/319/319 320/320/320 321/321/321
f 321/321/321 322/322/322 319/319/319
f 323/323/323 324/324/324 325/325/325
f 325/325/325 326/326/326 323/323/323
f 327/327/327 328/328/328 329/329/329
f 329/329/329 330/330/330 327/327/327
f 331/331/331 332/332/332 333/333/333
f 333/333/333 334/334/334 331/331/331
f 335/335/335 336/336/336 337/337/337
f 337/337/337 338/338/338 335/335/335
f 339/339/339 340/340/340 341/341/341
f 341/341/341 342/342/342 339/339/339
f 343/343/343 335/335/335 338/338/338
f 338/338/338 344/344/344 343/343/343
f 345/345/345 343/343/343 344/344/344
f 344/344/344 346/346/346 345/345/345
f 332/332/332 345/345/345 346/346/346
f 346/346/346 333/333/333 332/332/332
f 347/347/347 339/339/339 342/342/342
f 342/342/342 348/348/348 347/347/347
f 349/349/349 347/347/347 348/348/348
f 348/348/348 350/350/350 349/349/349
f 334/334/334 349/349/349 350/350/350
f 350/350/350 331/331/331 334/334/334
f 351/351/351 352/352/352 353/353/353
f 353/353/353 354/354/354 355/355/355
f 355/355/355 356/356/356 357/357/357
f 357/357/357 358/358/358 359/359/359
f 355/355/355 357/357/357 359/359/359
f 353/353/353 355/355/355 359/359/359
f 351/351/351 353/353/353 359/359/359
f 360/360/360 351/351/351 359/359/359
f 361/361/361 362/362/362 363/363/363
f 363/363/363 364/364/364 361/361/361
f 362/362/362 365/365/365 366/366/366
f 366/366/366 363/363/363 362/362/362
f 367/367/367 368/368/368 369/369/369
f 369/369/369 370/370/370 367/367/367
f 368/368/368 371/371/371 372/372/372
f 372/372/372 369/369/369 368/368/368
f 371/371/371 373/373/373 374/374/374
f 374/374/374 372/372/372 371/371/371
f 373/373/373 375/375/375 376/376/376
f 376/376/376 374/374/374 373/373/373
f 375/375/375 377/377/377 378/378/378
f 378/378/378 376/376/376 375/375/375
f 377/377/377 379/379/379 380/380/380
f 380/380/380 378/378/378 377/377/377
f 379/379/379 381/381/381 382/382/382
f 382/382/382 380/380/380 379/379/379
f 381/381/381 361/361/361 364/364/364
f 364/364/364 382/382/382 381/381/381
f 383/383/383 384/384/384 385/385/385
f 385/385/385 386/386/386 387/387/387
f 387/387/387 388/388/388 389/389/389
f 389/389/389 390/390/390 391/391/391
f 387/387/387 389/389/389 391/391/391
f 385/385/385 387/387/387 391/391/391
f 383/383/383 385/385/385 391/391/391
f 392/392/392 383/383/383 391/391/391
f 393/393/393 394/394/394 395/395/395
f 396/396/396 395/395/395 397/397/397
f 398/398/398 397/397/397 399/399/399
f 400/400/400 399/399/399 401/401/401
f 402/402/402 401/401/401 403/403/403
f 404/404/404 403/403/403 405/405/405
f 406/406/406 405/405/405 407/407/407
f 408/408/408 407/407/407 409/409/409
f 410/410/410 409/409/409 411/411/411
f 412/412/412 411/411/411 413/413/413
f 414/414/414 413/413/413 415/415/415
f 416/416/416 415/415/415 417/417/417
f 418/418/418 417/417/417 419/419/419
f 420/420/420 419/419/419 421/421/421
f 422/422/422 395/395/395 394/394/394
f 394/394/394 423/423/423 422/422/422
f 424/424/424 397/397/397 395/395/395
f 395/395/395 422/422/422 424/424/424
f 425/425/425 399/399/399 397/397/397
f 397/397/397 424/424/424 425/425/425
f 426/426/426 401/401/401 399/399/399
f 399/399/399 425/425/425 426/426/426
f 427/427/427 403/403/403 401/401/401
f 401/401/401 426/426/426 427/427/427
f 428/428/428 405/405/405 403/403/403
f 403/403/403 427/427/427 428/428/428
f 429/429/429 407/407/407 405/405/405
f 405/405/405 428/428/428 429/429/429
f 430/430/430 409/409/409 407/407/407
f 407/407/407 429/429/429 430/430/430
f 431/431/431 411/411/411 409/409/409
f 409/409/409 430/430/430 431/431/431
f 432/432/432 413/413/413 411/411/411
f 411/411/411 431/431/431 432/432/432
f 433/433/433 415/415/415 413/413/413
f 413/413/413 432/432/432 433/433/433
f 434/434/434 417/417/417 415/415/415
f 415/415/415 433/433/433 434/434/434
f 435/435/435 419/419/419 417/417/417
f 417/417/417 434/434/434 435/435/435
f 436/436/436 421/421/421 419/419/419
f 419/419/419 435/435/435 436/436/436
f 437/437/437 422/422/422 423/423/423
f 423/423/423 438/438/438 437/437/437
f 439/439/439 424/424/424 422/422/422
f 422/422/422 437/437/437 439/439/439
f 440/440/440 425/425/425 424/424/424
f 424/424/424 439/439/439 440/440/440
f 441/441/441 426/426/426 425/425/425
f 425/425/425 440/440/440 441/441/441
f 442/442/442 427/427/427 426/426/426
f 426/426/426 441/441/441 442/442/442
f 443/443/443 428/428/428 427/427/427
f 427/427/427 442/442/442 443/443/443
f 444/444/444 429/429/429 428/428/428
f 428/428/428 443/443/443 444/444/444
f 445/445/445 430/430/430 429/429/429
f 429/429/429 444/444/444 445/445/445
f 446/446/446 431/431/431 430/430/430
f 430/430/430 445/445/445 446/446/446
f 447/447/447 432/432/432 431/431/431
f 431/431/431 446/446/446 447/447/447
f 448/448/448 433/433/433 432/432/432
f 432/432/432 447/447/447 448/448/448
f 449/449/449 434/434/434 433/433/433
f 433/433/433 448/448/448 449/449/449
f 450/450/450 435/435/435 434/434/434
f 434/434/434 449/449/449 450/450/450
f 451/451/451 436/436/436 435/435/435
f 435/435/435 450/450/450 451/451/451
f 452/452/452 437/437/437 438/438/438
f 438/438/438 453/453/453 452/452/452
f 454/454/454 439/439/439 437/437/437
f 437/437/437 452/452/452 454/454/454
f 455/455/455 440/440/440 439/439/439
f 439/439/439 454/454/454 455/455/455
f 456/456/456 441/441/441 440/440/440
f 440/440/440 455/455/455 456/456/456
f 457/457/457 442/442/442 441/441/441
f 441/441/441 456/456/456 457/457/457
f 458/458/458 443/443/443 442/442/442
f 442/442/442 457/457/457 458/458/458
f 459/459/459 444/444/444 443/443/443
f 443/443/443 458/458/458 459/459/459
f 460/460/460 445/445/445 444/444/444
f 444/444/444 459/459/459 460/460/460
f 461/461/461 446/446/446 445/445/445
f 445/445/445 460/460/460 461/461/461
f 462/462/462 447/447/447 446/446/446
f 446/446/446 461/461/461 462/462/462
f 463/463/463 448/448/448 447/447/447
f 447/447/447 462/462/462 463/463/463
f 464/464/464 449/449/449 448/448/448
f 448/448/448 463/463/463 464/464/464
f 465/465/465 450/450/450 449/449/449
f 449/449/449 464/464/464 465/465/465
f 466/466/466 451/451/451 450/450/450
f 450/450/450 465/465/465 466/466/466
f 467/467/467 452/452/452 453/453/453
f 453/453/453 468/468/468 467/467/467
f 469/469/469 454/454/454 452/452/452
f 452/452/452 467/467/467 469/469/469
f 470/470/470 455/455/455 454/454/454
f 454/454/454 469/469/469 470/470/470
f 471/471/471 456/456/456 455/455/455
f 455/455/455 470/470/470 471/471/471
f 472/472/472 457/457/457 456/456/456
f 456/456/456 471/471/471 472/472/472
f 473/473/473 458/458/458 457/457/457
f 457/457/457 472/472/472 473/473/473
f 474/474/474 459/459/459 458/458/458
f 458/458/458 473/473/473 474/474/474
f 475/475/475 460/460/460 459/459/459
f 459/459/459 474/474/474 475/475/475
f 476/476/476 461/461/461 460/460/460
f 460/460/460 475/475/475 476/476/476
f 477/477/477 462/462/462 461/461/461
f 461/461/461 476/476/476 477/477/477
f 478/478/478 463/463/463 462/462/462
f 462/462/462 477/477/477 478/478/478
f 479/479/479 464/464/464 463/463/463
f 463/463/463 478/478/478 479/479/479
f 480/480/480 465/465/465 464/464/464
f 464/464/464 479/479/479 480/480/480
f 481/481/481 466/466/466 465/465/465
f 465/465/465 480/480/480 481/481/481
f 482/482/482 467/467/467 468/468/468
f 468/468/468 483/483/483 482/482/482
f 484/484/484 469/469/469 467/467/467
f 467/467/467 482/482/482 484/484/484
f 485/485/485 470/470/470 469/469/469
f 469/469/469 484/484/484 485/485/485
f 486/486/486 471/471/471 470/470/470
f 470/470/470 485/485/485 486/486/486
f 487/487/487 472/472/472 471/471/471
f 471/471/471 486/486/486 487/487/487
f 488/488/488 473/473/473 472/472/472
f 472/472/472 487/487/487 488/488/488
f 489/489/489 474/474/474 473/473/473
f 473/473/473 488/488/488 489/489/489
f 490/490/490 475/475/475 474/474/474
f 474/474/474 489/489/489 490/490/490
f 491/491/491 476/476/476 475/475/475
f 475/475/475 490/490/490 491/491/491
f 492/492/492 477/477/477 476/476/476
f 476/476/476 491/491/491 492/492/492
f 493/493/493 478/478/478 477/477/477
f 477/477/477 492/492/492 493/493/493
f 494/494/494 479/479/479 478/478/478
f 478/478/478 493/493/493 494/494/494
f 495/495/495 480/480/480 479/479/479
f 479/479/479 494/494/494 495/495/495
f 496/496/496 481/481/481 480/480/480
f 480/480/480 495/495/495 496/496/496
f 497/497/497 482/482/482 483/483/483
f 498/498/498 484/484/484 482/482/482
f 499/499/499 485/485/485 484/484/484
f 500/500/500 486/486/486 485/485/485
f 501/501/501 487/487/487 486/486/486
f 502/502/502 488/488/488 487/487/487
f 503/503/503 489/489/489 488/488/488
f 504/504/504 490/490/490 489/489/489
f 505/505/505 491/491/491 490/490/490
f 506/506/506 492/492/492 491/491/491
f 507/507/507 493/493/493 492/492/492
f 508/508/508 494/494/494 493/493/493
f 509/509/509 495/495/495 494/494/494
f 510/510/510 496/496/496 495/495/495
f 511/511/511 512/512/512 513/513/513
f 513/513/513 514/514/514 515/515/515
f 515/515/515 516/516/516 517/517/517
f 517/517/517 518/518/518 519/519/519
f 515/515/515 517/517/517 519/519/519
f 513/513/513 515/515/515 519/519/519
f 511/511/511 513/513/513 519/519/519
f 520/520/520 511/511/511 519/519/519
f 521/521/521 522/522/522 523/523/523
f 523/523/523 524/524/524 521/521/521
f 522/522/522 525/525/525 526/526/526
f 526/526/526 523/523/523 522/522/522
f 527/527/527 528/528/528 529/529/529
f 529/529/529 530/530/530 527/527/527
f 528/528/528 531/531/531 532/532/532
f 532/532/532 529/529/529 528/528/528
f 531/531/531 533/533/533 534/534/534
f 534/534/534 532/532/532 531/531/531
f 533/533/533 535/535/535 536/536/536
f 536/536/536 534/534/534 533/533/533
f 535/535/535 537/537/537 538/538/538
f 538/538/538 536/536/536 535/535/535
f 537/537/537 539/539/539 540/540/540
f 540/540/540 538/538/538 537/537/537
f 539/539/539 541/541/541 542/542/542
f 542/542/542 540/540/540 539/539/539
f 541/541/541 521/521/521 524/524/524
f 524/524/524 542/542/542 541/541/541
f 543/543/543 544/544/544 545/545/545
f 545/545/545 546/546/546 547/547/547
f 547/547/547 548/548/548 549/549/549
f 549/549/549 550/550/550 551/551/551
f 547/547/547 549/549/549 551/551/551
f 545/545/545 547/547/547 551/551/551
f 543/543/543 545/545/545 551/551/551
f 552/552/552 543/543/543 551/551/551
f 553/553/553 524/524/524 523/523/523
f 523/523/523 554/554/554 553/553/553
f 554/554/554 523/523/523 526/526/526
f 526/526/526 555/555/555 554/554/554
f 556/556/556 557/557/557 558/558/558
f 558/558/558 559/559/559 556/556/556
f 560/560/560 561/561/561 562/562/562
f 562/562/562 563/563/563 560/560/560
f 564/564/564 565/565/565 566/566/566
f 566/566/566 567/567/567 564/564/564
f 568/568/568 569/569/569 570/570/570
f 570/570/570 571/571/571 568/568/568
f 572/572/572 573/573/573 574/574/574
f 574/574/574 575/575/575 572/572/572
f 576/576/576 577/577/577 578/578/578
f 578/578/578 579/579/579 576/576/576
f 580/580/580 581/581/581 582/582/582
f 582/582/582 583/583/583 580/580/580
f 584/584/584 542/542/542 524/524/524
f 524/524/524 553/553/553 584/584/584
f 585/585/585 553/553/553 554/554/554
f 554/554/554 586/586/586 585/585/585
f 543/543/543 585/585/585 586/586/586
f 586/586/586 544/544/544 543/543/543
f 586/586/586 554/554/554 555/555/555
f 555/555/555 587/587/587 586/586/586
f 544/544/544 586/586/586 587/587/587
f 587/587/587 545/545/545 544/544/544
f 588/588/588 556/556/556 559/559/559
f 559/559/559 589/589/589 588/588/588
f 545/545/545 588/588/588 589/589/589
f 589/589/589 546/546/546 545/545/545
f 590/590/590 560/560/560 563/563/563
f 563/563/563 591/591/591 590/590/590
f 546/546/546 590/590/590 591/591/591
f 591/591/591 547/547/547 546/546/546
f 592/592/592 564/564/564 567/567/567
f 567/567/567 593/593/593 592/592/592
f 547/547/547 592/592/592 593/593/593
f 593/593/593 548/548/548 547/547/547
f 594/594/594 568/568/568 571/571/571
f 571/571/571 595/595/595 594/594/594
f 548/548/548 594/594/594 595/595/595
f 595/595/595 549/549/549 548/548/548
f 596/596/596 572/572/572 575/575/575
f 575/575/575 597/597/597 596/596/596
f 549/549/549 596/596/596 597/597/597
f 597/597/597 550/550/550 549/549/549
f 598/598/598 576/576/576 579/579/579
f 579/579/579 599/599/599 598/598/598
f 550/550/550 598/598/598 599/599/599
f 599/599/599 551/551/551 550/550/550
f 600/600/600 580/580/580 583/583/583
f 583/583/583 601/601/601 600/600/600
f 551/551/551 600/600/600 601/601/601
f 601/601/601 552/552/552 551/551/551
f 602/602/602 584/584/584 553/553/553
f 553/553/553 585/585/585 602/602/602
f 552/552/552 602/602/602 585/585/585
f 585/585/585 543/543/543 552/552/552
f 603/603/603 604/604/604 605/605/605
f 606/606/606 605/605/605 607/607/607
f 608/608/608 607/607/607 609/609/609
f 610/610/610 609/609/609 611/611/611
f 612/612/612 611/611/611 613/613/613
f 614/614/614 613/613/613 615/615/615
f 616/616/616 615/615/615 617/617/617
f 618/618/618 617/617/617 619/619/619
f 620/620/620 619/619/619 621/621/621
f 622/622/622 621/621/621 623/623/623
f 624/624/624 623/623/623 625/625/625
f 626/626/626 625/625/625 627/627/627
f 628/628/628 627/627/627 629/629/629
f 630/630/630 629/629/629 631/631/631
f 632/632/632 605/605/605 604/604/604
f 604/604/604 633/633/633 632/632/632
f 634/634/634 607/607/607 605/605/605
f 605/605/605 632/632/632 634/634/634
f 635/635/635 609/609/609 607/607/607
f 607/607/607 634/634/634 635/635/635
f 636/636/636 611/611/611 609/609/609
f 609/609/609 635/635/635 636/636/636
f 637/637/637 613/613/613 611/611/611
f 611/611/611 636/636/636 637/637/637
f 638/638/638 615/615/615 613/613/613
f 613/613/613 637/637/637 638/638/638
f 639/639/639 617/617/617 615/615/615
f 615/615/615 638/638/638 639/639/639
f 640/640/640 619/619/619 617/617/617
f 617/617/617 639/639/639 640/640/640
f 641/641/641 621/621/621 619/619/619
f 619/619/619 640/640/640 641/641/641
f 642/642/642 623/623/623 621/621/621
f 621/621/621 641/641/641 642/642/642
f 643/643/643 625/625/625 623/623/623
f 623/623/623 642/642/642 643/643/643
f 644/644/644 627/627/627 625/625/625
f 625/625/625 643/643/643 644/644/644
f 645/645/645 629/629/629 627/627/627
f 627/627/627 644/644/644 645/645/645
f 646/646/646 631/631/631 629/629/629
f 629/629/629 645/645/645 646/646/646
f 647/647/647 632/632/632 633/633/633
f 633/633/633 648/648/648 647/647/647
f 649/649/649 634/634/634 632/632/632
f 632/632/632 647/647/647 649/649/649
f 650/650/650 635/635/635 634/634/634
f 634/634/634 649/649/649 650/650/650
f 651/651/651 636/636/636 635/635/635
f 635/635/635 650/650/650 651/651/651
f 652/652/652 637/637/637 636/636/636
f 636/636/636 651/651/651 652/652/652
f 653/653/653 638/638/638 637/637/637
f 637/637/637 652/652/652 653/653/653
f 654/654/654 639/639/639 638/638/638
f 638/638/638 653/653/653 654/654/654
f 655/655/655 640/640/640 639/639/639
f 639/639/639 654/654/654 655/655/655
f 656/656/656 641/641/641 640/640/640
f 640/640/640 655/655/655 656/656/656
f 657/657/657 642/642/642 641/641/641
f 641/641/641 656/656/656 657/657/657
f 658/658/658 643/643/643 642/642/642
f 642/642/642 657/657/657 658/658/658
f 659/659/659 644/644/644 643/643/643
f 643/643/643 658/658/658 659/659/659
f 660/660/660 645/645/645 644/644/644
f 644/644/644 659/659/659 660/660/660
f 661/661/661 646/646/646 645/645/645
f 645/645/645 660/660/660 661/661/661
f 662/662/662 647/647/647 648/648/648
f 648/648/648 663/663/663 662/662/662
f 664/664/664 649/649/649 647/647/647
f 647/647/647 662/662/662 664/664/664
f 665/665/665 650/650/650 649/649/649
f 649/649/649 664/664/664 665/665/665
f 666/666/666 651/651/651 650/650/650
f 650/650/650 665/665/665 666/666/666
f 667/667/667 652/652/652 651/651/651
f 651/651/651 666/666/666 667/667/667
f 668/668/668 653/653/653 652/652/652
f 652/652/652 667/667/667 668/668/668
f 669/669/669 654/654/654 653/653/653
f 653/653/653 668/668/668 669/669/669
f 670/670/670 655/655/655 654/654/654
f 654/654/654 669/669/669 670/670/670
f 671/671/671 656/656/656 655/655/655
f 655/655/655 670/670/670 671/671/671
f 672/672/672 657/657/657 656/656/656
f 656/656/656 671/671/671 672/672/672
f 673/673/673 658/658/658 657/657/657
f 657/657/657 672/672/672 673/673/673
f 674/674/674 659/659/659 658/658/658
f 658/658/658 673/673/673 674/674/674
f 675/675/675 660/660/660 659/659/659
f 659/659/659 674/674/674 675/675/675
f 676/676/676 661/661/661 660/660/660
f 660/660/660 675/675/675 676/676/676
f 677/677/677 662/662/662 663/663/663
f 663/663/663 678/678/678 677/677/677
f 679/679/679 664/664/664 662/662/662
f 662/662/662 677/677/677 679/679/679
f 680/680/680 665/665/665 664/664/664
f 664/664/664 679/679/679 680/680/680
f 681/681/681 666/666/666 665/665/665
f 665/665/665 680/680/680 681/681/681
f 682/682/682 667/667/667 666/666/666
f 666/666/666 681/681/681 682/682/682
f 683/683/683 668/668/668 667/667/667
f 667/667/667 682/682/682 683/683/683
f 684/684/684 669/669/669 668/668/668
f 668/668/668 683/683/683 684/684/684
f 685/685/685 670/670/670 669/669/669
f 669/669/669 684/684/684 685/685/685
f 686/686/686 671/671/671 670/670/670
f 670/670/670 685/685/685 686/686/686
f 687/687/687 672/672/672 671/671/671
f 671/671/671 686/686/686 687/687/687
f 688/688/688 673/673/673 672/672/672
f 672/672/672 687/687/687 688/688/688
f 689/689/689 674/674/674 673/673/673
f 673/673/673 688/688/688 689/689/689
f 690/690/690 675/675/675 674/674/674
f 674/674/674 689/689/689 690/690/690
f 691/691/691 676/676/676 675/675/675
f 675/675/675 690/690/690 691/691/691
f 692/692/692 677/677/677 678/678/678
f 678/678/678 693/693/693 692/692/692
f 694/694/694 679/679/679 677/677/677
f 677/677/677 692/692/692 694/694/694
f 695/695/695 680/680/680 679/679/679
f 679/679/679 694/694/694 695/695/695
f 696/696/696 681/681/681 680/680/680
f 680/680/680 695/695/695 696/696/696
f 697/697/697 682/682/682 681/681/681
f 681/681/681 696/696/696 697/697/697
f 698/698/698 683/683/683 682/682/682
f 682/682/682 697/697/697 698/698/698
f 699/699/699 684/684/684 683/683/683
f 683/683/683 698/698/698 699/699/699
f 700/700/700 685/685/685 684/684/684
f 684/684/684 699/699/699 700/700/700
f 701/701/701 686/686/686 685/685/685
f 685/685/685 700/700/700 701/701/701
f 702/702/702 687/687/687 686/686/686
f 686/686/686 701/701/701 702/702/702
f 703/703/703 688/688/688 687/687/687
f 687/687/687 702/702/702 703/703/703
f 704/704/704 689/689/689 688/688/688
f 688/688/688 703/703/703 704/704/704
f 705/705/705 690/690/690 689/689/689
f 689/689/689 704/704/704 705/705/705
f 706/706/706 691/691/691 690/690/690
f 690/690/690 705/705/705 706/706/706
f 707/707/707 692/692/692 693/693/693
f 708/708/708 694/694/694 692/692/692
f 709/709/709 695/695/695 694/694/694
f 710/710/710 696/696/696 695/695/695
f 711/711/711 697/697/697 696/696/696
f 712/712/712 698/698/698 697/697/697
f 713/713/713 699/699/699 698/698/698
f 714/714/714 700/700/700 699/699/699
f 715/715/715 701/701/701 700/700/700
f 716/716/716 702/702/702 701/701/701
f 717/717/717 703/703/703 702/702/702
f 718/718/718 704/704/704 703/703/703
f 719/719/719 705/705/705 704/704/704
f 720/720/720 706/706/706 705/705/705
f 721/721/721 722/722/722 723/723/723
f 724/724/724 723/723/723 725/725/725
f 726/726/726 725/725/725 727/727/727
f 728/728/728 727/727/727 729/729/729
f 730/730/730 729/729/729 731/731/731
f 732/732/732 731/731/731 733/733/733
f 734/734/734 733/733/733 735/735/735
f 736/736/736 735/735/735 737/737/737
f 738/738/738 737/737/737 739/739/739
f 740/740/740 739/739/739 741/741/741
f 742/742/742 741/741/741 743/743/743
f 744/744/744 743/743/743 745/745/745
f 746/746/746 745/745/745 747/747/747
f 748/748/748 747/747/747 749/749/749
f 750/750/750 723/723/723 722/722/722
f 722/722/722 751/751/751 750/750/750
f 752/752/752 725/725/725 723/723/723
f 723/723/723 750/750/750 752/752/752
f 753/753/753 727/727/727 725/725/725
f 725/725/725 752/752/752 753/753/753
f 754/754/754 729/729/729 727/727/727
f 727/727/727 753/753/753 754/754/754
f 755/755/755 731/731/731 729/729/729
f 729/729/729 754/754/754 755/755/755
f 756/756/756 733/733/733 731/731/731
f 731/731/731 755/755/755 756/756/756
f 757/757/757 735/735/735 733/733/733
f 733/733/733 756/756/756 757/757/757
f 758/758/758 737/737/737 735/735/735
f 735/735/735 757/757/757 758/758/758
f 759/759/759 739/739/739 737/737/737
f 737/737/737 758/758/758 759/759/759
f 760/760/760 741/741/741 739/739/739
f 739/739/739 759/759/759 760/760/760
f 761/761/761 743/743/743 741/741/741
f 741/741/741 760/760/760 761/761/761
f 762/762/762 745/745/745 743/743/743
f 743/743/743 761/761/761 762/762/762
f 763/763/763 747/747/747 745/745/745
f 745/745/745 762/762/762 763/763/763
f 764/764/764 749/749/749 747/747/747
f 747/747/747 763/763/763 764/764/764
f 765/765/765 750/750/750 751/751/751
f 751/751/751 766/766/766 765/765/765
f 767/767/767 752/752/752 750/750/750
f 750/750/750 765/765/765 767/767/767
f 768/768/768 753/753/753 752/752/752
f 752/752/752 767/767/767 768/768/768
f 769/769/769 754/754/754 753/753/753
f 753/753/753 768/768/768 769/769/769
f 770/770/770 755/755/755 754/754/754
f 754/754/754 769/769/769 770/770/770
f 771/771/771 756/756/756 755/755/755
f 755/755/755 770/770/770 771/771/771
f 772/772/772 757/757/757 756/756/756
f 756/756/756 771/771/771 772/772/772
f 773/773/773 758/758/758 757/757/757
f 757/757/757 772/772/772 773/773/773
f 774/774/774 759/759/759 758/758/758
f 758/758/758 773/773/773 774/774/774
f 775/775/775 760/760/760 759/759/759
f 759/759/759 774/774/774 775/775/775
f 776/776/776 761/761/761 760/760/760
f 760/760/760 775/775/775 776/776/776
f 777/777/777 762/762/762 761/761/761
f 761/761/761 776/776/776 777/777/777
f 778/778/778 763/763/763 762/762/762
f 762/762/762 777/777/777 778/778/778
f 779/779/779 764/764/764 763/763/763
f 763/763/763 778/778/778 779/779/779
f 780/780/780 765/765/765 766/766/766
f 766/766/766 781/781/781 780/780/780
f 782/782/782 767/767/767 765/765/765
f 765/765/765 780/780/780 782/782/782
f 783/783/783 768/768/768 767/767/767
f 767/767/767 782/782/782 783/783/783
f 784/784/784 769/769/769 768/768/768
f 768/768/768 783/783/783 784/784/784
f 785/785/785 770/770/770 769/769/769
f 769/769/769 784/784/784 785/785/785
f 786/786/786 771/771/771 770/770/770
f 770/770/770 785/785/785 786/786/786
f 787/787/787 772/772/772 771/771/771
f 771/771/771 786/786/786 787/787/787
f 788/788/788 773/773/773 772/772/772
f 772/772/772 787/787/787 788/788/788
f 789/789/789 774/774/774 773/773/773
f 773/773/773 788/788/788 789/789/789
f 790/790/790 775/775/775 774/774/774
f 774/774/774 789/789/789 790/790/790
f 791/791/791 776/776/776 775/775/775
f 775/775/775 790/790/790 791/791/791
f 792/792/792 777/777/777 776/776/776
f 776/776/776 791/791/791 792/792/792
f 793/793/793 778/778/778 777/777/777
f 777/777/777 792/792/792 793/793/793
f 794/794/794 779/779/779 778/778/778
f 778/778/778 793/793/793 794/794/794
f 795/795/795 780/780/780 781/781/781
f 781/781/781 796/796/796 795/795/795
f 797/797/797 782/782/782 780/780/780
f 780/780/780 795/795/795 797/797/797
f 798/798/798 783/783/783 782/782/782
f 782/782/782 797/797/797 798/798/798
f 799/799/799 784/784/784 783/783/783
f 783/783/783 798/798/798 799/799/799
f 800/800/800 785/785/785 784/784/784
f 784/784/784 799/799/799 800/800/800
f 801/801/801 786/786/786 785/785/785
f 785/785/785 800/800/800 801/801/801
f 802/802/802 787/787/787 786/786/786
f 786/786/786 801/801/801 802/802/802
f 803/803/803 788/788/788 787/787/787
f 787/787/787 802/802/802 803/803/803
f 804/804/804 789/789/789 788/788/788
f 788/788/788 803/803/803 804/804/804
f 805/805/805 790/790/790 789/789/789
f 789/789/789 804/804/804 805/805/805
f 806/806/806 791/791/791 790/790/790
f 790/790/790 805/805/805 806/806/806
f 807/807/807 792/792/792 791/791/791
f 791/791/791 806/806/806 807/807/807
f 808/808/808 793/793/793 792/792/792
f 792/792/792 807/807/807 808/808/808
f 809/809/809 794/794/794 793/793/793
f 793/793/793 808/808/808 809/809/809
f 810/810/810 795/795/795 796/796/796
f 796/796/796 811/811/811 810/810/810
f 812/812/812 797/797/797 795/795/795
f 795/795/795 810/810/810 812/812/812
f 813/813/813 798/798/798 797/797/797
f 797/797/797 812/812/812 813/813/813
f 814/814/814 799/799/799 798/798/798
f 798/798/798 813/813/813 814/814/814
f 815/815/815 800/800/800 799/799/799
f 799/799/799 814/814/814 815/815/815
f 816/816/816 801/801/801 800/800/800
f 800/800/800 815/815/815 816/816/816
f 817/817/817 802/802/802 801/801/801
f 801/801/801 816/816/816 817/817/817
f 818/818/818 803/803/803 802/802/802
f 802/802/802 817/817/817 818/818/818
f 819/819/819 804/804/804 803/803/803
f 803/803/803 818/818/818 819/819/819
f 820/820/820 805/805/805 804/804/804
f 804/804/804 819/819/819 820/820/820
f 821/821/821 806/806/806 805/805/805
f 805/805/805 820/820/820 821/821/821
f 822/822/822 807/807/807 806/806/806
f 806/806/806 821/821/821 822/822/822
f 823/823/823 808/808/808 807/807/807
f 807/807/807 822/822/822 823/823/823
f 824/824/824 809/809/809 808/808/808
f 808/808/808 823/823/823 824/824/824
f 825/825/825 810/810/810 811/811/811
f 826/826/826 812/812/812 810/810/810
f 827/827/827 813/813/813 812/812/812
f 828/828/828 814/814/814 813/813/813
f 829/829/829 815/815/815 814/814/814
f 830/830/830 816/816/816 815/815/815
f 831/831/831 817/817/817 816/816/816
f 832/832/832 818/818/818 817/817/817
f 833/833/833 819/819/819 818/818/818
f 834/834/834 820/820/820 819/819/819
f 835/835/835 821/821/821 820/820/820
f 836/836/836 822/822/822 821/821/821
f 837/837/837 823/823/823 822/822/822
f 838/838/838 824/824/824 823/823/823
f 839/839/839 840/840/840 841/841/841
f 841/841/841 842/842/842 843/843/843
f 843/843/843 844/844/844 845/845/845
f 845/845/845 846/846/846 847/847/847
f 843/843/843 845/845/845 847/847/847
f 841/841/841 843/843/843 847/847/847
f 839/839/839 841/841/841 847/847/847
f 848/848/848 839/839/839 847/847/847
f 849/849/849 850/850/850 851/851/851
f 851/851/851 852/852/852 849/849/849
f 850/850/850 853/853/853 854/854/854
f 854/854/854 851/851/851 850/850/850
f 855/855/855 856/856/856 857/857/857
f 857/857/857 858/858/858 855/855/855
f 856/856/856 859/859/859 860/860/860
f 860/860/860 857/857/857 856/856/856
f 859/859/859 861/861/861 862/862/862
f 862/862/862 860/860/860 859/859/859
f 861/861/861 863/863/863 864/864/864
f 864/864/864 862/862/862 861/861/861
f 863/863/863 865/865/865 866/866/866
f 866/866/866 864/864/864 863/863/863
f 865/865/865 867/867/867 868/868/868
f 868/868/868 866/866/866 865/865/865
f 867/867/867 869/869/869 870/870/870
f 870/870/870 868/868/868 867/867/867
f 869/869/869 849/849/849 852/852/852
f 852/852/852 870/870/870 869/869/869
f 871/871/871 872/872/872 873/873/873
f 873/873/873 874/874/874 875/875/875
f 875/875/875 876/876/876 877/877/877
f 877/877/877 878/878/878 879/879/879
f 875/875/875 877/877/877 879/879/879
f 873/873/873 875/875/875 879/879/879
f 871/871/871 873/873/873 879/879/879
f 880/880/880 871/871/871 879/879/879
f 881/881/881 852/852/852 851/851/851
f 851/851/851 882/882/882 881/881/881
f 882/882/882 851/851/851 854/854/854
f 854/854/854 883/883/883 882/882/882
f 884/884/884 885/885/885 886/886/886
f 886/886/886 887/887/887 884/884/884
f 888/888/888 889/889/889 890/890/890
f 890/890/890 891/891/891 888/888/888
f 892/892/892 893/893/893 894/894/894
f 894/894/894 895/895/895 892/892/892
f 896/896/896 897/897/897 898/898/898
f 898/898/898 899/899/899 896/896/896
f 900/900/900 901/901/901 902/902/902
f 902/902/902 903/903/903 900/900/900
f 904/904/904 905/905/905 906/906/906
f 906/906/906 907/907/907 904/904/904
f 908/908/908 909/909/909 910/910/910
f 910/910/910 911/911/911 908/908/908
f 912/912/912 870/870/870 852/852/852
f 852/852/852 881/881/881 912/912/912
f 913/913/913 881/881/881 882/882/882
f 882/882/882 914/914/914 913/913/913
f 871/871/871 913/913/913 914/914/914
f 914/914/914 872/872/872 871/871/871
f 914/914/914 882/882/882 883/883/883
f 883/883/883 915/915/915 914/914/914
f 872/872/872 914/914/914 915/915/915
f 915/915/915 873/873/873 872/872/872
f 916/916/916 884/884/884 887/887/887
f 887/887/887 917/917/917 916/916/916
f 873/873/873 916/916/916 917/917/917
f 917/917/917 874/874/874 873/873/873
f 918/918/918 888/888/888 891/891/891
f 891/891/891 919/919/919 918/918/918
f 874/874/874 918/918/918 919/919/919
f 919/919/919 875/875/875 874/874/874
f 920/920/920 892/892/892 895/895/895
f 895/895/895 921/921/921 920/920/920
f 875/875/875 920/920/920 921/921/921
f 921/921/921 876/876/876 875/875/875
f 922/922/922 896/896/896 899/899/899
f 899/899/899 923/923/923 922/922/922
f 876/876/876 922/922/922 923/923/923
f 923/923/923 877/877/877 876/876/876
f 924/924/924 900/900/900 903/903/903
f 903/903/903 925/925/925 924/924/924
f 877/877/877 924/924/924 925/925/925
f 925/925/925 878/878/878 877/877/877
f 926/926/926 904/904/904 907/907/907
f 907/907/907 927/927/927 926/926/926
f 878/878/878 926/926/926 927/927/927
f 927/927/927 879/879/879 878/878/878
f 928/928/928 908/908/908 911/911/911
f 911/911/911 929/929/929 928/928/928
f 879/879/879 928/928/928 929/929/929
f 929/929/929 880/880/880 879/879/879
f 930/930/930 912/912/912 881/881/881
f 881/881/881 913/913/913 930/930/930
f 880/880/880 930/930/930 913/913/913
f 913/913/913 871/871/871 880/880/880
f 931/931/931 932/932/932 933/933/933
f 934/934/934 933/933/933 935/935/935
f 936/936/936 935/935/935 937/937/937
f 938/938/938 937/937/937 939/939/939
f 940/940/940 939/939/939 941/941/941
f 942/942/942 941/941/941 943/943/943
f 944/944/944 943/943/943 945/945/945
f 946/946/946 945/945/945 947/947/947
f 948/948/948 947/947/947 949/949/949
f 950/950/950 949/949/949 951/951/951
f 952/952/952 951/951/951 953/953/953
f 954/954/954 953/953/953 955/955/955
f 956/956/956 955/955/955 957/957/957
f 958/958/958 957/957/957 959/959/959
f 960/960/960 933/933/933 932/932/932
f 932/932/932 961/961/961 960/960/960
f 962/962/962 935/935/935 933/933/933
f 933/933/933 960/960/960 962/962/962
f 963/963/963 937/937/937 935/935/935
f 935/935/935 962/962/962 963/963/963
f 964/964/964 939/939/939 937/937/937
f 937/937/937 963/963/963 964/964/964
f 965/965/965 941/941/941 939/939/939
f 939/939/939 964/964/964 965/965/965
f 966/966/966 943/943/943 941/941/941
f 941/941/941 965/965/965 966/966/966
f 967/967/967 945/945/945 943/943/943
f 943/943/943 966/966/966 967/967/967
f 968/968/968 947/947/947 945/945/945
f 945/945/945 967/967/967 968/968/968
f 969/969/969 949/949/949 947/947/947
f 947/947/947 968/968/968 969/969/969
f 970/970/970 951/951/951 949/949/949
f 949/949/949 969/969/969 970/970/970
f 971/971/971 953/953/953 951/951/951
f 951/951/951 970/970/970 971/971/971
f 972/972/972 955/955/955 953/953/953
f 953/953/953 971/971/971 972/972/972
f 973/973/973 957/957/957 955/955/955
f 955/955/955 972/972/972 973/973/973
f 974/974/974 959/959/959 957/957/957
f 957/957/957 973/973/973 974/974/974
f 975/975/975 960/960/960 961/961/961
f 961/961/961 976/976/976 975/975/975
f 977/977/977 962/962/962 960/960/960
f 960/960/960 975/975/975 977/977/977
f 978/978/978 963/963/963 962/962/962
f 962/962/962 977/977/977 978/978/978
f 979/979/979 964/964/964 963/963/963
f 963/963/963 978/978/978 979/979/979
f 980/980/980 965/965/965 964/964/964
f 964/964/964 979/979/979 980/980/980
f 981/981/981 966/966/966 965/965/965
f 965/965/965 980/980/980 981/981/981
f 982/982/982 967/967/967 966/966/966
f 966/966/966 981/981/981 982/982/982
f 983/983/983 968/968/968 967/967/967
f 967/967/967 982/982/982 983/983/983
f 984/984/984 969/969/969 968/968/968
f 968/968/968 983/983/983 984/984/984
f 985/985/985 970/970/970 969/969/969
f 969/969/969 984/984/984 985/985/985
f 986/986/986 971/971/971 970/970/970
f 970/970/970 985/985/985 986/986/986
f 987/987/987 972/972/972 971/971/971
f 971/971/971 986/986/986 987/987/987
f 988/988/988 973/973/973 972/972/972
f 972/972/972 987/987/987 988/988/988
f 989/989/989 974/974/974 973/973/973
f 973/973/973 988/988/988 989/989/989
f 990/990/990 975/975/975 976/976/976
f 976/976/976 991/991/991 990/990/990
f 992/992/992 977/977/977 975/975/975
f 975/975/975 990/990/990 992/992/992
f 993/993/993 978/978/978 977/977/977
f 977/977/977 992/992/992 993/993/993
f 994/994/994 979/979/979 978/978/978
f 978/978/978 993/993/993 994/994/994
f 995/995/995 980/980/980 979/979/979
f 979/979/979 994/994/994 995/995/995
f 996/996/996 981/981/981 980/980/980
f 980/980/980 995/995/995 996/996/996
f 997/997/997 982/982/982 981/981/981
f 981/981/981 996/996/996 997/997/997
f 998/998/998 983/983/983 982/982/982
f 982/982/982 997/997/997 998/998/998
f 999/999/999 984/984/984 983/983/983
f 983/983/983 998/998/998 999/999/999
f 1000/1000/1000 985/985/985 984/984/984
f 984/984/984 999/999/999 1000/1000/1000
f 1001/1001/1001 986/986/986 985/985/985
f 985/985/985 1000/1000/1000 1001/1001/1001
f 1002/1002/1002 987/987/987 986/986/986
f 986/986/986 1001/1001/1001 1002/1002/1002
f 1003/1003/1003 988/988/988 987/987/987
f 987/987/987 1002/1002/1002 1003/1003/1003
f 1004/1004/1004 989/989/989 988/988/988
f 988/988/988 1003/1003/1003 1004/1004/1004
f 1005/1005/1005 990/990/990 991/991/991
f 991/991/991 1006/1006/1006 1005/1005/1005
f 1007/1007/1007 992/992/992 990/990/990
f 990/990/990 1005/1005/1005 1007/1007/1007
f 1008/1008/1008 993/993/993 992/992/992
f 992/992/992 1007/1007/1007 1008/1008/1008
f 1009/1009/1009 994/994/994 993/993/993
f 993/993/993 1008/1008/1008 1009/1009/1009
f 1010/1010/1010 995/995/995 994/994/994
f 994/994/994 1009/1009/1009 1010/1010/1010
f 1011/1011/1011 996/996/996 995/995/995
f 995/995/995 1010/1010/1010 1011/1011/1011
f 1012/1012/1012 997/997/997 996/996/996
f 996/996/996 1011/1011/1011 1012/1012/1012
f 1013/1013/1013 998/998/998 997/997/997
f 997/997/997 1012/1012/1012 1013/1013/1013
f 1014/1014/1014 999/999/999 998/998/998
f 998/998/998 1013/1013/1013 1014/1014/1014
f 1015/1015/1015 1000/1000/1000 999/999/999
f 999/999/999 1014/1014/1014 1015/1015/1015
f 1016/1016/1016 1001/1001/1001 1000/1000/1000
f 1000/1000/1000 1015/1015/1015 1016/1016/1016
f 1017/1017/1017 1002/1002/1002 1001/1001/1001
f 1001/1001/1001 1016/1016/1016 1017/1017/1017
f 1018/1018/1018 1003/1003/1003 1002/1002/1002
f 1002/1002/1002 1017/1017/1017 1018/1018/1018
f 1019/1019/1019 1004/1004/1004 1003/1003/1003
f 1003/1003/1003 1018/1018/1018 1019/1019/1019
f 1020/1020/1020 1005/1005/1005 1006/1006/1006
f 1006/1006/1006 1021/1021/1021 1020/1020/1020
f 1022/1022/1022 1007/1007/1007 1005/1005/1005
f 1005/1005/1005 1020/1020/1020 1022/1022/1022
f 1023/1023/1023 1008/1008/1008 1007/1007/1007
f 1007/1007/1007 1022/1022/1022 1023/1023/1023
f 1024/1024/1024 1009/1009/1009 1008/1008/1008
f 1008/1008/1008 1023/1023/1023 1024/1024/1024
f 1025/1025/1025 1010/1010/1010 1009/1009/1009
f 1009/1009/1009 1024/1024/1024 1025/1025/1025
f 1026/1026/1026 1011/1011/1011 1010/1010/1010
f 1010/1010/1010 1025/1025/1025 1026/1026/1026
f 1027/1027/1027 1012/1012/1012 1011/1011/1011
f 1011/1011/1011 1026/1026/1026 1027/1027/1027
f 1028/1028/1028 1013/1013/1013 1012/1012/1012
f 1012/1012/1012 1027/1027/1027 1028/1028/1028
f 1029/1029/1029 1014/1014/1014 1013/1013/1013
f 1013/1013/1013 1028/1028/1028 1029/1029/1029
f 1030/1030/1030 1015/1015/1015 1014/1014/1014
f 1014/1014/1014 1029/1029/1029 1030/1030/1030
f 1031/1031/1031 1016/1016/1016 1015/1015/1015
f 1015/1015/1015 1030/1030/1030 1031/1031/1031
f 1032/1032/1032 1017/1017/1017 1016/1016/1016
f 1016/1016/1016 1031/1031/1031 1032/1032/1032
f 1033/1033/1033 1018/1018/1018 1017/1017/1017
f 1017/1017/1017 1032/1032/1032 1033/1033/1033
f 1034/1034/1034 1019/1019/1019 1018/1018/1018
f 1018/1018/1018 1033/1033/1033 1034/1034/1034
f 1035/1035/1035 1020/1020/1020 1021/1021/1021
f 1036/1036/1036 1022/1022/1022 1020/1020/1020
f 1037/1037/1037 1023/1023/1023 1022/1022/1022
f 1038/1038/1038 1024/1024/1024 1023/1023/1023
f 1039/1039/1039 1025/1025/1025 1024/1024/1024
f 1040/1040/1040 1026/1026/1026 1025/1025/1025
f 1041/1041/1041 1027/1027/1027 1026/1026/1026
f 1042/1042/1042 1028/1028/1028 1027/1027/1027
f 1043/1043/1043 1029/1029/1029 1028/1028/1028
f 1044/1044/1044 1030/1030/1030 1029/1029/1029
f 1045/1045/1045 1031/1031/1031 1030/1030/1030
f 1046/1046/1046 1032/1032/1032 1031/1031/1031
f 1047/1047/1047 1033/1033/1033 1032/1032/1032
f 1048/1048/1048 1034/1034/1034 1033/1033/1033
f 1049/1049/1049 1050/1050/1050 1051/1051/1051
f 1052/1052/1052 1051/1051/1051 1053/1053/1053
f 1054/1054/1054 1053/1053/1053 1055/1055/1055
f 1056/1056/1056 1055/1055/1055 1057/1057/1057
f 1058/1058/1058 1057/1057/1057 1059/1059/1059
f 1060/1060/1060 1059/1059/1059 1061/1061/1061
f 1062/1062/1062 1061/1061/1061 1063/1063/1063
f 1064/1064/1064 1063/1063/1063 1065/1065/1065
f 1066/1066/1066 1065/1065/1065 1067/1067/1067
f 1068/1068/1068 1067/1067/1067 1069/1069/1069
f 1070/1070/1070 1069/1069/1069 1071/1071/1071
f 1072/1072/1072 1071/1071/1071 1073/1073/1073
f 1074/1074/1074 1073/1073/1073 1075/1075/1075
f 1076/1076/1076 1075/1075/1075 1077/1077/1077
f 1078/1078/1078 1051/1051/1051 1050/1050/1050
f 1050/1050/1050 1079/1079/1079 1078/1078/1078
f 1080/1080/1080 1053/1053/1053 1051/1051/1051
f 1051/1051/1051 1078/1078/1078 1080/1080/1080
f 1081/1081/1081 1055/1055/1055 1053/1053/1053
f 1053/1053/1053 1080/1080/1080 1081/1081/1081
f 1082/1082/1082 1057/1057/1057 1055/1055/1055
f 1055/1055/1055 1081/1081/1081 1082/1082/1082
f 1083/1083/1083 1059/1059/1059 1057/1057/1057
f 1057/1057/1057 1082/1082/1082 1083/1083/1083
f 1084/1084/1084 1061/1061/1061 1059/1059/1059
f 1059/1059/1059 1083/1083/1083 1084/1084/1084
f 1085/1085/1085 1063/1063/1063 1061/1061/1061
f 1061/1061/1061 1084/1084/1084 1085/1085/1085
f 1086/1086/1086 1065/1065/1065 1063/1063/1063
f 1063/1063/1063 1085/1085/1085 1086/1086/1086
f 1087/1087/1087 1067/1067/1067 1065/1065/1065
f 1065/1065/1065 1086/1086/1086 1087/1087/1087
f 1088/1088/1088 1069/1069/1069 1067/1067/1067
f 1067/1067/1067 1087/1087/1087 1088/1088/1088
f 1089/1089/1089 1071/1071/1071 1069/1069/1069
f 1069/1069/1069 1088/1088/1088 1089/1089/1089
f 1090/1090/1090 1073/1073/1073 1071/1071/1071
f 1071/1071/1071 1089/1089/1089 1090/1090/1090
f 1091/1091/1091 1075/1075/1075 1073/1073/1073
f 1073/1073/1073 1090/1090/1090 1091/1091/1091
f 1092/1092/1092 1077/1077/1077 1075/1075/1075
f 1075/1075/1075 1091/1091/1091 1092/1092/1092
f 1093/1093/1093 1078/1078/1078 1079/1079/1079
f 1079/1079/1079 1094/1094/1094 1093/1093/1093
f 1095/1095/1095 1080/1080/1080 1078/1078/1078
f 1078/1078/1078 1093/1093/1093 1095/1095/1095
f 1096/1096/1096 1081/1081/1081 1080/1080/1080
f 1080/1080/1080 1095/1095/1095 1096/1096/1096
f 1097/1097/1097 1082/1082/1082 1081/1081/1081
f 1081/1081/1081 1096/1096/1096 1097/1097/1097
f 1098/1098/1098 1083/1083/1083 1082/1082/1082
f 1082/1082/1082 1097/1097/1097 1098/1098/1098
f 1099/1099/1099 1084/1084/1084 1083/1083/1083
f 1083/1083/1083 1098/1098/1098 1099/1099/1099
f 1100/1100/1100 1085/1085/1085 1084/1084/1084
f 1084/1084/1084 1099/1099/1099 1100/1100/1100
f 1101/1101/1101 1086/1086/1086 1085/1085/1085
f 1085/1085/1085 1100/1100/1100 1101/1101/1101
f 1102/1102/1102 1087/1087/1087 1086/1086/1086
f 1086/1086/1086 1101/1101/1101 1102/1102/1102
f 1103/1103/1103 1088/1088/1088 1087/1087/1087
f 1087/1087/1087 1102/1102/1102 1103/1103/1103
f 1104/1104/1104 1089/1089/1089 1088/1088/1088
f 1088/1088/1088 1103/1103/1103 1104/1104/1104
f 1105/1105/1105 1090/1090/1090 1089/1089/1089
f 1089/1089/1089 1104/1104/1104 1105/1105/1105
f 1106/1106/1106 1091/1091/1091 1090/1090/1090
f 1090/1090/1090 1105/1105/1105 1106/1106/1106
f 1107/1107/1107 1092/1092/1092 1091/1091/1091
f 1091/1091/1091 1106/1106/1106 1107/1107/1107
f 1108/1108/1108 1093/1093/1093 1094/1094/1094
f 1094/1094/1094 1109/1109/1109 1108/1108/1108
f 1110/1110/1110 1095/1095/1095 1093/1093/1093
f 1093/1093/1093 1108/1108/1108 1110/1110/1110
f 1111/1111/1111 1096/1096/1096 1095/1095/1095
f 1095/1095/1095 1110/1110/1110 1111/1111/1111
f 1112/1112/1112 1097/1097/1097 1096/1096/1096
f 1096/1096/1096 1111/1111/1111 1112/1112/1112
f 1113/1113/1113 1098/1098/1098 1097/1097/1097
f 1097/1097/1097 1112/1112/1112 1113/1113/1113
f 1114/1114/1114 1099/1099/1099 1098/1098/1098
f 1098/1098/1098 1113/1113/1113 1114/1114/1114
f 1115/1115/1115 1100/1100/1100 1099/1099/1099
f 1099/1099/1099 1114/1114/1114 1115/1115/1115
f 1116/1116/1116 1101/1101/1101 1100/1100/1100
f 1100/1100/1100 1115/1115/1115 1116/1116/1116
f 1117/1117/1117 1102/1102/1102 1101/1101/1101
f 1101/1101/1101 1116/1116/1116 1117/1117/1117
f 1118/1118/1118 1103/1103/1103 1102/1102/1102
f 1102/1102/1102 1117/1117/1117 1118/1118/1118
f 1119/1119/1119 1104/1104/1104 1103/1103/1103
f 1103/1103/1103 1118/1118/1118 1119/1119/1119
f 1120/1120/1120 1105/1105/1105 1104/1104/1104
f 1104/1104/1104 1119/1119/1119 1120/1120/1120
f 1121/1121/1121 1106/1106/1106 1105/1105/1105
f 1105/1105/1105 1120/1120/1120 1121/1121/1121
f 1122/1122/1122 1107/1107/1107 1106/1106/1106
f 1106/1106/1106 1121/1121/1121 1122/1122/1122
f 1123/1123/1123 1108/1108/1108 1109/1109/1109
f 1109/1109/1109 1124/1124/1124 1123/1123/1123
f 1125/1125/1125 1110/1110/1110 1108/1108/1108
f 1108/1108/1108 1123/1123/1123 1125/1125/1125
f 1126/1126/1126 1111/1111/1111 1110/1110/1110
f 1110/1110/1110 1125/1125/1125 1126/1126/1126
f 1127/1127/1127 1112/1112/1112 1111/1111/1111
f 1111/1111/1111 1126/1126/1126 1127/1127/1127
f 1128/1128/1128 1113/1113/1113 1112/1112/1112
f 1112/1112/1112 1127/1127/1127 1128/1128/1128
f 1129/1129/1129 1114/1114/1114 1113/1113/1113
f 1113/1113/1113 1128/1128/1128 1129/1129/1129
f 1130/1130/1130 1115/1115/1115 1114/1114/1114
f 1114/1114/1114 1129/1129/1129 1130/1130/1130
f 1131/1131/1131 1116/1116/1116 1115/1115/1115
f 1115/1115/1115 1130/1130/1130 1131/1131/1131
f 1132/1132/1132 1117/1117/1117 1116/1116/1116
f 1116/1116/1116 1131/1131/1131 1132/1132/1132
f 1133/1133/1133 1118/1118/1118 1117/1117/1117
f 1117/1117/1117 1132/1132/1132 1133/1133/1133
f 1134/1134/1134 1119/1119/1119 1118/1118/1118
f 1118/1118/1118 1133/1133/1133 1134/1134/1134
f 1135/1135/1135 1120/1120/1120 1119/1119/1119
f 1119/1119/1119 1134/1134/1134 1135/1135/1135
f 1136/1136/1136 1121/1121/1121 1120/1120/1120
f 1120/1120/1120 1135/1135/1135 1136/1136/1136
f 1137/1137/1137 1122/1122/1122 1121/1121/1121
f 1121/1121/1121 1136/1136/1136 1137/1137/1137
f 1138/1138/1138 1123/1123/1123 1124/1124/1124
f 1124/1124/1124 1139/1139/1139 1138/1138/1138
f 1140/1140/1140 1125/1125/1125 1123/1123/1123
f 1123/1123/1123 1138/1138/1138 1140/1140/1140
f 1141/1141/1141 1126/1126/1126 1125/1125/1125
f 1125/1125/1125 1140/1140/1140 1141/1141/1141
f 1142/1142/1142 1127/1127/1127 1126/1126/1126
f 1126/1126/1126 1141/1141/1141 1142/1142/1142
f 1143/1143/1143 1128/1128/1128 1127/1127/1127
f 1127/1127/1127 1142/1142/1142 1143/1143/1143
f 1144/1144/1144 1129/1129/1129 1128/1128/1128
f 1128/1128/1128 1143/1143/1143 1144/1144/1144
f 1145/1145/1145 1130/1130/1130 1129/1129/1129
f 1129/1129/1129 1144/1144/1144 1145/1145/1145
f 1146/1146/1146 1131/1131/1131 1130/1130/1130
f 1130/1130/1130 1145/1145/1145 1146/1146/1146
f 1147/1147/1147 1132/1132/1132 1131/1131/1131
f 1131/1131/1131 1146/1146/1146 1147/1147/1147
f 1148/1148/1148 1133/1133/1133 1132/1132/1132
f 1132/1132/1132 1147/1147/1147 1148/1148/1148
f 1149/1149/1149 1134/1134/1134 1133/1133/1133
f 1133/1133/1133 1148/1148/1148 1149/1149/1149
f 1150/1150/1150 1135/1135/1135 1134/1134/1134
f 1134/1134/1134 1149/1149/1149 1150/1150/1150
f 1151/1151/1151 1136/1136/1136 1135/1135/1135
f 1135/1135/1135 1150/1150/1150 1151/1151/1151
f 1152/1152/1152 1137/1137/1137 1136/1136/1136
f 1136/1136/1136 1151/1151/1151 1152/1152/1152
f 1153/1153/1153 1138/1138/1138 1139/1139/1139
f 1154/1154/1154 1140/1140/1140 1138/1138/1138
f 1155/1155/1155 1141/1141/1141 1140/1140/1140
f 1156/1156/1156 1142/1142/1142 1141/1141/1141
f 1157/1157/1157 1143/1143/1143 1142/1142/1142
f 1158/1158/1158 1144/1144/1144 1143/1143/1143
f 1159/1159/1159 1145/1145/1145 1144/1144/1144
f 1160/1160/1160 1146/1146/1146 1145/1145/1145
f 1161/1161/1161 1147/1147/1147 1146/1146/1146
f 1162/1162/1162 1148/1148/1148 1147/1147/1147
f 1163/1163/1163 1149/1149/1149 1148/1148/1148
f 1164/1164/1164 1150/1150/1150 1149/1149/1149
f 1165/1165/1165 1151/1151/1151 1150/1150/1150
f 1166/1166/1166 1152/1152/1152 1151/1151/1151
f 1167/1167/1167 1168/1168/1168 1169/1169/1169
f 1169/1169/1169 1170/1170/1170 1171/1171/1171
f 1171/1171/1171 1172/1172/1172 1173/1173/1173
f 1173/1173/1173 1174/1174/1174 1175/1175/1175
f 1171/1171/1171 1173/1173/1173 1175/1175/1175
f 1169/1169/1169 1171/1171/1171 1175/1175/1175
f 1167/1167/1167 1169/1169/1169 1175/1175/1175
f 1176/1176/1176 1167/1167/1167 1175/1175/1175
f 1177/1177/1177 1178/1178/1178 1179/1179/1179
f 1179/1179/1179 1180/1180/1180 1177/1177/1177
f 1178/1178/1178 1181/1181/1181 1182/1182/1182
f 1182/1182/1182 1179/1179/1179 1178/1178/1178
f 1183/1183/1183 1184/1184/1184 1185/1185/1185
f 1185/1185/1185 1186/1186/1186 1183/1183/1183
f 1184/1184/1184 1187/1187/1187 1188/1188/1188
f 1188/1188/1188 1185/1185/1185 1184/1184/1184
f 1187/1187/1187 1189/1189/1189 1190/1190/1190
f 1190/1190/1190 1188/1188/1188 1187/1187/1187
f 1189/1189/1189 1191/1191/1191 1192/1192/1192
f 1192/1192/1192 1190/1190/1190 1189/1189/1189
f 1191/1191/1191 1193/1193/1193 1194/1194/1194
f 1194/1194/1194 1192/1192/1192 1191/1191/1191
f 1193/1193/1193 1195/1195/1195 1196/1196/1196
f 1196/1196/1196 1194/1194/1194 1193/1193/1193
f 1195/1195/1195 1197/1197/1197 1198/1198/1198
f 1198/1198/1198 1196/1196/1196 1195/1195/1195
f 1197/1197/1197 1177/1177/1177 1180/1180/1180
f 1180/1180/1180 1198/1198/1198 1197/1197/1197
f 1199/1199/1199 1200/1200/1200 1201/1201/1201
f 1201/1201/1201 1202/1202/1202 1203/1203/1203
f 1203/1203/1203 1204/1204/1204 1205/1205/1205
f 1205/1205/1205 1206/1206/1206 1207/1207/1207
f 1203/1203/1203 1205/1205/1205 1207/1207/1207
f 1201/1201/1201 1203/1203/1203 1207/1207/1207
f 1199/1199/1199 1201/1201/1201 1207/1207/1207
f 1208/1208/1208 1199/1199/1199 1207/1207/1207
f 1209/1209/1209 1180/1180/1180 1179/1179/1179
f 1179/1179/1179 1210/1210/1210 1209/1209/1209
f 1210/1210/1210 1179/1179/1179 1182/1182/1182
f 1182/1182/1182 1211/1211/1211 1210/1210/1210
f 1212/1212/1212 1213/1213/1213 1214/1214/1214
f 1214/1214/1214 1215/1215/1215 1212/1212/1212
f 1216/1216/1216 1217/1217/1217 1218/1218/1218
f 1218/1218/1218 1219/1219/1219 1216/1216/1216
f 1220/1220/1220 1221/1221/1221 1222/1222/1222
f 1222/1222/1222 1223/1223/1223 1220/1220/1220
f 1224/1224/1224 1225/1225/1225 1226/1226/1226
f 1226/1226/1226 1227/1227/1227 1224/1224/1224
f 1228/1228/1228 1229/1229/1229 1230/1230/1230
f 1230/1230/1230 1231/1231/1231 1228/1228/1228
f 1232/1232/1232 1233/1233/1233 1234/1234/1234
f 1234/1234/1234 1235/1235/1235 1232/1232/1232
f 1236/1236/1236 1237/1237/1237 1238/1238/1238
f 1238/1238/1238 1239/1239/1239 1236/1236/1236
f 1240/1240/1240 1198/1198/1198 1180/1180/1180
f 1180/1180/1180 1209/1209/1209 1240/1240/1240
f 1241/1241/1241 1209/1209/1209 1210/1210/1210
f 1210/1210/1210 1242/1242/1242 1241/1241/1241
f 1199/1199/1199 1241/1241/1241 1242/1242/1242
f 1242/1242/1242 1200/1200/1200 1199/1199/1199
f 1242/1242/1242 1210/1210/1210 1211/1211/1211
f 1211/1211/1211 1243/1243/1243 1242/1242/1242
f 1200/1200/1200 1242/1242/1242 1243/1243/1243
f 1243/1243/1243 1201/1201/1201 1200/1200/1200
f 1244/1244/1244 1212/1212/1212 1215/1215/1215
f 1215/1215/1215 1245/1245/1245 1244/1244/1244
f 1201/1201/1201 1244/1244/1244 1245/1245/1245
f 1245/1245/1245 1202/1202/1202 1201/1201/1201
f 1246/1246/1246 1216/1216/1216 1219/1219/1219
f 1219/1219/1219 1247/1247/1247 1246/1246/1246
f 1202/1202/1202 1246/1246/1246 1247/1247/1247
f 1247/1247/1247 1203/1203/1203 1202/1202/1202
f 1248/1248/1248 1220/1220/1220 1223/1223/1223
f 1223/1223/1223 1249/1249/1249 1248/1248/1248
f 1203/1203/1203 1248/1248/1248 1249/1249/1249
f 1249/1249/1249 1204/1204/1204 1203/1203/1203
f 1250/1250/1250 1224/1224/1224 1227/1227/1227
f 1227/1227/1227 1251/1251/1251 1250/1250/1250
f 1204/1204/1204 1250/1250/1250 1251/1251/1251
f 1251/1251/1251 1205/1205/1205 1204/1204/1204
f 1252/1252/1252 1228/1228/1228 1231/1231/1231
f 1231/1231/1231 1253/1253/1253 1252/1252/1252
f 1205/1205/1205 1252/1252/1252 1253/1253/1253
f 1253/1253/1253 1206/1206/1206 1205/1205/1205
f 1254/1254/1254 1232/1232/1232 1235/1235/1235
f 1235/1235/1235 1255/1255/1255 1254/1254/1254
f 1206/1206/1206 1254/1254/1254 1255/1255/1255
f 1255/1255/1255 1207/1207/1207 1206/1206/1206
f 1256/1256/1256 1236/1236/1236 1239/1239/1239
f 1239/1239/1239 1257/1257/1257 1256/1256/1256
f 1207/1207/1207 1256/1256/1256 1257/1257/1257
f 1257/1257/1257 1208/1208/1208 1207/1207/1207
f 1258/1258/1258 1240/1240/1240 1209/1209/1209
f 1209/1209/1209 1241/1241/1241 1258/1258/1258
f 1208/1208/1208 1258/1258/1258 1241/1241/1241
f 1241/1241/1241 1199/1199/1199 1208/1208/1208
f 1259/1259/1259 1260/1260/1260 1261/1261/1261
f 1262/1262/1262 1261/1261/1261 1263/1263/1263
f 1264/1264/1264 1263/1263/1263 1265/1265/1265
f 1266/1266/1266 1265/1265/1265 1267/1267/1267
f 1268/1268/1268 1267/1267/1267 1269/1269/1269
f 1270/1270/1270 1269/1269/1269 1271/1271/1271
f 1272/1272/1272 1271/1271/1271 1273/1273/1273
f 1274/1274/1274 1273/1273/1273 1275/1275/1275
f 1276/1276/1276 1275/1275/1275 1277/1277/1277
f 1278/1278/1278 1277/1277/1277 1279/1279/1279
f 1280/1280/1280 1279/1279/1279 1281/1281/1281
f 1282/1282/1282 1281/1281/1281 1283/1283/1283
f 1284/1284/1284 1283/1283/1283 1285/1285/1285
f 1286/1286/1286 1285/1285/1285 1287/1287/1287
f 1288/1288/1288 1261/1261/1261 1260/1260/1260
f 1260/1260/1260 1289/1289/1289 1288/1288/1288
f 1290/1290/1290 1263/1263/1263 1261/1261/1261
f 1261/1261/1261 1288/1288/1288 1290/1290/1290
f 1291/1291/1291 1265/1265/1265 1263/1263/1263
f 1263/1263/1263 1290/1290/1290 1291/1291/1291
f 1292/1292/1292 1267/1267/1267 1265/1265/1265
f 1265/1265/1265 1291/1291/1291 1292/1292/1292
f 1293/1293/1293 1269/1269/1269 1267/1267/1267
f 1267/1267/1267 1292/1292/1292 1293/1293/1293
f 1294/1294/1294 1271/1271/1271 1269/1269/1269
f 1269/1269/1269 1293/1293/1293 1294/1294/1294
f 1295/1295/1295 1273/1273/1273 1271/1271/1271
f 1271/1271/1271 1294/1294/1294 1295/1295/1295
f 1296/1296/1296 1275/1275/1275 1273/1273/1273
f 1273/1273/1273 1295/1295/1295 1296/1296/1296
f 1297/1297/1297 1277/1277/1277 1275/1275/1275
f 1275/1275/1275 1296/1296/1296 1297/1297/1297
f 1298/1298/1298 1279/1279/1279 1277/1277/1277
f 1277/1277/1277 1297/1297/1297 1298/1298/1298
f 1299/1299/1299 1281/1281/1281 1279/1279/1279
f 1279/1279/1279 1298/1298/1298 1299/1299/1299
f 1300/1300/1300 1283/1283/1283 1281/1281/1281
f 1281/1281/1281 1299/1299/1299 1300/1300/1300
f 1301/1301/1301 1285/1285/1285 1283/1283/1283
f 1283/1283/1283 1300/1300/1300 1301/1301/1301
f 1302/1302/1302 1287/1287/1287 1285/1285/1285
f 1285/1285/1285 1301/1301/1301 1302/1302/1302
f 1303/1303/1303 1288/1288/1288 1289/1289/1289
f 1289/1289/1289 1304/1304/1304 1303/1303/1303
f 1305/1305/1305 1290/1290/1290 1288/1288/1288
f 1288/1288/1288 1303/1303/1303 1305/1305/1305
f 1306/1306/1306 1291/1291/1291 1290/1290/1290
f 1290/1290/1290 1305/1305/1305 1306/1306/1306
f 1307/1307/1307 1292/1292/1292 1291/1291/1291
f 1291/1291/1291 1306/1306/1306 1307/1307/1307
f 1308/1308/1308 1293/1293/1293 1292/1292/1292
f 1292/1292/1292 1307/1307/1307 1308/1308/1308
f 1309/1309/1309 1294/1294/1294 1293/1293/1293
f 1293/1293/1293 1308/1308/1308 1309/1309/1309
f 1310/1310/1310 1295/1295/1295 1294/1294/1294
f 1294/1294/1294 1309/1309/1309 1310/1310/1310
f 1311/1311/1311 1296/1296/1296 1295/1295/1295
f 1295/1295/1295 1310/1310/1310 1311/1311/1311
f 1312/1312/1312 1297/1297/1297 1296/1296/1296
f 1296/1296/1296 1311/1311/1311 1312/1312/1312
f 1313/1313/1313 1298/1298/1298 1297/1297/1297
f 1297/1297/1297 1312/1312/1312 1313/1313/1313
f 1314/1314/1314 1299/1299/1299 1298/1298/1298
f 1298/1298/1298 1313/1313/1313 1314/1314/1314
f 1315/1315/1315 1300/1300/1300 1299/1299/1299
f 1299/1299/1299 1314/1314/1314 1315/1315/1315
f 1316/1316/1316 1301/1301/1301 1300/1300/1300
f 1300/1300/1300 1315/1315/1315 1316/1316/1316
f 1317/1317/1317 1302/1302/1302 1301/1301/1301
f 1301/1301/1301 1316/1316/1316 1317/1317/1317
f 1318/1318/1318 1303/1303/1303 1304/1304/1304
f 1304/1304/1304 1319/1319/1319 1318/1318/1318
f 1320/1320/1320 1305/1305/1305 1303/1303/1303
f 1303/1303/1303 1318/1318/1318 1320/1320/1320
f 1321/1321/1321 1306/1306/1306 1305/1305/1305
f 1305/1305/1305 1320/1320/1320 1321/1321/1321
f 1322/1322/1322 1307/1307/1307 1306/1306/1306
f 1306/1306/1306 1321/1321/1321 1322/1322/1322
f 1323/1323/1323 1308/1308/1308 1307/1307/1307
f 1307/1307/1307 1322/1322/1322 1323/1323/1323
f 1324/1324/1324 1309/1309/1309 1308/1308/1308
f 1308/1308/1308 1323/1323/1323 1324/1324/1324
f 1325/1325/1325 1310/1310/1310 1309/1309/1309
f 1309/1309/1309 1324/1324/1324 1325/1325/1325
f 1326/1326/1326 1311/1311/1311 1310/1310/1310
f 1310/1310/1310 1325/1325/1325 1326/1326/1326
f 1327/1327/1327 1312/1312/1312 1311/1311/1311
f 1311/1311/1311 1326/1326/1326 1327/1327/1327
f 1328/1328/1328 1313/1313/1313 1312/1312/1312
f 1312/1312/1312 1327/1327/1327 1328/1328/1328
f 1329/1329/1329 1314/1314/1314 1313/1313/1313
f 1313/1313/1313 1328/1328/1328 1329/1329/1329
f 1330/1330/1330 1315/1315/1315 1314/1314/1314
f 1314/1314/1314 1329/1329/1329 1330/1330/1330
f 1331/1331/1331 1316/1316/1316 1315/1315/1315
f 1315/1315/1315 1330/1330/1330 1331/1331/1331
f 1332/1332/1332 1317/1317/1317 1316/1316/1316
f 1316/1316/1316 1331/1331/1331 1332/1332/1332
f 1333/1333/1333 1318/1318/1318 1319/1319/1319
f 1319/1319/1319 1334/1334/1334 1333/1333/1333
f 1335/1335/1335 1320/1320/1320 1318/1318/1318
f 1318/1318/1318 1333/1333/1333 1335/1335/1335
f 1336/1336/1336 1321/1321/1321 1320/1320/1320
f 1320/1320/1320 1335/1335/1335 1336/1336/1336
f 1337/1337/1337 1322/1322/1322 1321/1321/1321
f 1321/1321/1321 1336/1336/1336 1337/1337/1337
f 1338/1338/1338 1323/1323/1323 1322/1322/1322
f 1322/1322/1322 1337/1337/1337 1338/1338/1338
f 1339/1339/1339 1324/1324/1324 1323/1323/1323
f 1323/1323/1323 1338/1338/1338 1339/1339/1339
f 1340/1340/1340 1325/1325/1325 1324/1324/1324
f 1324/1324/1324 1339/1339/1339 1340/1340/1340
f 1341/1341/1341 1326/1326/1326 1325/1325/1325
f 1325/1325/1325 1340/1340/1340 1341/1341/1341
f 1342/1342/1342 1327/1327/1327 1326/1326/1326
f 1326/1326/1326 1341/1341/1341 1342/1342/1342
f 1343/1343/1343 1328/1328/1328 1327/1327/1327
f 1327/1327/1327 1342/1342/1342 1343/1343/1343
f 1344/1344/1344 1329/1329/1329 1328/1328/1328
f 1328/1328/1328 1343/1343/1343 1344/1344/1344
f 1345/1345/1345 1330/1330/1330 1329/1329/1329
f 1329/1329/1329 1344/1344/1344 1345/1345/1345
f 1346/1346/1346 1331/1331/1331 1330/1330/1330
f 1330/1330/1330 1345/1345/1345 1346/1346/1346
f 1347/1347/1347 1332/1332/1332 1331/1331/1331
f 1331/1331/1331 1346/1346/1346 1347/1347/1347
f 1348/1348/1348 1333/1333/1333 1334/1334/1334
f 1334/1334/1334 1349/1349/1349 1348/1348/1348
f 1350/1350/1350 1335/1335/1335 1333/1333/1333
f 1333/1333/1333 1348/1348/1348 1350/1350/1350
f 1351/1351/1351 1336/1336/1336 1335/1335/1335
f 1335/1335/1335 1350/1350/1350 1351/1351/1351
f 1352/1352/1352 1337/1337/1337 1336/1336/1336
f 1336/1336/1336 1351/1351/1351 1352/1352/1352
f 1353/1353/1353 1338/1338/1338 1337/1337/1337
f 1337/1337/1337 1352/1352/1352 1353/1353/1353
f 1354/1354/1354 1339/1339/1339 1338/1338/1338
f 1338/1338/1338 1353/1353/1353 1354/1354/1354
f 1355/1355/1355 1340/1340/1340 1339/1339/1339
f 1339/1339/1339 1354/1354/1354 1355/1355/1355
f 1356/1356/1356 1341/1341/1341 1340/1340/1340
f 1340/1340/1340 1355/1355/1355 1356/1356/1356
f 1357/1357/1357 1342/1342/1342 1341/1341/1341
f 1341/1341/1341 1356/1356/1356 1357/1357/1357
f 1358/1358/1358 1343/1343/1343 1342/1342/1342
f 1342/1342/1342 1357/1357/1357 1358/1358/1358
f 1359/1359/1359 1344/1344/1344 1343/1343/1343
f 1343/1343/1343 1358/1358/1358 1359/1359/1359
f 1360/1360/1360 1345/1345/1345 1344/1344/1344
f 1344/1344/1344 1359/1359/1359 1360/1360/1360
f 1361/1361/1361 1346/1346/1346 1345/1345/1345
f 1345/1345/1345 1360/1360/1360 1361/1361/1361
f 1362/1362/1362 1347/1347/1347 1346/1346/1346
f 1346/1346/1346 1361/1361/1361 1362/1362/1362
f 1363/1363/1363 1348/1348/1348 1349/1349/1349
f 1364/1364/1364 1350/1350/1350 1348/1348/1348
f 1365/1365/1365 1351/1351/1351 1350/1350/1350
f 1366/1366/1366 1352/1352/1352 1351/1351/1351
f 1367/1367/1367 1353/1353/1353 1352/1352/1352
f 1368/1368/1368 1354/1354/1354 1353/1353/1353
f 1369/1369/1369 1355/1355/1355 1354/1354/1354
f 1370/1370/1370 1356/1356/1356 1355/1355/1355
f 1371/1371/1371 1357/1357/1357 1356/1356/1356
f 1372/1372/1372 1358/1358/1358 1357/1357/1357
f 1373/1373/1373 1359/1359/1359 1358/1358/1358
f 1374/1374/1374 1360/1360/1360 1359/1359/1359
f 1375/1375/1375 1361/1361/1361 1360/1360/1360
f 1376/1376/1376 1362/1362/1362 1361/1361/1361
f 1377/1377/1377 1378/1378/1378 1379/1379/1379
f 1380/1380/1380 1379/1379/1379 1381/1381/1381
f 1382/1382/1382 1381/1381/1381 1383/1383/1383
f 1384/1384/1384 1383/1383/1383 1385/1385/1385
f 1386/1386/1386 1385/1385/1385 1387/1387/1387
f 1388/1388/1388 1387/1387/1387 1389/1389/1389
f 1390/1390/1390 1389/1389/1389 1391/1391/1391
f 1392/1392/1392 1391/1391/1391 1393/1393/1393
f 1394/1394/1394 1393/1393/1393 1395/1395/1395
f 1396/1396/1396 1395/1395/1395 1397/1397/1397
f 1398/1398/1398 1397/1397/1397 1399/1399/1399
f 1400/1400/1400 1399/1399/1399 1401/1401/1401
f 1402/1402/1402 1401/1401/1401 1403/1403/1403
f 1404/1404/1404 1403/1403/1403 1405/1405/1405
f 1406/1406/1406 1379/1379/1379 1378/1378/1378
f 1378/1378/1378 1407/1407/1407 1406/1406/1406
f 1408/1408/1408 1381/1381/1381 1379/1379/1379
f 1379/1379/1379 1406/1406/1406 1408/1408/1408
f 1409/1409/1409 1383/1383/1383 1381/1381/1381
f 1381/1381/1381 1408/1408/1408 1409/1409/1409
f 1410/1410/1410 1385/1385/1385 1383/1383/1383
f 1383/1383/1383 1409/1409/1409 1410/1410/1410
f 1411/1411/1411 1387/1387/1387 1385/1385/1385
f 1385/1385/1385 1410/1410/1410 1411/1411/1411
f 1412/1412/1412 1389/1389/1389 1387/1387/1387
f 1387/1387/1387 1411/1411/1411 1412/1412/1412
f 1413/1413/1413 1391/1391/1391 1389/1389/1389
f 1389/1389/1389 1412/1412/1412 1413/1413/1413
f 1414/1414/1414 1393/1393/1393 1391/1391/1391
f 1391/1391/1391 1413/1413/1413 1414/1414/1414
f 1415/1415/1415 1395/1395/1395 1393/1393/1393
f 1393/1393/1393 1414/1414/1414 1415/1415/1415
f 1416/1416/1416 1397/1397/1397 1395/1395/1395
f 1395/1395/1395 1415/1415/1415 1416/1416/1416
f 1417/1417/1417 1399/1399/1399 1397/1397/1397
f 1397/1397/1397 1416/1416/1416 1417/1417/1417
f 1418/1418/1418 1401/1401/1401 1399/1399/1399
f 1399/1399/1399 1417/1417/1417 1418/1418/1418
f 1419/1419/1419 1403/1403/1403 1401/1401/1401
f 1401/1401/1401 1418/1418/1418 1419/1419/1419
f 1420/1420/1420 1405/1405/1405 1403/1403/1403
f 1403/1403/1403 1419/1419/1419 1420/1420/1420
f 1421/1421/1421 1406/1406/1406 1407/1407/1407
f 1407/1407/1407 1422/1422/1422 1421/1421/1421
f 1423/1423/1423 1408/1408/1408 1406/1406/1406
f 1406/1406/1406 1421/1421/1421 1423/1423/1423
f 1424/1424/1424 1409/1409/1409 1408/1408/1408
f 1408/1408/1408 1423/1423/1423 1424/1424/1424
f 1425/1425/1425 1410/1410/1410 1409/1409/1409
f 1409/1409/1409 1424/1424/1424 1425/1425/1425
f 1426/1426/1426 1411/1411/1411 1410/1410/1410
f 1410/1410/1410 1425/1425/1425 1426/1426/1426
f 1427/1427/1427 1412/1412/1412 1411/1411/1411
f 1411/1411/1411 1426/1426/1426 1427/1427/1427
f 1428/1428/1428 1413/1413/1413 1412/1412/1412
f 1412/1412/1412 1427/1427/1427 1428/1428/1428
f 1429/1429/1429 1414/1414/1414 1413/1413/1413
f 1413/1413/1413 1428/1428/1428 1429/1429/1429
f 1430/1430/1430 1415/1415/1415 1414/1414/1414
f 1414/1414/1414 1429/1429/1429 1430/1430/1430
f 1431/1431/1431 1416/1416/1416 1415/1415/1415
f 1415/1415/1415 1430/1430/1430 1431/1431/1431
f 1432/1432/1432 1417/1417/1417 1416/1416/1416
f 1416/1416/1416 1431/1431/1431 1432/1432/1432
f 1433/1433/1433 1418/1418/1418 1417/1417/1417
f 1417/1417/1417 1432/1432/1432 1433/1433/1433
f 1434/1434/1434 1419/1419/1419 1418/1418/1418
f 1418/1418/1418 1433/1433/1433 1434/1434/1434
f 1435/1435/1435 1420/1420/1420 1419/1419/1419
f 1419/1419/1419 1434/1434/1434 1435/1435/1435
f 1436/1436/1436 1421/1421/1421 1422/1422/1422
f 1422/1422/1422 1437/1437/1437 1436/1436/1436
f 1438/1438/1438 1423/1423/1423 1421/1421/1421
f 1421/1421/1421 1436/1436/1436 1438/1438/1438
f 1439/1439/1439 1424/1424/1424 1423/1423/1423
f 1423/1423/1423 1438/1438/1438 1439/1439/1439
f 1440/1440/1440 1425/1425/1425 1424/1424/1424
f 1424/1424/1424 1439/1439/1439 1440/1440/1440
f 1441/1441/1441 1426/1426/1426 1425/1425/1425
f 1425/1425/1425 1440/1440/1440 1441/1441/1441
f 1442/1442/1442 1427/1427/1427 1426/1426/1426
f 1426/1426/1426 1441/1441/1441 1442/1442/1442
f 1443/1443/1443 1428/1428/1428 1427/1427/1427
f 1427/1427/1427 1442/1442/1442 1443/1443/1443
f 1444/1444/1444 1429/1429/1429 1428/1428/1428
f 1428/1428/1428 1443/1443/1443 1444/1444/1444
f 1445/1445/1445 1430/1430/1430 1429/1429/1429
f 1429/1429/1429 1444/1444/1444 1445/1445/1445
f 1446/1446/1446 1431/1431/1431 1430/1430/1430
f 1430/1430/1430 1445/1445/1445 1446/1446/1446
f 1447/1447/1447 1432/1432/1432 1431/1431/1431
f 1431/1431/1431 1446/1446/1446 1447/1447/1447
f 1448/1448/1448 1433/1433/1433 1432/1432/1432
f 1432/1432/1432 1447/1447/1447 1448/1448/1448
f 1449/1449/1449 1434/1434/1434 1433/1433/1433
f 1433/1433/1433 1448/1448/1448 1449/1449/1449
f 1450/1450/1450 1435/1435/1435 1434/1434/1434
f 1434/1434/1434 1449/1449/1449 1450/1450/1450
f 1451/1451/1451 1436/1436/1436 1437/1437/1437
f 1437/1437/1437 1452/1452/1452 1451/1451/1451
f 1453/1453/1453 1438/1438/1438 1436/1436/1436
f 1436/1436/1436 1451/1451/1451 1453/1453/1453
f 1454/1454/1454 1439/1439/1439 1438/1438/1438
f 1438/1438/1438 1453/1453/1453 1454/1454/1454
f 1455/1455/1455 1440/1440/1440 1439/1439/1439
f 1439/1439/1439 1454/1454/1454 1455/1455/1455
f 1456/1456/1456 1441/1441/1441 1440/1440/1440
f 1440/1440/1440 1455/1455/1455 1456/1456/1456
f 1457/1457/1457 1442/1442/1442 1441/1441/1441
f 1441/1441/1441 1456/1456/1456 1457/1457/1457
f 1458/1458/1458 1443/1443/1443 1442/1442/1442
f 1442/1442/1442 1457/1457/1457 1458/1458/1458
f 1459/1459/1459 1444/1444/1444 1443/1443/1443
f 1443/1443/1443 1458/1458/1458 1459/1459/1459
f 1460/1460/1460 1445/1445/1445 1444/1444/1444
f 1444/1444/1444 1459/1459/1459 1460/1460/1460
f 1461/1461/1461 1446/1446/1446 1445/1445/1445
f 1445/1445/1445 1460/1460/1460 1461/1461/1461
f 1462/1462/1462 1447/1447/1447 1446/1446/1446
f 1446/1446/1446 1461/1461/1461 1462/1462/1462
f 1463/1463/1463 1448/1448/1448 1447/1447/1447
f 1447/1447/1447 1462/1462/1462 1463/1463/1463
f 1464/1464/1464 1449/1449/1449 1448/1448/1448
f 1448/1448/1448 1463/1463/1463 1464/1464/1464
f 1465/1465/1465 1450/1450/1450 1449/1449/1449
f 1449/1449/1449 1464/1464/1464 1465/1465/1465
f 1466/1466/1466 1451/1451/1451 1452/1452/1452
f 1452/1452/1452 1467/1467/1467 1466/1466/1466
f 1468/1468/1468 1453/1453/1453 1451/1451/1451
f 1451/1451/1451 1466/1466/1466 1468/1468/1468
f 1469/1469/1469 1454/1454/1454 1453/1453/1453
f 1453/1453/1453 1468/1468/1468 1469/1469/1469
f 1470/1470/1470 1455/1455/1455 1454/1454/1454
f 1454/1454/1454 1469/1469/1469 1470/1470/1470
f 1471/1471/1471 1456/1456/1456 1455/1455/1455
f 1455/1455/1455 1470/1470/1470 1471/1471/1471
f 1472/1472/1472 1457/1457/1457 1456/1456/1456
f 1456/1456/1456 1471/1471/1471 1472/1472/1472
f 1473/1473/1473 1458/1458/1458 1457/1457/1457
f 1457/1457/1457 1472/1472/1472 1473/1473/1473
f 1474/1474/1474 1459/1459/1459 1458/1458/1458
f 1458/1458/1458 1473/1473/1473 1474/1474/1474
f 1475/1475/1475 1460/1460/1460 1459/1459/1459
f 1459/1459/1459 1474/1474/1474 1475/1475/1475
f 1476/1476/1476 1461/1461/1461 1460/1460/1460
f 1460/1460/1460 1475/1475/1475 1476/1476/1476
f 1477/1477/1477 1462/1462/1462 1461/1461/1461
f 1461/1461/1461 1476/1476/1476 1477/1477/1477
f 1478/1478/1478 1463/1463/1463 1462/1462/1462
f 1462/1462/1462 1477/1477/1477 1478/1478/1478
f 1479/1479/1479 1464/1464/1464 1463/1463/1463
f 1463/1463/1463 1478/1478/1478 1479/1479/1479
f 1480/1480/1480 1465/1465/1465 1464/1464/1464
f 1464/1464/1464 1479/1479/1479 1480/1480/1480
f 1481/1481/1481 1466/1466/1466 1467/1467/1467
f 1482/1482/1482 1468/1468/1468 1466/1466/1466
f 1483/1483/1483 1469/1469/1469 1468/1468/1468
f 1484/1484/1484 1470/1470/1470 1469/1469/1469
f 1485/1485/1485 1471/1471/1471 1470/1470/1470
f 1486/1486/1486 1472/1472/1472 1471/1471/1471
f 1487/1487/1487 1473/1473/1473 1472/1472/1472
f 1488/1488/1488 1474/1474/1474 1473/1473/1473
f 1489/1489/1489 1475/1475/1475 1474/1474/1474
f 1490/1490/1490 1476/1476/1476 1475/1475/1475
f 1491/1491/1491 1477/1477/1477 1476/1476/1476
f 1492/1492/1492 1478/1478/1478 1477/1477/1477
f 1493/1493/1493 1479/1479/1479 1478/1478/1478
f 1494/1494/1494 1480/1480/1480 1479/1479/1479
f 1495/1495/1495 1496/1496/1496 1497/1497/1497
f 1497/1497/1497 1498/1498/1498 1499/1499/1499
f 1499/1499/1499 1500/1500/1500 1501/1501/1501
f 1501/1501/1501 1502/1502/1502 1503/1503/1503
f 1499/1499/1499 1501/1501/1501 1503/1503/1503
f 1497/1497/1497 1499/1499/1499 1503/1503/1503
f 1495/1495/1495 1497/1497/1497 1503/1503/1503
f 1504/1504/1504 1495/1495/1495 1503/1503/1503
f 1505/1505/1505 1506/1506/1506 1507/1507/1507
f 1507/1507/1507 1508/1508/1508 1505/1505/1505
f 1506/1506/1506 1509/1509/1509 1510/1510/1510
f 1510/1510/1510 1507/1507/1507 1506/1506/1506
f 1511/1511/1511 1512/1512/1512 1513/1513/1513
f 1513/1513/1513 1514/1514/1514 1511/1511/1511
f 1512/1512/1512 1515/1515/1515 1516/1516/1516
f 1516/1516/1516 1513/1513/1513 1512/1512/1512
f 1515/1515/1515 1517/1517/1517 1518/1518/1518
f 1518/1518/1518 1516/1516/1516 1515/1515/1515
f 1517/1517/1517 1519/1519/1519 1520/1520/1520
f 1520/1520/1520 1518/1518/1518 1517/1517/1517
f 1519/1519/1519 1521/1521/1521 1522/1522/1522
f 1522/1522/1522 1520/1520/1520 1519/1519/1519
f 1521/1521/1521 1523/1523/1523 1524/1524/1524
f 1524/1524/1524 1522/1522/1522 1521/1521/1521
f 1523/1523/1523 1525/1525/1525 1526/1526/1526
f 1526/1526/1526 1524/1524/1524 1523/1523/1523
f 1525/1525/1525 1505/1505/1505 1508/1508/1508
f 1508/1508/1508 1526/1526/1526 1525/1525/1525
f 1527/1527/1527 1528/1528/1528 1529/1529/1529
f 1529/1529/1529 1530/1530/1530 1531/1531/1531
f 1531/1531/1531 1532/1532/1532 1533/1533/1533
f 1533/1533/1533 1534/1534/1534 1535/1535/1535
f 1531/1531/1531 1533/1533/1533 1535/1535/1535
f 1529/1529/1529 1531/1531/1531 1535/1535/1535
f 1527/1527/1527 1529/1529/1529 1535/1535/1535
f 1536/1536/1536 1527/1527/1527 1535/1535/1535
f 1537/1537/1537 1508/1508/1508 1507/1507/1507
f 1507/1507/1507 1538/1538/1538 1537/1537/1537
f 1538/1538/1538 1507/1507/1507 1510/1510/1510
f 1510/1510/1510 1539/1539/1539 1538/1538/1538
f 1540/1540/1540 1541/1541/1541 1542/1542/1542
f 1542/1542/1542 1543/1543/1543 1540/1540/1540
f 1544/1544/1544 1545/1545/1545 1546/1546/1546
f 1546/1546/1546 1547/1547/1547 1544/1544/1544
f 1548/1548/1548 1549/1549/1549 1550/1550/1550
f 1550/1550/1550 1551/1551/1551 1548/1548/1548
f 1552/1552/1552 1553/1553/1553 1554/1554/1554
f 1554/1554/1554 1555/1555/1555 1552/1552/1552
f 1556/1556/1556 1557/1557/1557 1558/1558/1558
f 1558/1558/1558 1559/1559/1559 1556/1556/1556
f 1560/1560/1560 1561/1561/1561 1562/1562/1562
f 1562/1562/1562 1563/1563/1563 1560/1560/1560
f 1564/1564/1564 1565/1565/1565 1566/1566/1566
f 1566/1566/1566 1567/1567/1567 1564/1564/1564
f 1568/1568/1568 1526/1526/1526 1508/1508/1508
f 1508/1508/1508 1537/1537/1537 1568/1568/1568
f 1569/1569/1569 1537/1537/1537 1538/1538/1538
f 1538/1538/1538 1570/1570/1570 1569/1569/1569
f 1527/1527/1527 1569/1569/1569 1570/1570/1570
f 1570/1570/1570 1528/1528/1528 1527/1527/1527
f 1570/1570/1570 1538/1538/1538 1539/1539/1539
f 1539/1539/1539 1571/1571/1571 1570/1570/1570
f 1528/1528/1528 1570/1570/1570 1571/1571/1571
f 1571/1571/1571 1529/1529/1529 1528/1528/1528
f 1572/1572/1572 1540/1540/1540 1543/1543/1543
f 1543/1543/1543 1573/1573/1573 1572/1572/1572
f 1529/1529/1529 1572/1572/1572 1573/1573/1573
f 1573/1573/1573 1530/1530/1530 1529/1529/1529
f 1574/1574/1574 1544/1544/1544 1547/1547/1547
f 1547/1547/1547 1575/1575/1575 1574/1574/1574
f 1530/1530/1530 1574/1574/1574 1575/1575/1575
f 1575/1575/1575 1531/1531/1531 1530/1530/1530
f 1576/1576/1576 1548/1548/1548 1551/1551/1551
f 1551/1551/1551 1577/1577/1577 1576/1576/1576
f 1531/1531/1531 1576/1576/1576 1577/1577/1577
f 1577/1577/1577 1532/1532/1532 1531/1531/1531
f 1578/1578/1578 1552/1552/1552 1555/1555/1555
f 1555/1555/1555 1579/1579/1579 1578/1578/1578
f 1532/1532/1532 1578/1578/1578 1579/1579/1579
f 1579/1579/1579 1533/1533/1533 1532/1532/1532
f 1580/1580/1580 1556/1556/1556 1559/1559/1559
f 1559/1559/1559 1581/1581/1581 1580/1580/1580
f 1533/1533/1533 1580/1580/1580 1581/1581/1581
f 1581/1581/1581 1534/1534/1534 1533/1533/1533
f 1582/1582/1582 1560/1560/1560 1563/1563/1563
f 1563/1563/1563 1583/1583/1583 1582/1582/1582
f 1534/1534/1534 1582/1582/1582 1583/1583/1583
f 1583/1583/1583 1535/1535/1535 1534/1534/1534
f 1584/1584/1584 1564/1564/1564 1567/1567/1567
f 1567/1567/1567 1585/1585/1585 1584/1584/1584
f 1535/1535/1535 1584/1584/1584 1585/1585/1585
f 1585/1585/1585 1536/1536/1536 1535/1535/1535
f 1586/1586/1586 1568/1568/1568 1537/1537/1537
f 1537/1537/1537 1569/1569/1569 1586/1586/1586
f 1536/1536/1536 1586/1586/1586 1569/1569/1569
f 1569/1569/1569 1527/1527/1527 1536/1536/1536
f 1587/1587/1587 1588/1588/1588 1589/1589/1589
f 1590/1590/1590 1589/1589/1589 1591/1591/1591
f 1592/1592/1592 1591/1591/1591 1593/1593/1593
f 1594/1594/1594 1593/1593/1593 1595/1595/1595
f 1596/1596/1596 1595/1595/1595 1597/1597/1597
f 1598/1598/1598 1597/1597/1597 1599/1599/1599
f 1600/1600/1600 1599/1599/1599 1601/1601/1601
f 1602/1602/1602 1601/1601/1601 1603/1603/1603
f 1604/1604/1604 1603/1603/1603 1605/1605/1605
f 1606/1606/1606 1605/1605/1605 1607/1607/1607
f 1608/1608/1608 1607/1607/1607 1609/1609/1609
f 1610/1610/1610 1609/1609/1609 1611/1611/1611
f 1612/1612/1612 1611/1611/1611 1613/1613/1613
f 1614/1614/1614 1613/1613/1613 1615/1615/1615
f 1616/1616/1616 1589/1589/1589 1588/1588/1588
f 1588/1588/1588 1617/1617/1617 1616/1616/1616
f 1618/1618/1618 1591/1591/1591 1589/1589/1589
f 1589/1589/1589 1616/1616/1616 1618/1618/1618
f 1619/1619/1619 1593/1593/1593 1591/1591/1591
f 1591/1591/1591 1618/1618/1618 1619/1619/1619
f 1620/1620/1620 1595/1595/1595 1593/1593/1593
f 1593/1593/1593 1619/1619/1619 1620/1620/1620
f 1621/1621/1621 1597/1597/1597 1595/1595/1595
f 1595/1595/1595 1620/1620/1620 1621/1621/1621
f 1622/1622/1622 1599/1599/1599 1597/1597/1597
f 1597/1597/1597 1621/1621/1621 1622/1622/1622
f 1623/1623/1623 1601/1601/1601 1599/1599/1599
f 1599/1599/1599 1622/1622/1622 1623/1623/1623
f 1624/1624/1624 1603/1603/1603 1601/1601/1601
f 1601/1601/1601 1623/1623/1623 1624/1624/1624
f 1625/1625/1625 1605/1605/1605 1603/1603/1603
f 1603/1603/1603 1624/1624/1624 1625/1625/1625
f 1626/1626/1626 1607/1607/1607 1605/1605/1605
f 1605/1605/1605 1625/1625/1625 1626/1626/1626
f 1627/1627/1627 1609/1609/1609 1607/1607/1607
f 1607/1607/1607 1626/1626/1626 1627/1627/1627
f 1628/1628/1628 1611/1611/1611 1609/1609/1609
f 1609/1609/1609 1627/1627/1627 1628/1628/1628
f 1629/1629/1629 1613/1613/1613 1611/1611/1611
f 1611/1611/1611 1628/1628/1628 1629/1629/1629
f 1630/1630/1630 1615/1615/1615 1613/1613/1613
f 1613/1613/1613 1629/1629/1629 1630/1630/1630
f 1631/1631/1631 1616/1616/1616 1617/1617/1617
f 1617/1617/1617 1632/1632/1632 1631/1631/1631
f 1633/1633/1633 1618/1618/1618 1616/1616/1616
f 1616/1616/1616 1631/1631/1631 1633/1633/1633
f 1634/1634/1634 1619/1619/1619 1618/1618/1618
f 1618/1618/1618 1633/1633/1633 1634/1634/1634
f 1635/1635/1635 1620/1620/1620 1619/1619/1619
f 1619/1619/1619 1634/1634/1634 1635/1635/1635
f 1636/1636/1636 1621/1621/1621 1620/1620/1620
f 1620/1620/1620 1635/1635/1635 1636/1636/1636
f 1637/1637/1637 1622/1622/1622 1621/1621/1621
f 1621/1621/1621 1636/1636/1636 1637/1637/1637
f 1638/1638/1638 1623/1623/1623 1622/1622/1622
f 1622/1622/1622 1637/1637/1637 1638/1638/1638
f 1639/1639/1639 1624/1624/1624 1623/1623/1623
f 1623/1623/1623 1638/1638/1638 1639/1639/1639
f 1640/1640/1640 1625/1625/1625 1624/1624/1624
f 1624/1624/1624 1639/1639/1639 1640/1640/1640
f 1641/1641/1641 1626/1626/1626 1625/1625/1625
f 1625/1625/1625 1640/1640/1640 1641/1641/1641
f 1642/1642/1642 1627/1627/1627 1626/1626/1626
f 1626/1626/1626 1641/1641/1641 1642/1642/1642
f 1643/1643/1643 1628/1628/1628 1627/1627/1627
f 1627/1627/1627 1642/1642/1642 1643/1643/1643
f 1644/1644/1644 1629/1629/1629 1628/1628/1628
f 1628/1628/1628 1643/1643/1643 1644/1644/1644
f 1645/1645/1645 1630/1630/1630 1629/1629/1629
f 1629/1629/1629 1644/1644/1644 1645/1645/1645
f 1646/1646/1646 1631/1631/1631 1632/1632/1632
f 1632/1632/1632 1647/1647/1647 1646/1646/1646
f 1648/1648/1648 1633/1633/1633 1631/1631/1631
f 1631/1631/1631 1646/1646/1646 1648/1648/1648
f 1649/1649/1649 1634/1634/1634 1633/1633/1633
f 1633/1633/1633 1648/1648/1648 1649/1649/1649
f 1650/1650/1650 1635/1635/1635 1634/1634/1634
f 1634/1634/1634 1649/1649/1649 1650/1650/1650
f 1651/1651/1651 1636/1636/1636 1635/1635/1635
f 1635/1635/1635 1650/1650/1650 1651/1651/1651
f 1652/1652/1652 1637/1637/1637 1636/1636/1636
f 1636/1636/1636 1651/1651/1651 1652/1652/1652
f 1653/1653/1653 1638/1638/1638 1637/1637/1637
f 1637/1637/1637 1652/1652/1652 1653/1653/1653
f 1654/1654/1654 1639/1639/1639 1638/1638/1638
f 1638/1638/1638 1653/1653/1653 1654/1654/1654
f 1655/1655/1655 1640/1640/1640 1639/1639/1639
f 1639/1639/1639 1654/1654/1654 1655/1655/1655
f 1656/1656/1656 1641/1641/1641 1640/1640/1640
f 1640/1640/1640 1655/1655/1655 1656/1656/1656
f 1657/1657/1657 1642/1642/1642 1641/1641/1641
f 1641/1641/1641 1656/1656/1656 1657/1657/1657
f 1658/1658/1658 1643/1643/1643 1642/1642/1642
f 1642/1642/1642 1657/1657/1657 1658/1658/1658
f 1659/1659/1659 1644/1644/1644 1643/1643/1643
f 1643/1643/1643 1658/1658/1658 1659/1659/1659
f 1660/1660/1660 1645/1645/1645 1644/1644/1644
f 1644/1644/1644 1659/1659/1659 1660/1660/1660
f 1661/1661/1661 1646/1646/1646 1647/1647/1647
f 1647/1647/1647 1662/1662/1662 1661/1661/1661
f 1663/1663/1663 1648/1648/1648 1646/1646/1646
f 1646/1646/1646 1661/1661/1661 1663/1663/1663
f 1664/1664/1664 1649/1649/1649 1648/1648/1648
f 1648/1648/1648 1663/1663/1663 1664/1664/1664
f 1665/1665/1665 1650/1650/1650 1649/1649/1649
f 1649/1649/1649 1664/1664/1664 1665/1665/1665
f 1666/1666/1666 1651/1651/1651 1650/1650/1650
f 1650/1650/1650 1665/1665/1665 1666/1666/1666
f 1667/1667/1667 1652/1652/1652 1651/1651/1651
f 1651/1651/1651 1666/1666/1666 1667/1667/1667
f 1668/1668/1668 1653/1653/1653 1652/1652/1652
f 1652/1652/1652 1667/1667/1667 1668/1668/1668
f 1669/1669/1669 1654/1654/1654 1653/1653/1653
f 1653/1653/1653 1668/1668/1668 1669/1669/1669
f 1670/1670/1670 1655/1655/1655 1654/1654/1654
f 1654/1654/1654 1669/1669/1669 1670/1670/1670
f 1671/1671/1671 1656/1656/1656 1655/1655/1655
f 1655/1655/1655 1670/1670/1670 1671/1671/1671
f 1672/1672/1672 1657/1657/1657 1656/1656/1656
f 1656/1656/1656 1671/1671/1671 1672/1672/1672
f 1673/1673/1673 1658/1658/1658 1657/1657/1657
f 1657/1657/1657 1672/1672/1672 1673/1673/1673
f 1674/1674/1674 1659/1659/1659 1658/1658/1658
f 1658/1658/1658 1673/1673/1673 1674/1674/1674
f 1675/1675/1675 1660/1660/1660 1659/1659/1659
f 1659/1659/1659 1674/1674/1674 1675/1675/1675
f 1676/1676/1676 1661/1661/1661 1662/1662/1662
f 1662/1662/1662 1677/1677/1677 1676/1676/1676
f 1678/1678/1678 1663/1663/1663 1661/1661/1661
f 1661/1661/1661 1676/1676/1676 1678/1678/1678
f 1679/1679/1679 1664/1664/1664 1663/1663/1663
f 1663/1663/1663 1678/1678/1678 1679/1679/1679
f 1680/1680/1680 1665/1665/1665 1664/1664/1664
f 1664/1664/1664 1679/1679/1679 1680/1680/1680
f 1681/1681/1681 1666/1666/1666 1665/1665/1665
f 1665/1665/1665 1680/1680/1680 1681/1681/1681
f 1682/1682/1682 1667/1667/1667 1666/1666/1666
f 1666/1666/1666 1681/1681/1681 1682/1682/1682
f 1683/1683/1683 1668/1668/1668 1667/1667/1667
f 1667/1667/1667 1682/1682/1682 1683/1683/1683
f 1684/1684/1684 1669/1669/1669 1668/1668/1668
f 1668/1668/1668 1683/1683/1683 1684/1684/1684
f 1685/1685/1685 1670/1670/1670 1669/1669/1669
f 1669/1669/1669 1684/1684/1684 1685/1685/1685
f 1686/1686/1686 1671/1671/1671 1670/1670/1670
f 1670/1670/1670 1685/1685/1685 1686/1686/1686
f 1687/1687/1687 1672/1672/1672 1671/1671/1671
f 1671/1671/1671 1686/1686/1686 1687/1687/1687
f 1688/1688/1688 1673/1673/1673 1672/1672/1672
f 1672/1672/1672 1687/1687/1687 1688/1688/1688
f 1689/1689/1689 1674/1674/1674 1673/1673/1673
f 1673/1673/1673 1688/1688/1688 1689/1689/1689
f 1690/1690/1690 1675/1675/1675 1674/1674/1674
f 1674/1674/1674 1689/1689/1689 1690/1690/1690
f 1691/1691/1691 1676/1676/1676 1677/1677/1677
f 1692/1692/1692 1678/1678/1678 1676/1676/1676
f 1693/1693/1693 1679/1679/1679 1678/1678/1678
f 1694/1694/1694 1680/1680/1680 1679/1679/1679
f 1695/1695/1695 1681/1681/1681 1680/1680/1680
f 1696/1696/1696 1682/1682/1682 1681/1681/1681
f 1697/1697/1697 1683/1683/1683 1682/1682/1682
f 1698/1698/1698 1684/1684/1684 1683/1683/1683
f 1699/1699/1699 1685/1685/1685 1684/1684/1684
f 1700/1700/1700 1686/1686/1686 1685/1685/1685
f 1701/1701/1701 1687/1687/1687 1686/1686/1686
f 1702/1702/1702 1688/1688/1688 1687/1687/1687
f 1703/1703/1703 1689/1689/1689 1688/1688/1688
f 1704/1704/1704 1690/1690/1690 1689/1689/1689
