# Cocos Creator 3D Mesh Extracted
# Source file: 179083720180597.bin
# Type: skinned, Vertices: 1036, Triangles: 1762, Stride: 72 bytes
# Bounding Box: X=[-7.471957, 7.471961], Y=[-11.34069, 12.59339], Z=[1.451582, 13.71733]
o Model_10_skinned
v 6.161880 -10.269240 2.962126
v 4.585126 -10.828640 2.962127
v 4.585126 -10.828640 1.857289
v 6.161883 -10.269240 1.857289
v 5.254799 -9.781805 3.896461
v 4.104486 -9.888138 3.896461
v 4.585127 -10.698150 3.800076
v 6.050302 -10.163430 3.800075
v 6.805799 -9.802027 2.962126
v 6.805801 -9.773986 1.857288
v 5.660359 -9.539217 3.896460
v 6.686112 -9.737798 3.800076
v 7.209635 -9.174883 2.962127
v 7.209638 -9.174882 1.857288
v 5.896326 -9.215496 3.896459
v 7.050041 -9.146002 3.800075
v 7.430258 -8.259195 2.962126
v 7.430261 -8.259194 1.857287
v 6.089242 -8.388482 3.896460
v 7.305773 -8.266898 3.800075
v 7.177018 -7.916027 1.857288
v 7.177015 -7.916028 2.962126
v 7.052529 -7.927532 3.800075
v 6.089036 -8.047957 3.896461
v 6.636536 -7.838926 1.857288
v 6.636537 -7.838927 2.962126
v 6.512047 -7.844766 3.800075
v -0.000831 -11.210450 3.800077
v -0.000831 -11.340690 2.962129
v 2.292147 -11.236320 2.962127
v 2.292144 -11.106010 3.800076
v 2.051827 -10.090560 3.896461
v -0.000830 -10.186920 3.896462
v -0.000830 -11.340690 1.857290
v 2.292146 -11.236320 1.857288
v -6.163549 -10.269080 2.962126
v -6.163548 -10.269080 1.857288
v -4.586792 -10.828520 1.857289
v -4.586792 -10.828520 2.962126
v -5.256464 -9.781670 3.896461
v -6.051966 -10.163280 3.800074
v -4.586793 -10.698030 3.800077
v -4.106150 -9.888032 3.896461
v -6.807463 -9.801849 2.962126
v -6.807464 -9.773811 1.857289
v -5.662026 -9.539072 3.896460
v -6.687780 -9.737626 3.800076
v -7.211303 -9.174699 2.962126
v -7.211302 -9.174699 1.857288
v -5.897995 -9.215347 3.896460
v -7.051704 -9.145824 3.800075
v -7.431928 -8.259014 2.962126
v -7.431928 -8.259014 1.857287
v -6.090908 -8.388334 3.896460
v -7.307438 -8.266720 3.800075
v -7.178684 -7.915856 1.857287
v -7.178684 -7.915858 2.962126
v -7.054195 -7.927366 3.800075
v -6.090700 -8.047813 3.896460
v -6.638201 -7.838771 1.857288
v -6.638201 -7.838772 2.962127
v -6.513711 -7.844614 3.800075
v -2.293813 -11.236260 2.962126
v -2.293812 -11.105950 3.800076
v -2.053490 -10.090500 3.896462
v -2.293811 -11.236260 1.857288
v 1.554531 -10.774500 6.179560
v 1.554532 -10.937770 6.179563
v -1.554544 -10.937770 6.179561
v -1.554544 -10.774500 6.179560
v 1.554531 -10.924080 6.880949
v 1.554531 -10.774500 6.880949
v -1.554544 -10.774500 6.880949
v -1.554546 -10.924080 6.880949
v -2.906050 -10.789950 6.522700
v -2.906050 -10.789950 6.873164
v -2.906047 -10.707750 7.064580
v -2.906050 -10.558140 7.064577
v -2.906048 -10.558140 6.363188
v -2.906050 -10.721450 6.363188
v -1.554545 -11.006240 6.689535
v -1.554546 -11.006240 6.339071
v 1.554537 -11.006240 6.339072
v 1.554532 -11.006240 6.689535
v 2.906033 -10.721450 6.363188
v 2.906033 -10.558130 6.363188
v 2.906033 -10.558130 7.064578
v 2.906033 -10.707750 7.064578
v 2.906033 -10.789950 6.873162
v 2.906033 -10.789950 6.522700
v 1.554534 -10.774500 5.484912
v 1.554532 -10.937770 5.484912
v -1.554543 -10.937770 5.484915
v -1.554541 -10.774500 5.484912
v 1.554532 -10.924080 6.186302
v 1.554532 -10.774500 6.186302
v -1.554545 -10.774500 6.186301
v -1.554545 -10.924080 6.186302
v -2.906050 -10.789950 5.828053
v -2.906048 -10.789950 6.178519
v -2.906049 -10.707750 6.369932
v -2.906050 -10.558140 6.369932
v -2.906050 -10.558140 5.668543
v -2.906051 -10.721450 5.668543
v -1.554544 -11.006240 5.994890
v -1.554546 -11.006240 5.644426
v 1.554533 -11.006240 5.644428
v 1.554534 -11.006240 5.994891
v 2.906036 -10.721450 5.668544
v 2.906034 -10.558130 5.668543
v 2.906037 -10.558130 6.369932
v 2.906033 -10.707750 6.369932
v 2.906036 -10.789950 6.178516
v 2.906034 -10.789950 5.828053
v 1.554538 -10.774500 4.790267
v 1.554536 -10.937770 4.790266
v -1.554542 -10.937770 4.790264
v -1.554540 -10.774500 4.790265
v 1.554537 -10.924080 5.491654
v 1.554537 -10.774500 5.491655
v -1.554540 -10.774500 5.491653
v -1.554540 -10.924080 5.491653
v -2.906044 -10.789950 5.133405
v -2.906046 -10.789950 5.483870
v -2.906041 -10.707750 5.675285
v -2.906042 -10.558140 5.675285
v -2.906042 -10.558140 4.973897
v -2.906042 -10.721450 4.973895
v -1.554540 -11.006240 5.300241
v -1.554541 -11.006240 4.949777
v 1.554538 -11.006240 4.949777
v 1.554539 -11.006240 5.300241
v 2.906038 -10.721450 4.973895
v 2.906038 -10.558130 4.973895
v 2.906037 -10.558130 5.675284
v 2.906039 -10.707750 5.675282
v 2.906038 -10.789950 5.483867
v 2.906040 -10.789950 5.133407
v 2.160016 12.366220 2.860367
v 2.160016 12.168100 1.825607
v -0.076199 12.393470 1.825607
v -0.076200 12.593390 2.860367
v -0.076199 11.675030 3.735438
v 2.160017 11.456170 3.735437
v 2.224810 12.153390 3.735437
v -0.076198 12.388710 3.735438
v 4.596948 11.515700 2.860366
v 4.596949 11.323980 1.825606
v 4.596954 10.635070 3.735437
v 4.732474 11.274400 3.735438
v 6.199228 10.584990 2.860367
v 6.199231 10.400000 1.825606
v 5.902450 9.952577 3.735438
v 6.264576 10.371830 3.735437
v 6.853563 9.831227 2.860367
v 6.853563 9.649666 1.825606
v 6.362722 9.460295 3.735435
v 6.848029 9.691176 3.735438
v 7.263934 9.013758 2.860366
v 7.263937 8.834597 1.825606
v 6.630521 8.897960 3.735436
v 7.224149 8.957002 3.735437
v 7.290911 8.523843 2.860367
v 7.290912 8.523414 1.825606
v 6.652240 8.686814 3.735436
v 7.291234 8.523594 3.735438
v 7.160955 8.324006 2.860367
v 7.160955 8.323567 1.825604
v 6.522284 8.479694 3.735436
v 7.161282 8.323758 3.735438
v 6.780742 8.218220 2.860367
v 6.780742 8.217781 1.825605
v 6.142072 8.361894 3.735436
v 6.781070 8.217977 3.735438
v -2.312418 12.349920 2.860367
v -2.312415 12.152060 1.825607
v -2.377203 12.136900 3.735437
v -2.312415 11.441050 3.735438
v -4.749350 11.482920 2.860366
v -4.749351 11.291740 1.825607
v -4.749350 10.604760 3.735439
v -4.884871 11.241290 3.735438
v -6.351627 10.543060 2.860367
v -6.351629 10.358780 1.825607
v -6.054845 9.915250 3.735437
v -6.416975 10.330220 3.735437
v -7.005962 9.787395 2.860366
v -7.005962 9.606633 1.825606
v -6.515120 9.421601 3.735436
v -7.000425 9.648010 3.735437
v -7.416336 8.970609 2.860366
v -7.416336 8.792286 1.825606
v -6.782918 8.859732 3.735436
v -7.376546 8.914406 3.735437
v -7.443312 8.482800 2.860367
v -7.443312 8.482369 1.825606
v -6.804639 8.649323 3.735436
v -7.443635 8.482552 3.735438
v -7.313355 8.284760 2.860366
v -7.313355 8.284325 1.825605
v -6.674685 8.443911 3.735435
v -7.313678 8.284506 3.735438
v -6.933143 8.181897 2.860367
v -6.933143 8.181457 1.825605
v -6.294473 8.328943 3.735435
v -6.933467 8.181652 3.735438
v 7.471958 5.736417 2.946655
v 7.471957 5.465353 3.460948
v 7.471958 4.985520 3.790894
v 7.471957 4.407031 3.860904
v 7.471957 3.862438 3.654941
v 7.471956 3.476349 3.220189
v 7.471961 3.337048 2.656243
v 7.471956 3.476351 2.092298
v 7.471956 3.862435 1.657545
v 7.471956 4.407030 1.451582
v 7.471955 4.985520 1.521592
v 7.471957 5.465355 1.851538
v 7.471956 5.736417 2.365831
v 7.471961 -3.512231 2.946655
v 7.471958 -3.782597 3.460948
v 7.471958 -4.261501 3.790893
v 7.471956 -4.839376 3.860903
v 7.471956 -5.383902 3.654940
v 7.471956 -5.770240 3.220188
v 7.471958 -5.909696 2.656243
v 7.471957 -5.770240 2.092297
v 7.471956 -5.383900 1.657545
v 7.471956 -4.839377 1.451582
v 7.471958 -4.261503 1.521593
v 7.471960 -3.782597 1.851538
v 7.471958 -3.512232 2.365832
v -7.471955 4.407036 1.451582
v -7.471955 3.862436 1.657545
v -7.471955 3.476353 2.092298
v -7.471956 3.337040 2.656244
v -7.471956 3.476351 3.220188
v -7.471956 3.862440 3.654941
v -7.471956 4.407031 3.860904
v -7.471956 4.985520 3.790895
v -7.471956 5.465349 3.460948
v -7.471956 5.736415 2.946656
v -7.471955 5.736416 2.365832
v -7.471955 5.465355 1.851538
v -7.471955 4.985516 1.521593
v -7.471957 -4.839378 1.451582
v -7.471957 -5.383902 1.657545
v -7.471957 -5.770238 2.092298
v -7.471957 -5.909697 2.656243
v -7.471956 -5.770238 3.220187
v -7.471956 -5.383901 3.654940
v -7.471956 -4.839377 3.860904
v -7.471956 -4.261504 3.790893
v -7.471956 -3.782600 3.460948
v -7.471956 -3.512234 2.946655
v -7.471956 -3.512234 2.365831
v -7.471956 -3.782598 1.851538
v -7.471956 -4.261503 1.521593
v 6.636536 -7.838926 1.857288
v -6.638201 -7.838771 1.857288
v -6.638201 -7.838772 2.962127
v 6.636537 -7.838927 2.962126
v 7.430261 -8.259194 1.857287
v 7.209638 -9.174882 1.857288
v 6.805801 -9.773986 1.857288
v 6.161883 -10.269240 1.857289
v 4.585126 -10.828640 1.857289
v 2.292146 -11.236320 1.857288
v -0.000830 -11.340690 1.857290
v -2.293811 -11.236260 1.857288
v -4.586792 -10.828520 1.857289
v -6.163548 -10.269080 1.857288
v -6.807464 -9.773811 1.857289
v -7.211302 -9.174699 1.857288
v -7.431928 -8.259014 1.857287
v -7.178684 -7.915856 1.857287
v 7.177018 -7.916027 1.857288
v -6.933143 8.181457 1.825605
v 6.780742 8.217781 1.825605
v 6.780742 8.218220 2.860367
v -6.933143 8.181897 2.860367
v -6.351629 10.358780 1.825607
v -4.749351 11.291740 1.825607
v -2.312415 12.152060 1.825607
v -0.076199 12.393470 1.825607
v 2.160016 12.168100 1.825607
v 4.596949 11.323980 1.825606
v 6.199231 10.400000 1.825606
v 6.853563 9.649666 1.825606
v 7.263937 8.834597 1.825606
v 7.290912 8.523414 1.825606
v 7.160955 8.323567 1.825604
v -7.313355 8.284325 1.825605
v -7.443312 8.482369 1.825606
v -7.416336 8.792286 1.825606
v -7.005962 9.606633 1.825606
v -3.576594 -10.129850 6.421731
v -3.834047 -10.089230 7.221673
v -4.110827 -10.979220 7.132739
v -3.881992 -11.016190 6.421733
v -4.508061 -9.979506 7.716066
v -4.709910 -10.879660 7.572164
v -5.341199 -9.837207 7.716067
v -5.450418 -10.751060 7.572164
v -6.015221 -9.716736 7.221673
v -6.049501 -10.642580 7.132739
v -6.272666 -9.669477 6.421736
v -6.278330 -10.600090 6.421735
v -6.015215 -9.716734 5.621791
v -6.049498 -10.642580 5.710727
v -5.341196 -9.837206 5.127399
v -5.450418 -10.751060 5.271298
v -4.508066 -9.979508 5.127399
v -4.709912 -10.879660 5.271297
v -3.834044 -10.089230 5.621790
v -4.110825 -10.979220 5.710725
v 3.576593 -10.129850 6.421733
v 3.881993 -11.016190 6.421731
v 4.110829 -10.979220 7.132741
v 3.834044 -10.089230 7.221671
v 4.709908 -10.879660 7.572164
v 4.508067 -9.979510 7.716067
v 5.450415 -10.751070 7.572164
v 5.341197 -9.837211 7.716067
v 6.049503 -10.642580 7.132740
v 6.015222 -9.716738 7.221674
v 6.278330 -10.600090 6.421733
v 6.272665 -9.669479 6.421731
v 6.049503 -10.642580 5.710725
v 6.015216 -9.716737 5.621790
v 5.450417 -10.751070 5.271300
v 5.341199 -9.837210 5.127398
v 4.709908 -10.879660 5.271297
v 4.508065 -9.979511 5.127399
v 4.110826 -10.979220 5.710728
v 3.834045 -10.089230 5.621790
v 3.501301 10.837300 5.732674
v 3.738771 10.720080 6.526042
v 4.305999 11.512350 6.437840
v 4.094925 11.622590 5.732673
v 4.360477 10.407490 7.016374
v 4.858589 11.218920 6.873656
v 5.128959 10.010620 7.016375
v 5.541629 10.847260 6.873657
v 5.750673 9.681923 6.526047
v 6.094219 10.539940 6.437838
v 5.988139 9.554734 5.732674
v 6.305289 10.421110 5.732674
v 5.750662 9.681912 4.939302
v 6.094214 10.539940 5.027506
v 5.128958 10.010620 4.448973
v 5.541627 10.847250 4.591691
v 4.360486 10.407490 4.448973
v 4.858584 11.218910 4.591690
v 3.738770 10.720080 4.939301
v 4.305999 11.512350 5.027509
v -3.501296 10.837310 5.732675
v -4.094922 11.622590 5.732675
v -4.305995 11.512350 6.437840
v -3.738771 10.720080 6.526043
v -4.858584 11.218920 6.873659
v -4.360476 10.407490 7.016374
v -5.541624 10.847260 6.873659
v -5.128955 10.010620 7.016375
v -6.094214 10.539940 6.437840
v -5.750665 9.681923 6.526047
v -6.305283 10.421110 5.732675
v -5.988134 9.554729 5.732675
v -6.094212 10.539930 5.027505
v -5.750663 9.681923 4.939302
v -5.541625 10.847250 4.591692
v -5.128953 10.010620 4.448973
v -4.858584 11.218910 4.591691
v -4.360479 10.407490 4.448972
v -4.305994 11.512350 5.027509
v -3.738768 10.720080 4.939302
v -5.105235 -10.089320 12.892630
v -5.095498 -10.211620 9.295230
v -5.096229 -10.486280 9.316244
v -5.106096 -10.364460 12.902710
v -4.867138 -10.639500 9.398881
v -4.876791 -10.521500 12.878050
v -4.637312 -10.517330 9.460516
v -4.646622 -10.402670 12.843330
v -4.636578 -10.242410 9.439505
v -4.645763 -10.127260 12.833250
v -4.907664 -10.259380 8.897690
v -4.911036 -10.533660 8.921263
v -4.736117 -10.673570 9.117523
v -4.557818 -10.538850 9.290213
v -4.554445 -10.264350 9.266639
v -4.666971 -10.290440 8.681556
v -4.671478 -10.564610 8.707745
v -4.575559 -10.693300 8.975435
v -4.475130 -10.547850 9.216936
v -4.470623 -10.273540 9.190742
v -4.346675 -10.332550 8.597938
v -4.359509 -10.605790 8.626247
v -4.336117 -10.724740 8.912851
v -4.299890 -10.570690 9.171144
v -4.287053 -10.297360 9.142837
v -3.148222 -10.476940 8.547172
v -3.163022 -10.750520 8.575550
v -3.161733 -10.866680 8.863085
v -3.145650 -10.709610 9.122242
v -3.130854 -10.435950 9.093864
v -2.394982 -10.554670 8.520004
v -2.404272 -10.829070 8.548178
v -2.403568 -10.945190 8.835729
v -2.393571 -10.787300 9.095108
v -2.384284 -10.512820 9.066936
v 0.002215 -10.639230 8.491117
v 0.002216 -10.914290 8.519182
v 0.002215 -11.030420 8.806744
v 0.002216 -10.871920 9.066241
v 0.002216 -10.596760 9.038173
v 2.399411 -10.554520 8.520001
v 2.408701 -10.828910 8.548176
v 2.407995 -10.945040 8.835728
v 2.398002 -10.787140 9.095108
v 2.388711 -10.512670 9.066929
v 3.152647 -10.476730 8.547168
v 3.167447 -10.750300 8.575549
v 3.166163 -10.866480 8.863083
v 3.150079 -10.709400 9.122238
v 3.135281 -10.435740 9.093865
v 4.351103 -10.332250 8.597934
v 4.363941 -10.605490 8.626244
v 4.340537 -10.724440 8.912845
v 4.304313 -10.570400 9.171141
v 4.291476 -10.297070 9.142830
v 4.671404 -10.290130 8.681554
v 4.675904 -10.564300 8.707741
v 4.579981 -10.692990 8.975430
v 4.479553 -10.547550 9.216930
v 4.475051 -10.273230 9.190739
v 4.912078 -10.259050 8.897676
v 4.915461 -10.533340 8.921259
v 4.740549 -10.673250 9.117533
v 4.562253 -10.538540 9.290218
v 4.558869 -10.264040 9.266637
v 5.099919 -10.211270 9.295220
v 5.100657 -10.485940 9.316238
v 4.871569 -10.639170 9.398887
v 4.641741 -10.517020 9.460520
v 4.641003 -10.242110 9.439503
v 5.109654 -10.088970 12.892640
v 5.110524 -10.364110 12.902720
v 4.881225 -10.521160 12.878060
v 4.651053 -10.402360 12.843310
v 4.650186 -10.126960 12.833240
v 5.045874 -10.086890 13.235380
v 5.048123 -10.362130 13.237710
v 4.836117 -10.519560 13.120030
v 4.621851 -10.401170 13.000020
v 4.619601 -10.125670 12.997690
v 4.871983 -10.105440 13.506990
v 4.880453 -10.380120 13.499270
v 4.728929 -10.530690 13.287010
v 4.568928 -10.406340 13.082470
v 4.560458 -10.131450 13.090190
v 4.579274 -10.148080 13.717330
v 4.596018 -10.421750 13.704240
v 4.540824 -10.558220 13.422960
v 4.468885 -10.421160 13.154760
v 4.452141 -10.147370 13.167840
v 3.094682 -10.354630 13.708110
v 3.110771 -10.629250 13.695770
v 3.121962 -10.756680 13.415230
v 3.117070 -10.609830 13.147030
v 3.100984 -10.335180 13.159380
v 2.395521 -10.415570 13.685310
v 2.404634 -10.691080 13.672780
v 2.413209 -10.818920 13.392170
v 2.412680 -10.671630 13.124100
v 2.403566 -10.396080 13.136630
v 0.002215 -10.520480 13.655270
v 0.002213 -10.796730 13.642610
v 0.002209 -10.925130 13.361890
v 0.002216 -10.777750 13.093830
v 0.002218 -10.501460 13.106490
v -2.391094 -10.415720 13.685310
v -2.400209 -10.691240 13.672790
v -2.408790 -10.819070 13.392170
v -2.408248 -10.671790 13.124100
v -2.399132 -10.396240 13.136630
v -3.090255 -10.354830 13.708120
v -3.106346 -10.629460 13.695770
v -3.117536 -10.756880 13.415230
v -3.112639 -10.610040 13.147030
v -3.096553 -10.335380 13.159380
v -4.574862 -10.148380 13.717320
v -4.591602 -10.422060 13.704240
v -4.536397 -10.558520 13.422960
v -4.464450 -10.421460 13.154750
v -4.447709 -10.147670 13.167850
v -4.867565 -10.105760 13.506990
v -4.876039 -10.380450 13.499270
v -4.724503 -10.531010 13.287010
v -4.564495 -10.406650 13.082480
v -4.556024 -10.131750 13.090210
v -5.041449 -10.087220 13.235380
v -5.043708 -10.362460 13.237690
v -4.831697 -10.519880 13.120010
v -4.617423 -10.401470 13.000030
v -4.615164 -10.125980 12.997720
v -4.364907 10.210350 12.975640
v -3.964775 10.457270 12.956250
v -4.024144 10.609340 13.197180
v -4.421988 10.361780 13.216550
v -4.138007 10.842820 13.104270
v -4.549688 10.583180 13.124470
v -4.149009 10.835580 12.805920
v -4.571528 10.569090 12.826650
v -4.041947 10.597760 12.714440
v -4.457327 10.339300 12.734670
v -3.568999 10.668690 12.940230
v -3.613826 10.830360 13.180560
v -3.700406 11.081960 13.086530
v -3.709084 11.076100 12.788100
v -3.627870 10.820980 12.697680
v -3.261317 10.783740 12.931770
v -3.286250 10.954060 13.171560
v -3.335670 11.222070 13.076520
v -3.341278 11.217490 12.778000
v -3.295326 10.946700 12.688540
v -2.939822 10.859880 12.927120
v -2.949100 11.034860 13.166680
v -2.968375 11.311880 13.071210
v -2.971010 11.308090 12.772650
v -2.953365 11.028740 12.683590
v 0.013405 11.112140 12.913600
v 0.013405 11.291460 13.153130
v 0.013405 11.576180 13.057590
v 0.013405 11.572740 12.759000
v 0.013405 11.285900 12.670020
v 2.966627 10.856520 12.927120
v 2.975904 11.031440 13.166680
v 2.995181 11.308350 13.071210
v 2.997816 11.304550 12.772650
v 2.980166 11.025310 12.683590
v 3.288121 10.780020 12.931770
v 3.313055 10.950260 13.171560
v 3.362470 11.218120 13.076520
v 3.368083 11.213530 12.778000
v 3.322130 10.942890 12.688540
v 3.595798 10.664640 12.940220
v 3.640628 10.826210 13.180550
v 3.727207 11.077610 13.086530
v 3.735886 11.071740 12.788090
v 3.654676 10.816820 12.697670
v 3.991581 10.452840 12.956250
v 4.050948 10.604780 13.197170
v 4.164807 10.838030 13.104260
v 4.175807 10.830770 12.805910
v 4.068751 10.593190 12.714440
v 4.391706 10.205570 12.975640
v 4.448790 10.356860 13.216550
v 4.576494 10.577990 13.124470
v 4.598335 10.563890 12.826650
v 4.484129 10.334340 12.734670
v 4.783352 9.950880 13.026960
v 4.848533 10.094980 13.268870
v 4.975777 10.312810 13.176650
v 4.989241 10.304010 12.877740
v 4.870312 10.080930 12.785230
v 5.180739 9.690095 13.019330
v 5.320143 9.782897 13.259590
v 5.407542 10.023240 13.167880
v 5.322150 10.080700 12.870940
v 5.181980 9.874636 12.779130
v 5.349630 9.593046 12.895760
v 5.592694 9.623916 13.060330
v 5.622374 9.896225 13.010990
v 5.397653 10.036430 12.815930
v 5.229087 9.847550 12.744720
v 5.429487 9.562924 12.695360
v 5.713943 9.576813 12.756090
v 5.721062 9.857183 12.763430
v 5.441004 10.019590 12.707240
v 5.260799 9.835607 12.665170
v 5.495903 9.763507 10.499160
v 5.781831 9.779646 10.510900
v 5.788100 10.057210 10.545280
v 5.506043 10.215650 10.554790
v 5.325458 10.031920 10.526280
v 5.457845 10.038570 8.305296
v 5.743055 10.058690 8.276188
v 5.749786 10.333080 8.338923
v 5.468737 10.485550 8.406805
v 5.288310 10.301250 8.386023
v 5.383469 10.120860 8.086411
v 5.641429 10.171910 7.977095
v 5.667324 10.425550 8.096159
v 5.425364 10.534040 8.279059
v 5.249934 10.343810 8.273034
v 5.218383 10.265080 7.937632
v 5.408635 10.377540 7.767591
v 5.483615 10.589030 7.931126
v 5.339697 10.609630 8.202236
v 5.175776 10.408480 8.206258
v 4.910818 10.512180 7.882081
v 5.043586 10.673640 7.701195
v 5.157176 10.856620 7.871310
v 5.094612 10.810070 8.157334
v 4.942356 10.597040 8.163990
v 4.602763 10.741640 7.883249
v 4.719244 10.917620 7.702167
v 4.832043 11.104020 7.872035
v 4.785270 11.044780 8.158099
v 4.643569 10.820800 8.165029
v 4.218376 11.006520 7.860665
v 4.327560 11.190650 7.679274
v 4.425860 11.390240 7.848415
v 4.377428 11.330780 8.134342
v 4.249197 11.093550 8.141913
v 3.826161 11.242540 7.843307
v 3.916809 11.440780 7.661080
v 3.999366 11.653090 7.829513
v 3.959739 11.587010 8.115837
v 3.852694 11.333230 8.124361
v 3.493658 11.404970 7.832660
v 3.556209 11.619240 7.649525
v 3.613494 11.846530 7.817141
v 3.586341 11.773240 8.103864
v 3.512280 11.500320 8.113457
v 3.156123 11.515400 7.826996
v 3.184430 11.742710 7.643273
v 3.210067 11.982560 7.810340
v 3.197608 11.903590 8.097318
v 3.164270 11.614850 8.107614
v 1.592674 11.751670 7.817152
v 1.599767 11.986880 7.633297
v 1.605681 12.234590 7.800247
v 1.602240 12.152390 8.087279
v 1.594204 11.853920 8.097727
v 0.013401 11.824130 7.813547
v 0.013401 12.061080 7.629677
v 0.013400 12.310510 7.796617
v 0.013398 12.227610 8.083655
v 0.013402 11.927000 8.094121
v -1.565871 11.753580 7.817152
v -1.572961 11.988840 7.633298
v -1.578875 12.236600 7.800250
v -1.575438 12.154380 8.087283
v -1.567403 11.855850 8.097728
v -3.129318 11.519190 7.826998
v -3.157623 11.746620 7.643273
v -3.183259 11.986580 7.810342
v -3.170800 11.907570 8.097320
v -3.137464 11.618690 8.107613
v -3.466849 11.409150 7.832659
v -3.529402 11.623590 7.649525
v -3.586684 11.851030 7.817141
v -3.559535 11.777690 8.103867
v -3.485472 11.504560 8.113461
v -3.799357 11.247080 7.843307
v -3.890005 11.445530 7.661083
v -3.972563 11.658030 7.829516
v -3.932935 11.591860 8.115840
v -3.825889 11.337830 8.124363
v -4.191569 11.011450 7.860668
v -4.300752 11.195790 7.679272
v -4.399053 11.395600 7.848419
v -4.350624 11.336060 8.134346
v -4.222393 11.098570 8.141918
v -4.575958 10.746920 7.883249
v -4.692439 10.923130 7.702169
v -4.805235 11.109790 7.872037
v -4.758466 11.050460 8.158100
v -4.616764 10.826180 8.165031
v -4.884009 10.517740 7.882085
v -5.016779 10.679450 7.701198
v -5.130376 10.862670 7.871317
v -5.067811 10.816020 8.157342
v -4.915549 10.602700 8.163994
v -5.191578 10.270900 7.937640
v -5.381832 10.383650 7.767600
v -5.456810 10.595360 7.931130
v -5.312893 10.615790 8.202244
v -5.148972 10.414310 8.206261
v -5.356662 10.126790 8.086413
v -5.614624 10.178180 7.977099
v -5.640517 10.432020 8.096164
v -5.398559 10.540250 8.279064
v -5.223127 10.349690 8.273039
v -5.431041 10.044550 8.305301
v -5.716249 10.065030 8.276194
v -5.722979 10.339590 8.338926
v -5.441932 10.491790 8.406807
v -5.261502 10.307170 8.386026
v -5.469097 9.769362 10.499170
v -5.755025 9.785864 10.510910
v -5.761294 10.063600 10.545280
v -5.479240 10.221790 10.554790
v -5.298652 10.037730 10.526280
v -5.402683 9.568590 12.695360
v -5.687140 9.582821 12.756080
v -5.694260 9.863358 12.763440
v -5.414202 10.025530 12.707240
v -5.233997 9.841227 12.665170
v -5.322825 9.598634 12.895770
v -5.565890 9.629811 13.060330
v -5.595571 9.902312 13.011000
v -5.370849 10.042320 12.815940
v -5.202284 9.853147 12.744720
v -5.153937 9.695544 13.019330
v -5.293340 9.788560 13.259590
v -5.380737 10.029140 13.167890
v -5.295349 10.086540 12.870950
v -5.155179 9.880184 12.779140
v -4.756549 9.956004 13.026960
v -4.821731 10.100250 13.268880
v -4.948976 10.318340 13.176650
v -4.962436 10.309550 12.877740
v -4.843511 10.086220 12.785230
v 6.399891 6.522071 12.969650
v 6.395889 6.456522 13.139310
v 6.632441 6.611107 13.324270
v 6.639052 6.715364 13.051730
v 6.963694 6.441687 13.232610
v 6.968788 6.521918 13.020250
v 6.931874 6.187130 12.990990
v 6.933411 6.214384 12.918720
v 6.580954 6.194863 12.933330
v 6.581814 6.212555 12.887450
v 6.394722 6.323954 13.232240
v 6.629995 6.358166 13.503090
v 6.961943 6.257163 13.364560
v 6.931828 6.163478 13.008080
v 6.581265 6.204665 12.926300
v 6.393606 3.977371 13.289610
v 6.628916 3.950034 13.562240
v 6.960846 3.909785 13.422630
v 6.930681 3.913525 13.063730
v 6.580108 3.955785 12.981520
v 6.394731 1.639785 13.232390
v 6.630135 1.553116 13.503190
v 6.962017 1.570431 13.364460
v 6.931723 1.667628 13.007920
v 6.581120 1.711442 12.926300
v 6.395880 1.502767 13.140060
v 6.632560 1.291433 13.325440
v 6.963748 1.379348 13.233370
v 6.931753 1.643397 12.991090
v 6.580793 1.721837 12.933420
v 6.399970 1.440836 12.967020
v 6.639800 1.185714 13.027430
v 6.969169 1.300157 13.007860
v 6.932897 1.623947 12.935360
v 6.581116 1.713485 12.910120
v 6.466228 1.395498 11.128900
v 6.707955 1.139603 11.137720
v 7.036163 1.254781 11.149700
v 6.997282 1.579787 11.148280
v 6.645043 1.669376 11.135430
v 6.534114 1.433069 9.291336
v 6.777812 1.178272 9.248219
v 7.104850 1.292165 9.291186
v 7.063271 1.615293 9.360858
v 6.710539 1.705014 9.360951
v 6.542057 1.493855 9.118765
v 6.791388 1.282406 8.950264
v 7.115187 1.370321 9.065198
v 7.065975 1.634614 9.304729
v 6.711760 1.713151 9.337838
v 6.547068 1.630202 9.026549
v 6.800900 1.542778 8.772785
v 7.122226 1.560215 8.934531
v 7.066988 1.658385 9.288262
v 6.711519 1.702550 9.345131
v 6.549896 4.196522 8.969038
v 6.803883 4.164757 8.713737
v 7.125119 4.122851 8.876444
v 7.069672 4.130221 9.232305
v 6.714163 4.176116 9.289529
v 6.547095 6.773568 9.026378
v 6.801066 6.794540 8.772697
v 7.122304 6.692393 8.934651
v 7.066866 6.611532 9.288422
v 6.711368 6.661439 9.345114
v 6.542079 6.917631 9.118729
v 6.791568 7.069285 8.950272
v 7.115272 6.892523 9.065356
v 7.065847 6.636669 9.304944
v 6.711595 6.650465 9.337928
v 6.534007 6.976719 9.294078
v 6.776837 7.177378 9.273326
v 7.104353 6.971533 9.303961
v 7.063935 6.649389 9.343643
v 6.711448 6.650430 9.337536
v 6.465847 6.791009 11.139460
v 6.706254 6.987073 11.185690
v 7.035194 6.787389 11.176960
v 6.998091 6.473440 11.125330
v 6.646213 6.473650 11.102160
v 6.537757 -1.363054 12.963840
v 6.534095 -1.419769 13.124580
v 6.770863 -1.236613 13.297670
v 6.777325 -1.139253 13.019720
v 7.084688 -1.347731 13.201570
v 7.089371 -1.277113 12.998170
v 7.041874 -1.597843 12.969090
v 7.042663 -1.584014 12.928970
v 6.701586 -1.643899 12.921510
v 6.701745 -1.639023 12.907750
v 6.532878 -1.547613 13.211300
v 6.768415 -1.480198 13.463980
v 7.082989 -1.519057 13.319510
v 7.041874 -1.609902 12.977560
v 6.701889 -1.628110 12.910680
v 6.531872 -4.447807 13.262780
v 6.767371 -4.435611 13.517120
v 7.081964 -4.418648 13.371680
v 7.040899 -4.420907 13.027470
v 6.700927 -4.439095 12.960160
v 6.532879 -7.362670 13.211280
v 6.768383 -7.408803 13.463980
v 7.082968 -7.340934 13.319540
v 7.041885 -7.254057 12.977580
v 6.701909 -7.267510 12.910670
v 6.534086 -7.489613 13.124560
v 6.770833 -7.651240 13.297650
v 7.084673 -7.512060 13.201580
v 7.041891 -7.266105 12.969120
v 6.701610 -7.251793 12.921510
v 6.537751 -7.545651 12.963830
v 6.777299 -7.747644 13.019690
v 7.089358 -7.582226 12.998160
v 7.042679 -7.279855 12.928990
v 6.701769 -7.256637 12.907780
v 6.597232 -7.577564 11.129270
v 6.838314 -7.780017 11.137180
v 7.149357 -7.613786 11.147390
v 7.100509 -7.310469 11.145790
v 6.759277 -7.287461 11.134590
v 6.658208 -7.535150 9.294462
v 6.900877 -7.736261 9.254674
v 7.210853 -7.570697 9.296948
v 7.159763 -7.269153 9.362861
v 6.818209 -7.246538 9.361324
v 6.665464 -7.478061 9.133494
v 6.913231 -7.638231 8.976885
v 7.219933 -7.499465 9.094014
v 7.161722 -7.255267 9.323016
v 6.819039 -7.241518 9.347416
v 6.670296 -7.350785 9.046973
v 6.922342 -7.395082 8.810779
v 7.226451 -7.327762 8.976140
v 7.162351 -7.243138 9.314531
v 6.818629 -7.257282 9.358309
v 6.672813 -4.440562 8.995543
v 6.924941 -4.427210 8.757688
v 7.229002 -4.410454 8.924026
v 7.164799 -4.414054 9.264684
v 6.821056 -4.432771 9.308886
v 6.670290 -1.547326 9.046998
v 6.922318 -1.479868 8.810785
v 7.226440 -1.518472 8.976117
v 7.162371 -1.609241 9.314513
v 6.818654 -1.627657 9.358319
v 6.665458 -1.419891 9.133510
v 6.913206 -1.237027 8.976877
v 7.219924 -1.347602 9.093994
v 7.161740 -1.597154 9.323012
v 6.819064 -1.643417 9.347435
v 6.658206 -1.363163 9.294463
v 6.900848 -1.139850 9.254646
v 7.210845 -1.277298 9.296928
v 7.159785 -1.583464 9.362877
v 6.818235 -1.638467 9.361351
v 6.597229 -1.325865 11.129270
v 6.838265 -1.101453 11.137190
v 7.149342 -1.239945 11.147400
v 7.100543 -1.547826 11.145790
v 6.759322 -1.602853 11.134590
v -6.399889 6.522072 12.969650
v -6.639052 6.715369 13.051730
v -6.632437 6.611104 13.324270
v -6.395890 6.456526 13.139310
v -6.968786 6.521917 13.020250
v -6.963693 6.441685 13.232610
v -6.933409 6.214386 12.918720
v -6.931872 6.187130 12.990990
v -6.581810 6.212551 12.887450
v -6.580952 6.194869 12.933330
v -6.629992 6.358166 13.503090
v -6.394722 6.323948 13.232240
v -6.961942 6.257164 13.364550
v -6.931826 6.163478 13.008070
v -6.581264 6.204662 12.926300
v -6.628913 3.950035 13.562240
v -6.393604 3.977367 13.289620
v -6.960845 3.909788 13.422630
v -6.930682 3.913523 13.063730
v -6.580106 3.955779 12.981520
v -6.630136 1.553120 13.503190
v -6.394729 1.639781 13.232390
v -6.962015 1.570431 13.364460
v -6.931720 1.667628 13.007920
v -6.581117 1.711444 12.926300
v -6.632559 1.291433 13.325440
v -6.395879 1.502768 13.140060
v -6.963746 1.379345 13.233370
v -6.931751 1.643396 12.991090
v -6.580789 1.721839 12.933420
v -6.639799 1.185714 13.027420
v -6.399969 1.440831 12.967020
v -6.969164 1.300158 13.007860
v -6.932894 1.623945 12.935360
v -6.581112 1.713485 12.910120
v -6.707952 1.139603 11.137720
v -6.466226 1.395499 11.128900
v -7.036163 1.254783 11.149700
v -6.997281 1.579787 11.148280
v -6.645040 1.669376 11.135420
v -6.777809 1.178272 9.248216
v -6.534111 1.433071 9.291333
v -7.104846 1.292169 9.291185
v -7.063269 1.615295 9.360856
v -6.710536 1.705012 9.360956
v -6.791388 1.282402 8.950264
v -6.542055 1.493858 9.118764
v -7.115186 1.370319 9.065193
v -7.065973 1.634617 9.304729
v -6.711758 1.713147 9.337835
v -6.800897 1.542782 8.772782
v -6.547066 1.630199 9.026549
v -7.122224 1.560215 8.934536
v -7.066986 1.658387 9.288261
v -6.711517 1.702553 9.345131
v -6.803882 4.164764 8.713737
v -6.549896 4.196522 8.969034
v -7.125117 4.122849 8.876444
v -7.069668 4.130215 9.232306
v -6.714161 4.176116 9.289528
v -6.801066 6.794542 8.772698
v -6.547092 6.773568 9.026380
v -7.122301 6.692387 8.934652
v -7.066864 6.611531 9.288424
v -6.711366 6.661435 9.345114
v -6.791564 7.069285 8.950273
v -6.542078 6.917635 9.118730
v -7.115269 6.892527 9.065361
v -7.065845 6.636665 9.304943
v -6.711592 6.650464 9.337929
v -6.776834 7.177383 9.273326
v -6.534006 6.976719 9.294076
v -7.104350 6.971533 9.303961
v -7.063936 6.649389 9.343643
v -6.711443 6.650430 9.337538
v -6.706250 6.987076 11.185690
v -6.465847 6.791010 11.139470
v -7.035193 6.787387 11.176960
v -6.998087 6.473435 11.125330
v -6.646212 6.473652 11.102160
v -6.537755 -1.363052 12.963840
v -6.777324 -1.139252 13.019720
v -6.770860 -1.236613 13.297670
v -6.534091 -1.419769 13.124590
v -7.089370 -1.277113 12.998170
v -7.084687 -1.347732 13.201570
v -7.042660 -1.584016 12.928970
v -7.041871 -1.597842 12.969090
v -6.701742 -1.639022 12.907750
v -6.701584 -1.643900 12.921510
v -6.768409 -1.480196 13.463980
v -6.532876 -1.547613 13.211310
v -7.082984 -1.519057 13.319520
v -7.041871 -1.609899 12.977560
v -6.701886 -1.628110 12.910680
v -6.767365 -4.435615 13.517110
v -6.531869 -4.447806 13.262780
v -7.081960 -4.418646 13.371680
v -7.040896 -4.420906 13.027460
v -6.700921 -4.439095 12.960170
v -6.768382 -7.408803 13.463980
v -6.532871 -7.362671 13.211290
v -7.082968 -7.340935 13.319540
v -7.041885 -7.254058 12.977570
v -6.701906 -7.267510 12.910670
v -6.770831 -7.651240 13.297650
v -6.534085 -7.489614 13.124560
v -7.084670 -7.512060 13.201580
v -7.041889 -7.266105 12.969120
v -6.701607 -7.251794 12.921510
v -6.777293 -7.747643 13.019690
v -6.537750 -7.545651 12.963830
v -7.089355 -7.582227 12.998170
v -7.042678 -7.279857 12.928990
v -6.701767 -7.256639 12.907770
v -6.838313 -7.780017 11.137190
v -6.597228 -7.577564 11.129270
v -7.149356 -7.613788 11.147400
v -7.100505 -7.310470 11.145790
v -6.759273 -7.287461 11.134590
v -6.900873 -7.736262 9.254674
v -6.658206 -7.535150 9.294462
v -7.210851 -7.570696 9.296948
v -7.159762 -7.269153 9.362864
v -6.818206 -7.246538 9.361328
v -6.913231 -7.638231 8.976886
v -6.665460 -7.478062 9.133494
v -7.219935 -7.499463 9.094015
v -7.161719 -7.255268 9.323014
v -6.819035 -7.241519 9.347416
v -6.922337 -7.395081 8.810779
v -6.670290 -7.350785 9.046972
v -7.226447 -7.327763 8.976141
v -7.162348 -7.243140 9.314533
v -6.818628 -7.257282 9.358309
v -6.924939 -4.427212 8.757689
v -6.672813 -4.440559 8.995547
v -7.229002 -4.410454 8.924024
v -7.164798 -4.414055 9.264681
v -6.821055 -4.432773 9.308887
v -6.922312 -1.479868 8.810784
v -6.670287 -1.547330 9.046997
v -7.226436 -1.518474 8.976122
v -7.162367 -1.609244 9.314511
v -6.818648 -1.627658 9.358320
v -6.913202 -1.237026 8.976877
v -6.665453 -1.419889 9.133506
v -7.219921 -1.347599 9.093992
v -7.161739 -1.597153 9.323009
v -6.819057 -1.643414 9.347437
v -6.900846 -1.139849 9.254646
v -6.658201 -1.363162 9.294464
v -7.210839 -1.277297 9.296933
v -7.159784 -1.583463 9.362881
v -6.818233 -1.638464 9.361349
v -6.838263 -1.101454 11.137190
v -6.597222 -1.325863 11.129270
v -7.149334 -1.239946 11.147400
v -7.100543 -1.547828 11.145790
v -6.759319 -1.602853 11.134600
vt 0.069860 0.452654
vt 0.072873 0.481290
vt 0.052851 0.482858
vt 0.049743 0.454012
vt 0.099902 0.460573
vt 0.105106 0.483218
vt 0.088311 0.479570
vt 0.085906 0.452357
vt 0.068422 0.439784
vt 0.048428 0.439705
vt 0.100291 0.448919
vt 0.083737 0.440005
vt 0.067944 0.427620
vt 0.048167 0.426173
vt 0.101879 0.438248
vt 0.083185 0.429114
vt 0.069429 0.411698
vt 0.050267 0.408214
vt 0.103770 0.418713
vt 0.083053 0.414860
vt 0.052889 0.399826
vt 0.072020 0.405099
vt 0.085977 0.410384
vt 0.103005 0.408133
vt 0.056481 0.390142
vt 0.076462 0.396577
vt 0.092553 0.404423
vt 0.092414 0.561944
vt 0.076992 0.561949
vt 0.075979 0.521901
vt 0.091194 0.520991
vt 0.109997 0.522483
vt 0.111005 0.561939
vt 0.056946 0.561952
vt 0.056050 0.522801
vt 0.069930 0.671249
vt 0.049812 0.669901
vt 0.052901 0.641056
vt 0.072924 0.642611
vt 0.099967 0.663315
vt 0.085975 0.671538
vt 0.088364 0.644322
vt 0.105157 0.640664
vt 0.068496 0.684120
vt 0.048502 0.684206
vt 0.100362 0.674972
vt 0.083811 0.683893
vt 0.068022 0.696284
vt 0.048245 0.697737
vt 0.101954 0.685645
vt 0.083263 0.694785
vt 0.069512 0.712205
vt 0.050351 0.715696
vt 0.103851 0.705181
vt 0.083135 0.709039
vt 0.052975 0.724084
vt 0.072105 0.718804
vt 0.086060 0.713515
vt 0.103089 0.715761
vt 0.056570 0.733766
vt 0.076550 0.727325
vt 0.092638 0.719474
vt 0.075995 0.601997
vt 0.091214 0.602898
vt 0.110018 0.601395
vt 0.056063 0.601108
vt 0.000077 0.000183
vt 0.000086 0.000184
vt 0.000086 0.000337
vt 0.000077 0.000338
vt 0.000122 0.000184
vt 0.000130 0.000183
vt 0.000130 0.000339
vt 0.000122 0.000338
vt 0.000098 0.000402
vt 0.000114 0.000403
vt 0.000123 0.000406
vt 0.000126 0.000411
vt 0.000087 0.000410
vt 0.000091 0.000404
vt 0.000111 0.000337
vt 0.000094 0.000336
vt 0.000094 0.000185
vt 0.000111 0.000185
vt 0.000091 0.000117
vt 0.000087 0.000112
vt 0.000126 0.000111
vt 0.000123 0.000116
vt 0.000114 0.000118
vt 0.000098 0.000119
vt 0.000130 0.000183
vt 0.000139 0.000184
vt 0.000139 0.000337
vt 0.000130 0.000338
vt 0.000175 0.000183
vt 0.000183 0.000183
vt 0.000183 0.000338
vt 0.000175 0.000337
vt 0.000151 0.000402
vt 0.000168 0.000403
vt 0.000176 0.000406
vt 0.000179 0.000410
vt 0.000140 0.000409
vt 0.000144 0.000404
vt 0.000164 0.000337
vt 0.000147 0.000336
vt 0.000147 0.000185
vt 0.000164 0.000184
vt 0.000144 0.000117
vt 0.000140 0.000111
vt 0.000179 0.000110
vt 0.000176 0.000115
vt 0.000168 0.000118
vt 0.000151 0.000119
vt 0.000183 0.000182
vt 0.000192 0.000184
vt 0.000192 0.000336
vt 0.000183 0.000338
vt 0.000228 0.000183
vt 0.000236 0.000182
vt 0.000236 0.000338
vt 0.000228 0.000337
vt 0.000204 0.000401
vt 0.000220 0.000402
vt 0.000229 0.000405
vt 0.000232 0.000410
vt 0.000193 0.000409
vt 0.000197 0.000403
vt 0.000217 0.000336
vt 0.000200 0.000336
vt 0.000200 0.000184
vt 0.000217 0.000184
vt 0.000197 0.000117
vt 0.000193 0.000111
vt 0.000232 0.000110
vt 0.000229 0.000115
vt 0.000220 0.000118
vt 0.000204 0.000118
vt 0.879635 0.525767
vt 0.896212 0.525210
vt 0.896143 0.560797
vt 0.879540 0.560625
vt 0.854187 0.560363
vt 0.854355 0.524204
vt 0.865487 0.524478
vt 0.865351 0.560479
vt 0.878906 0.487175
vt 0.895457 0.485625
vt 0.853556 0.484018
vt 0.864661 0.484659
vt 0.877643 0.461051
vt 0.893787 0.457986
vt 0.853692 0.460809
vt 0.863743 0.459682
vt 0.876106 0.447593
vt 0.891894 0.442777
vt 0.852509 0.449264
vt 0.862157 0.447955
vt 0.873706 0.434469
vt 0.888965 0.428278
vt 0.850456 0.438217
vt 0.860232 0.436740
vt 0.871491 0.426508
vt 0.887146 0.422394
vt 0.849421 0.433116
vt 0.858793 0.430697
vt 0.869666 0.422313
vt 0.885261 0.417612
vt 0.847357 0.427886
vt 0.857190 0.427467
vt 0.866829 0.415998
vt 0.882831 0.410921
vt 0.841776 0.423860
vt 0.852887 0.422954
vt 0.878915 0.595477
vt 0.895477 0.596376
vt 0.864744 0.596474
vt 0.853608 0.596518
vt 0.877389 0.634045
vt 0.893905 0.635938
vt 0.851979 0.636679
vt 0.863095 0.636267
vt 0.875587 0.660138
vt 0.891664 0.663535
vt 0.851636 0.659885
vt 0.861661 0.661219
vt 0.873772 0.673561
vt 0.889457 0.678702
vt 0.850215 0.671402
vt 0.859833 0.672910
vt 0.871100 0.686630
vt 0.886227 0.693138
vt 0.847933 0.682403
vt 0.857676 0.684082
vt 0.868721 0.694544
vt 0.884287 0.698983
vt 0.846792 0.687481
vt 0.856112 0.690094
vt 0.866809 0.698700
vt 0.882303 0.703725
vt 0.844621 0.692667
vt 0.854442 0.693290
vt 0.863842 0.704955
vt 0.879735 0.710364
vt 0.838957 0.696577
vt 0.850047 0.697713
vt 0.000181 0.000353
vt 0.000218 0.000335
vt 0.000242 0.000301
vt 0.000247 0.000260
vt 0.000232 0.000222
vt 0.000201 0.000195
vt 0.000160 0.000185
vt 0.000120 0.000195
vt 0.000089 0.000222
vt 0.000074 0.000260
vt 0.000079 0.000301
vt 0.000102 0.000334
vt 0.000139 0.000354
vt 0.000181 0.000353
vt 0.000218 0.000335
vt 0.000242 0.000301
vt 0.000247 0.000260
vt 0.000232 0.000222
vt 0.000201 0.000195
vt 0.000161 0.000185
vt 0.000120 0.000194
vt 0.000089 0.000221
vt 0.000074 0.000260
vt 0.000079 0.000301
vt 0.000103 0.000334
vt 0.000139 0.000353
vt 0.000074 0.000260
vt 0.000089 0.000222
vt 0.000120 0.000195
vt 0.000160 0.000185
vt 0.000201 0.000195
vt 0.000232 0.000222
vt 0.000247 0.000260
vt 0.000242 0.000301
vt 0.000218 0.000335
vt 0.000181 0.000353
vt 0.000139 0.000354
vt 0.000102 0.000334
vt 0.000079 0.000301
vt 0.000074 0.000260
vt 0.000089 0.000221
vt 0.000120 0.000194
vt 0.000161 0.000185
vt 0.000201 0.000195
vt 0.000232 0.000222
vt 0.000247 0.000260
vt 0.000242 0.000301
vt 0.000218 0.000335
vt 0.000181 0.000353
vt 0.000139 0.000353
vt 0.000103 0.000334
vt 0.000079 0.000301
vt 0.000136 0.000082
vt 0.000136 0.000447
vt 0.000105 0.000447
vt 0.000105 0.000082
vt 0.000151 0.000061
vt 0.000178 0.000067
vt 0.000195 0.000078
vt 0.000208 0.000095
vt 0.000221 0.000139
vt 0.000230 0.000202
vt 0.000232 0.000265
vt 0.000230 0.000327
vt 0.000221 0.000390
vt 0.000208 0.000434
vt 0.000195 0.000451
vt 0.000178 0.000462
vt 0.000151 0.000468
vt 0.000140 0.000461
vt 0.000140 0.000068
vt 0.000190 0.000452
vt 0.000190 0.000079
vt 0.000218 0.000079
vt 0.000218 0.000452
vt 0.000131 0.000436
vt 0.000115 0.000392
vt 0.000102 0.000326
vt 0.000099 0.000265
vt 0.000102 0.000205
vt 0.000115 0.000138
vt 0.000131 0.000095
vt 0.000147 0.000077
vt 0.000168 0.000066
vt 0.000177 0.000065
vt 0.000184 0.000069
vt 0.000184 0.000462
vt 0.000177 0.000465
vt 0.000168 0.000465
vt 0.000147 0.000454
vt 0.000243 0.000273
vt 0.000227 0.000225
vt 0.000216 0.000233
vt 0.000230 0.000273
vt 0.000187 0.000195
vt 0.000182 0.000208
vt 0.000136 0.000195
vt 0.000140 0.000208
vt 0.000095 0.000224
vt 0.000106 0.000232
vt 0.000079 0.000272
vt 0.000093 0.000272
vt 0.000094 0.000319
vt 0.000106 0.000312
vt 0.000135 0.000349
vt 0.000140 0.000336
vt 0.000186 0.000349
vt 0.000182 0.000337
vt 0.000227 0.000320
vt 0.000217 0.000312
vt 0.000243 0.000273
vt 0.000230 0.000273
vt 0.000216 0.000233
vt 0.000227 0.000225
vt 0.000182 0.000208
vt 0.000187 0.000195
vt 0.000140 0.000208
vt 0.000136 0.000195
vt 0.000106 0.000232
vt 0.000095 0.000224
vt 0.000093 0.000272
vt 0.000079 0.000272
vt 0.000106 0.000312
vt 0.000094 0.000319
vt 0.000140 0.000336
vt 0.000135 0.000349
vt 0.000182 0.000337
vt 0.000186 0.000349
vt 0.000217 0.000312
vt 0.000227 0.000320
vt 0.000243 0.000273
vt 0.000227 0.000225
vt 0.000216 0.000233
vt 0.000230 0.000273
vt 0.000187 0.000195
vt 0.000182 0.000208
vt 0.000136 0.000195
vt 0.000140 0.000208
vt 0.000095 0.000224
vt 0.000106 0.000232
vt 0.000079 0.000272
vt 0.000093 0.000272
vt 0.000094 0.000319
vt 0.000106 0.000312
vt 0.000135 0.000349
vt 0.000140 0.000336
vt 0.000186 0.000349
vt 0.000182 0.000337
vt 0.000227 0.000320
vt 0.000217 0.000312
vt 0.000243 0.000273
vt 0.000230 0.000273
vt 0.000216 0.000233
vt 0.000227 0.000225
vt 0.000182 0.000208
vt 0.000187 0.000195
vt 0.000140 0.000208
vt 0.000136 0.000195
vt 0.000106 0.000232
vt 0.000095 0.000224
vt 0.000093 0.000272
vt 0.000079 0.000272
vt 0.000106 0.000312
vt 0.000094 0.000319
vt 0.000140 0.000336
vt 0.000135 0.000349
vt 0.000182 0.000337
vt 0.000186 0.000349
vt 0.000217 0.000312
vt 0.000227 0.000320
vt 0.000206 0.000476
vt 0.000102 0.000475
vt 0.000104 0.000463
vt 0.000205 0.000464
vt 0.000106 0.000453
vt 0.000204 0.000454
vt 0.000108 0.000443
vt 0.000204 0.000444
vt 0.000109 0.000432
vt 0.000202 0.000432
vt 0.000088 0.000466
vt 0.000092 0.000457
vt 0.000098 0.000448
vt 0.000103 0.000440
vt 0.000107 0.000430
vt 0.000079 0.000455
vt 0.000086 0.000448
vt 0.000093 0.000442
vt 0.000101 0.000437
vt 0.000107 0.000430
vt 0.000074 0.000440
vt 0.000082 0.000436
vt 0.000090 0.000433
vt 0.000098 0.000430
vt 0.000106 0.000426
vt 0.000066 0.000392
vt 0.000075 0.000390
vt 0.000083 0.000388
vt 0.000092 0.000386
vt 0.000100 0.000384
vt 0.000064 0.000360
vt 0.000072 0.000359
vt 0.000081 0.000358
vt 0.000090 0.000358
vt 0.000098 0.000357
vt 0.000063 0.000263
vt 0.000072 0.000264
vt 0.000080 0.000264
vt 0.000089 0.000264
vt 0.000097 0.000265
vt 0.000068 0.000167
vt 0.000077 0.000168
vt 0.000086 0.000170
vt 0.000094 0.000171
vt 0.000103 0.000173
vt 0.000072 0.000135
vt 0.000081 0.000138
vt 0.000089 0.000141
vt 0.000098 0.000143
vt 0.000106 0.000146
vt 0.000082 0.000087
vt 0.000090 0.000092
vt 0.000098 0.000096
vt 0.000106 0.000100
vt 0.000114 0.000104
vt 0.000088 0.000073
vt 0.000094 0.000081
vt 0.000102 0.000087
vt 0.000109 0.000093
vt 0.000115 0.000101
vt 0.000097 0.000063
vt 0.000101 0.000073
vt 0.000106 0.000082
vt 0.000111 0.000090
vt 0.000115 0.000100
vt 0.000111 0.000056
vt 0.000113 0.000067
vt 0.000115 0.000077
vt 0.000117 0.000087
vt 0.000118 0.000099
vt 0.000215 0.000055
vt 0.000214 0.000066
vt 0.000213 0.000077
vt 0.000212 0.000087
vt 0.000211 0.000098
vt 0.000227 0.000059
vt 0.000224 0.000069
vt 0.000220 0.000079
vt 0.000216 0.000088
vt 0.000213 0.000099
vt 0.000237 0.000067
vt 0.000231 0.000075
vt 0.000225 0.000083
vt 0.000219 0.000091
vt 0.000213 0.000098
vt 0.000244 0.000081
vt 0.000237 0.000086
vt 0.000229 0.000090
vt 0.000221 0.000095
vt 0.000213 0.000099
vt 0.000255 0.000141
vt 0.000246 0.000143
vt 0.000238 0.000145
vt 0.000229 0.000146
vt 0.000221 0.000148
vt 0.000257 0.000171
vt 0.000248 0.000172
vt 0.000240 0.000172
vt 0.000231 0.000173
vt 0.000223 0.000173
vt 0.000257 0.000267
vt 0.000249 0.000267
vt 0.000240 0.000267
vt 0.000231 0.000266
vt 0.000223 0.000266
vt 0.000252 0.000364
vt 0.000244 0.000362
vt 0.000235 0.000361
vt 0.000226 0.000359
vt 0.000218 0.000358
vt 0.000249 0.000393
vt 0.000240 0.000390
vt 0.000232 0.000388
vt 0.000224 0.000386
vt 0.000215 0.000383
vt 0.000236 0.000452
vt 0.000229 0.000447
vt 0.000221 0.000442
vt 0.000213 0.000436
vt 0.000205 0.000431
vt 0.000227 0.000465
vt 0.000222 0.000456
vt 0.000216 0.000448
vt 0.000211 0.000440
vt 0.000205 0.000432
vt 0.000217 0.000473
vt 0.000214 0.000462
vt 0.000211 0.000452
vt 0.000208 0.000442
vt 0.000205 0.000432
vt 0.000145 0.000388
vt 0.000150 0.000377
vt 0.000155 0.000379
vt 0.000150 0.000390
vt 0.000163 0.000382
vt 0.000157 0.000394
vt 0.000162 0.000382
vt 0.000156 0.000395
vt 0.000155 0.000379
vt 0.000149 0.000391
vt 0.000155 0.000365
vt 0.000160 0.000367
vt 0.000168 0.000370
vt 0.000168 0.000370
vt 0.000160 0.000367
vt 0.000157 0.000357
vt 0.000163 0.000357
vt 0.000171 0.000359
vt 0.000171 0.000359
vt 0.000162 0.000358
vt 0.000159 0.000347
vt 0.000164 0.000348
vt 0.000172 0.000348
vt 0.000172 0.000349
vt 0.000164 0.000348
vt 0.000163 0.000262
vt 0.000168 0.000262
vt 0.000177 0.000262
vt 0.000176 0.000262
vt 0.000168 0.000262
vt 0.000164 0.000176
vt 0.000169 0.000176
vt 0.000177 0.000175
vt 0.000177 0.000175
vt 0.000169 0.000176
vt 0.000163 0.000166
vt 0.000168 0.000166
vt 0.000176 0.000165
vt 0.000176 0.000165
vt 0.000168 0.000166
vt 0.000161 0.000158
vt 0.000166 0.000156
vt 0.000174 0.000154
vt 0.000174 0.000154
vt 0.000166 0.000156
vt 0.000157 0.000146
vt 0.000162 0.000144
vt 0.000169 0.000141
vt 0.000169 0.000141
vt 0.000162 0.000144
vt 0.000152 0.000134
vt 0.000157 0.000133
vt 0.000164 0.000129
vt 0.000164 0.000129
vt 0.000156 0.000132
vt 0.000147 0.000123
vt 0.000152 0.000121
vt 0.000159 0.000117
vt 0.000159 0.000117
vt 0.000151 0.000120
vt 0.000142 0.000111
vt 0.000145 0.000107
vt 0.000153 0.000105
vt 0.000154 0.000107
vt 0.000147 0.000111
vt 0.000140 0.000106
vt 0.000142 0.000099
vt 0.000151 0.000098
vt 0.000154 0.000105
vt 0.000147 0.000110
vt 0.000139 0.000104
vt 0.000142 0.000095
vt 0.000151 0.000095
vt 0.000153 0.000104
vt 0.000147 0.000109
vt 0.000146 0.000102
vt 0.000149 0.000094
vt 0.000157 0.000094
vt 0.000160 0.000102
vt 0.000153 0.000107
vt 0.000154 0.000103
vt 0.000157 0.000095
vt 0.000166 0.000095
vt 0.000168 0.000103
vt 0.000161 0.000108
vt 0.000156 0.000105
vt 0.000160 0.000098
vt 0.000168 0.000098
vt 0.000169 0.000105
vt 0.000162 0.000109
vt 0.000159 0.000110
vt 0.000164 0.000105
vt 0.000171 0.000103
vt 0.000171 0.000107
vt 0.000163 0.000112
vt 0.000165 0.000119
vt 0.000170 0.000116
vt 0.000177 0.000113
vt 0.000175 0.000114
vt 0.000167 0.000119
vt 0.000169 0.000129
vt 0.000175 0.000125
vt 0.000182 0.000122
vt 0.000180 0.000124
vt 0.000172 0.000127
vt 0.000175 0.000140
vt 0.000181 0.000137
vt 0.000188 0.000134
vt 0.000185 0.000135
vt 0.000178 0.000139
vt 0.000179 0.000151
vt 0.000186 0.000149
vt 0.000193 0.000147
vt 0.000190 0.000148
vt 0.000182 0.000151
vt 0.000182 0.000161
vt 0.000189 0.000159
vt 0.000196 0.000158
vt 0.000194 0.000159
vt 0.000185 0.000161
vt 0.000184 0.000171
vt 0.000191 0.000170
vt 0.000198 0.000170
vt 0.000195 0.000170
vt 0.000187 0.000171
vt 0.000185 0.000216
vt 0.000191 0.000216
vt 0.000199 0.000216
vt 0.000196 0.000216
vt 0.000187 0.000216
vt 0.000184 0.000262
vt 0.000190 0.000262
vt 0.000198 0.000263
vt 0.000195 0.000262
vt 0.000187 0.000262
vt 0.000182 0.000308
vt 0.000189 0.000308
vt 0.000196 0.000309
vt 0.000194 0.000309
vt 0.000185 0.000308
vt 0.000179 0.000353
vt 0.000185 0.000354
vt 0.000193 0.000355
vt 0.000190 0.000355
vt 0.000182 0.000354
vt 0.000177 0.000363
vt 0.000183 0.000365
vt 0.000190 0.000367
vt 0.000188 0.000366
vt 0.000180 0.000364
vt 0.000173 0.000373
vt 0.000179 0.000375
vt 0.000186 0.000378
vt 0.000184 0.000377
vt 0.000176 0.000373
vt 0.000168 0.000384
vt 0.000174 0.000387
vt 0.000180 0.000390
vt 0.000178 0.000389
vt 0.000171 0.000385
vt 0.000162 0.000395
vt 0.000168 0.000398
vt 0.000174 0.000402
vt 0.000172 0.000400
vt 0.000164 0.000396
vt 0.000157 0.000404
vt 0.000162 0.000408
vt 0.000168 0.000411
vt 0.000167 0.000409
vt 0.000159 0.000405
vt 0.000151 0.000412
vt 0.000155 0.000418
vt 0.000162 0.000420
vt 0.000162 0.000416
vt 0.000155 0.000411
vt 0.000147 0.000417
vt 0.000151 0.000425
vt 0.000158 0.000426
vt 0.000160 0.000419
vt 0.000153 0.000413
vt 0.000145 0.000419
vt 0.000148 0.000428
vt 0.000156 0.000428
vt 0.000159 0.000420
vt 0.000152 0.000414
vt 0.000137 0.000420
vt 0.000139 0.000428
vt 0.000148 0.000429
vt 0.000151 0.000421
vt 0.000144 0.000415
vt 0.000131 0.000418
vt 0.000133 0.000426
vt 0.000141 0.000427
vt 0.000145 0.000419
vt 0.000138 0.000413
vt 0.000131 0.000416
vt 0.000133 0.000423
vt 0.000142 0.000424
vt 0.000145 0.000417
vt 0.000138 0.000412
vt 0.000133 0.000411
vt 0.000137 0.000415
vt 0.000145 0.000418
vt 0.000146 0.000415
vt 0.000139 0.000411
vt 0.000139 0.000399
vt 0.000144 0.000401
vt 0.000151 0.000405
vt 0.000151 0.000406
vt 0.000143 0.000402
vt 0.000168 0.000389
vt 0.000168 0.000385
vt 0.000180 0.000396
vt 0.000180 0.000401
vt 0.000196 0.000390
vt 0.000196 0.000394
vt 0.000194 0.000376
vt 0.000194 0.000377
vt 0.000177 0.000373
vt 0.000177 0.000374
vt 0.000168 0.000378
vt 0.000180 0.000382
vt 0.000196 0.000380
vt 0.000194 0.000375
vt 0.000177 0.000373
vt 0.000168 0.000253
vt 0.000180 0.000253
vt 0.000196 0.000253
vt 0.000194 0.000253
vt 0.000177 0.000253
vt 0.000168 0.000128
vt 0.000180 0.000124
vt 0.000196 0.000126
vt 0.000194 0.000131
vt 0.000177 0.000132
vt 0.000168 0.000121
vt 0.000180 0.000110
vt 0.000196 0.000116
vt 0.000194 0.000130
vt 0.000177 0.000133
vt 0.000168 0.000117
vt 0.000180 0.000104
vt 0.000196 0.000111
vt 0.000194 0.000129
vt 0.000177 0.000132
vt 0.000172 0.000115
vt 0.000183 0.000102
vt 0.000200 0.000109
vt 0.000198 0.000127
vt 0.000180 0.000130
vt 0.000175 0.000117
vt 0.000187 0.000104
vt 0.000203 0.000111
vt 0.000201 0.000129
vt 0.000184 0.000132
vt 0.000175 0.000121
vt 0.000188 0.000110
vt 0.000203 0.000116
vt 0.000201 0.000130
vt 0.000184 0.000133
vt 0.000176 0.000128
vt 0.000188 0.000124
vt 0.000204 0.000126
vt 0.000201 0.000131
vt 0.000184 0.000132
vt 0.000176 0.000266
vt 0.000188 0.000266
vt 0.000204 0.000266
vt 0.000201 0.000266
vt 0.000184 0.000266
vt 0.000176 0.000404
vt 0.000188 0.000407
vt 0.000204 0.000405
vt 0.000201 0.000400
vt 0.000184 0.000399
vt 0.000175 0.000411
vt 0.000188 0.000422
vt 0.000203 0.000416
vt 0.000201 0.000402
vt 0.000184 0.000399
vt 0.000175 0.000414
vt 0.000187 0.000428
vt 0.000203 0.000420
vt 0.000201 0.000402
vt 0.000184 0.000399
vt 0.000172 0.000404
vt 0.000183 0.000417
vt 0.000199 0.000409
vt 0.000198 0.000392
vt 0.000180 0.000388
vt 0.000107 0.000412
vt 0.000107 0.000408
vt 0.000121 0.000420
vt 0.000122 0.000426
vt 0.000140 0.000413
vt 0.000140 0.000417
vt 0.000137 0.000396
vt 0.000137 0.000397
vt 0.000117 0.000393
vt 0.000117 0.000394
vt 0.000107 0.000400
vt 0.000121 0.000404
vt 0.000140 0.000401
vt 0.000137 0.000395
vt 0.000117 0.000394
vt 0.000107 0.000263
vt 0.000121 0.000263
vt 0.000140 0.000263
vt 0.000137 0.000263
vt 0.000117 0.000263
vt 0.000107 0.000127
vt 0.000121 0.000123
vt 0.000140 0.000125
vt 0.000137 0.000131
vt 0.000117 0.000132
vt 0.000107 0.000119
vt 0.000121 0.000107
vt 0.000140 0.000114
vt 0.000137 0.000130
vt 0.000117 0.000133
vt 0.000107 0.000115
vt 0.000122 0.000100
vt 0.000140 0.000109
vt 0.000137 0.000129
vt 0.000117 0.000133
vt 0.000111 0.000112
vt 0.000125 0.000098
vt 0.000144 0.000107
vt 0.000141 0.000127
vt 0.000121 0.000131
vt 0.000115 0.000115
vt 0.000129 0.000100
vt 0.000147 0.000109
vt 0.000144 0.000129
vt 0.000124 0.000133
vt 0.000115 0.000119
vt 0.000130 0.000107
vt 0.000148 0.000114
vt 0.000144 0.000130
vt 0.000124 0.000133
vt 0.000115 0.000127
vt 0.000130 0.000123
vt 0.000148 0.000125
vt 0.000144 0.000131
vt 0.000124 0.000132
vt 0.000115 0.000263
vt 0.000130 0.000263
vt 0.000148 0.000263
vt 0.000145 0.000263
vt 0.000124 0.000263
vt 0.000115 0.000400
vt 0.000130 0.000404
vt 0.000148 0.000401
vt 0.000144 0.000395
vt 0.000124 0.000394
vt 0.000115 0.000408
vt 0.000130 0.000420
vt 0.000148 0.000413
vt 0.000144 0.000396
vt 0.000124 0.000393
vt 0.000115 0.000412
vt 0.000129 0.000426
vt 0.000147 0.000417
vt 0.000144 0.000397
vt 0.000124 0.000394
vt 0.000111 0.000414
vt 0.000125 0.000429
vt 0.000144 0.000420
vt 0.000141 0.000400
vt 0.000121 0.000396
vt 0.000168 0.000389
vt 0.000180 0.000401
vt 0.000180 0.000396
vt 0.000168 0.000385
vt 0.000196 0.000394
vt 0.000196 0.000390
vt 0.000194 0.000377
vt 0.000194 0.000376
vt 0.000177 0.000374
vt 0.000177 0.000373
vt 0.000180 0.000382
vt 0.000168 0.000378
vt 0.000196 0.000380
vt 0.000194 0.000375
vt 0.000177 0.000373
vt 0.000180 0.000253
vt 0.000168 0.000253
vt 0.000196 0.000253
vt 0.000194 0.000253
vt 0.000177 0.000253
vt 0.000180 0.000124
vt 0.000168 0.000128
vt 0.000196 0.000126
vt 0.000194 0.000131
vt 0.000177 0.000132
vt 0.000180 0.000110
vt 0.000168 0.000121
vt 0.000196 0.000116
vt 0.000194 0.000130
vt 0.000177 0.000133
vt 0.000180 0.000104
vt 0.000168 0.000117
vt 0.000196 0.000111
vt 0.000194 0.000129
vt 0.000177 0.000132
vt 0.000183 0.000102
vt 0.000172 0.000115
vt 0.000200 0.000109
vt 0.000198 0.000127
vt 0.000180 0.000130
vt 0.000187 0.000104
vt 0.000175 0.000117
vt 0.000203 0.000111
vt 0.000201 0.000129
vt 0.000184 0.000132
vt 0.000188 0.000110
vt 0.000175 0.000121
vt 0.000203 0.000116
vt 0.000201 0.000130
vt 0.000184 0.000133
vt 0.000188 0.000124
vt 0.000176 0.000128
vt 0.000204 0.000126
vt 0.000201 0.000131
vt 0.000184 0.000132
vt 0.000188 0.000266
vt 0.000176 0.000266
vt 0.000204 0.000266
vt 0.000201 0.000266
vt 0.000184 0.000266
vt 0.000188 0.000407
vt 0.000176 0.000404
vt 0.000204 0.000405
vt 0.000201 0.000400
vt 0.000184 0.000399
vt 0.000188 0.000422
vt 0.000175 0.000411
vt 0.000203 0.000416
vt 0.000201 0.000402
vt 0.000184 0.000399
vt 0.000187 0.000428
vt 0.000175 0.000414
vt 0.000203 0.000420
vt 0.000201 0.000402
vt 0.000184 0.000399
vt 0.000183 0.000417
vt 0.000172 0.000404
vt 0.000199 0.000409
vt 0.000198 0.000392
vt 0.000180 0.000388
vt 0.000107 0.000412
vt 0.000122 0.000426
vt 0.000121 0.000420
vt 0.000107 0.000408
vt 0.000140 0.000417
vt 0.000140 0.000413
vt 0.000137 0.000397
vt 0.000137 0.000396
vt 0.000117 0.000394
vt 0.000117 0.000393
vt 0.000121 0.000404
vt 0.000107 0.000400
vt 0.000140 0.000401
vt 0.000137 0.000395
vt 0.000117 0.000394
vt 0.000121 0.000263
vt 0.000107 0.000263
vt 0.000140 0.000263
vt 0.000137 0.000263
vt 0.000117 0.000263
vt 0.000121 0.000123
vt 0.000107 0.000127
vt 0.000140 0.000125
vt 0.000137 0.000131
vt 0.000117 0.000132
vt 0.000121 0.000107
vt 0.000107 0.000119
vt 0.000140 0.000114
vt 0.000137 0.000130
vt 0.000117 0.000133
vt 0.000122 0.000100
vt 0.000107 0.000115
vt 0.000140 0.000109
vt 0.000137 0.000129
vt 0.000117 0.000133
vt 0.000125 0.000098
vt 0.000111 0.000112
vt 0.000144 0.000107
vt 0.000141 0.000127
vt 0.000121 0.000131
vt 0.000129 0.000100
vt 0.000115 0.000115
vt 0.000147 0.000109
vt 0.000144 0.000129
vt 0.000124 0.000133
vt 0.000130 0.000107
vt 0.000115 0.000119
vt 0.000148 0.000114
vt 0.000144 0.000130
vt 0.000124 0.000133
vt 0.000130 0.000123
vt 0.000115 0.000127
vt 0.000148 0.000125
vt 0.000144 0.000131
vt 0.000124 0.000132
vt 0.000130 0.000263
vt 0.000115 0.000263
vt 0.000148 0.000263
vt 0.000145 0.000263
vt 0.000124 0.000263
vt 0.000130 0.000404
vt 0.000115 0.000400
vt 0.000148 0.000401
vt 0.000144 0.000395
vt 0.000124 0.000394
vt 0.000130 0.000420
vt 0.000115 0.000408
vt 0.000148 0.000413
vt 0.000144 0.000396
vt 0.000124 0.000393
vt 0.000129 0.000426
vt 0.000115 0.000412
vt 0.000147 0.000417
vt 0.000144 0.000397
vt 0.000124 0.000394
vt 0.000125 0.000429
vt 0.000111 0.000414
vt 0.000144 0.000420
vt 0.000141 0.000400
vt 0.000121 0.000396
vn 0.462459 -0.882974 0.080554
vn 0.255294 -0.963904 0.075591
vn 0.185224 -0.700670 -0.689023
vn 0.348733 -0.649540 -0.675635
vn 0.046065 -0.126406 0.990909
vn 0.014340 -0.106521 0.994207
vn 0.181494 -0.689065 0.701605
vn 0.322885 -0.640572 0.696716
vn 0.728845 -0.680681 0.073881
vn 0.539079 -0.500422 -0.677475
vn 0.072868 -0.094102 0.992892
vn 0.527200 -0.498973 0.687813
vn 0.913863 -0.397260 0.083896
vn 0.680015 -0.299421 -0.669274
vn 0.083634 -0.044018 0.995524
vn 0.639188 -0.286849 0.713552
vn 0.978099 0.195370 0.071779
vn 0.766491 0.155104 -0.623245
vn 0.087664 -0.006354 0.996130
vn 0.740812 0.146035 0.655646
vn 0.398354 0.667016 -0.629607
vn 0.523905 0.850615 0.044464
vn 0.391647 0.672387 0.628099
vn 0.092392 0.056464 0.994120
vn 0.051139 0.720549 -0.691516
vn 0.097044 0.995213 0.011577
vn 0.104298 0.681097 0.724726
vn -0.000009 -0.694651 0.719347
vn -0.000013 -0.997043 0.076847
vn 0.109836 -0.991013 0.076357
vn 0.076340 -0.695172 0.714778
vn 0.006462 -0.093018 0.995643
vn -0.000001 -0.093755 0.995595
vn -0.000009 -0.717065 -0.697007
vn 0.079689 -0.716787 -0.692724
vn -0.462477 -0.882964 0.080553
vn -0.348746 -0.649532 -0.675637
vn -0.185241 -0.700667 -0.689023
vn -0.255316 -0.963898 0.075591
vn -0.046069 -0.126407 0.990908
vn -0.322896 -0.640566 0.696716
vn -0.181511 -0.689061 0.701605
vn -0.014343 -0.106521 0.994207
vn -0.728853 -0.680673 0.073879
vn -0.539084 -0.500418 -0.677474
vn -0.072870 -0.094104 0.992892
vn -0.527208 -0.498967 0.687811
vn -0.913863 -0.397260 0.083896
vn -0.680014 -0.299419 -0.669275
vn -0.083635 -0.044020 0.995524
vn -0.639188 -0.286848 0.713553
vn -0.978098 0.195377 0.071781
vn -0.766490 0.155108 -0.623245
vn -0.087664 -0.006353 0.996130
vn -0.740810 0.146040 0.655647
vn -0.398339 0.667025 -0.629606
vn -0.523887 0.850626 0.044465
vn -0.391632 0.672395 0.628099
vn -0.092390 0.056464 0.994121
vn -0.051120 0.720554 -0.691512
vn -0.097018 0.995215 0.011578
vn -0.104281 0.681098 0.724728
vn -0.109861 -0.991010 0.076356
vn -0.076358 -0.695170 0.714778
vn -0.006464 -0.093018 0.995643
vn -0.079707 -0.716784 -0.692725
vn 0.070688 -0.000014 -0.997499
vn 0.096470 -0.554963 -0.826263
vn -0.096465 -0.554960 -0.826266
vn -0.070687 -0.000007 -0.997499
vn -0.005120 -0.580258 0.814416
vn -0.070688 0.000000 0.997499
vn 0.070687 -0.000001 0.997499
vn 0.005112 -0.580261 0.814414
vn -0.729211 -0.672016 -0.129020
vn -0.709733 -0.686844 0.156600
vn -0.586145 -0.396814 0.706380
vn -0.701986 0.000001 0.712191
vn -0.782659 0.000005 -0.622451
vn -0.674923 -0.392018 -0.625141
vn -0.065395 -0.979390 0.191100
vn -0.090453 -0.974283 -0.206374
vn 0.090459 -0.974282 -0.206378
vn 0.065391 -0.979391 0.191097
vn 0.674917 -0.392027 -0.625142
vn 0.782660 -0.000001 -0.622450
vn 0.701976 0.000002 0.712200
vn 0.586158 -0.396807 0.706373
vn 0.709727 -0.686852 0.156594
vn 0.729205 -0.672021 -0.129026
vn 0.070689 -0.000001 -0.997499
vn 0.096471 -0.554960 -0.826264
vn -0.096465 -0.554959 -0.826266
vn -0.070688 -0.000013 -0.997499
vn -0.005120 -0.580256 0.814418
vn -0.070688 0.000000 0.997498
vn 0.070689 0.000010 0.997498
vn 0.005113 -0.580256 0.814418
vn -0.729208 -0.672019 -0.129020
vn -0.709715 -0.686864 0.156601
vn -0.586150 -0.396821 0.706372
vn -0.701980 -0.000007 0.712197
vn -0.782660 0.000004 -0.622450
vn -0.674926 -0.392016 -0.625139
vn -0.065395 -0.979390 0.191101
vn -0.090454 -0.974283 -0.206377
vn 0.090458 -0.974283 -0.206374
vn 0.065391 -0.979390 0.191101
vn 0.674919 -0.392025 -0.625140
vn 0.782657 0.000001 -0.622453
vn 0.701980 -0.000007 0.712197
vn 0.586143 -0.396815 0.706381
vn 0.709725 -0.686854 0.156595
vn 0.729196 -0.672030 -0.129030
vn 0.070688 0.000001 -0.997498
vn 0.096470 -0.554958 -0.826266
vn -0.096466 -0.554956 -0.826267
vn -0.070687 0.000008 -0.997499
vn -0.005120 -0.580257 0.814417
vn -0.070687 -0.000008 0.997499
vn 0.070689 0.000000 0.997498
vn 0.005112 -0.580259 0.814416
vn -0.729211 -0.672014 -0.129026
vn -0.709747 -0.686831 0.156598
vn -0.586149 -0.396818 0.706375
vn -0.701978 -0.000006 0.712198
vn -0.782662 0.000009 -0.622447
vn -0.674915 -0.392014 -0.625151
vn -0.065395 -0.979389 0.191102
vn -0.090452 -0.974284 -0.206370
vn 0.090458 -0.974282 -0.206379
vn 0.065391 -0.979390 0.191098
vn 0.674917 -0.392025 -0.625143
vn 0.782661 0.000001 -0.622448
vn 0.701973 -0.000001 0.712204
vn 0.586167 -0.396806 0.706366
vn 0.709728 -0.686851 0.156595
vn 0.729222 -0.672003 -0.129025
vn 0.211084 0.977324 0.016799
vn 0.145847 0.649376 -0.746351
vn -0.002401 0.660459 -0.750858
vn -0.003533 0.999806 0.019369
vn 0.000000 0.000000 1.000000
vn 0.000000 0.000000 1.000000
vn 0.148084 0.636470 0.756952
vn -0.002325 0.645710 0.763579
vn 0.409407 0.912295 0.010208
vn 0.280832 0.605880 -0.744341
vn -0.000001 0.000000 1.000000
vn 0.288554 0.597498 0.748152
vn 0.624741 0.780828 0.002695
vn 0.447340 0.530086 -0.720344
vn 0.000002 0.000000 1.000000
vn 0.456825 0.523374 0.719299
vn 0.824240 0.566233 -0.002948
vn 0.585490 0.383519 -0.714223
vn -0.000002 -0.000002 1.000000
vn 0.584165 0.385184 0.714412
vn 0.960715 0.277532 -0.001916
vn 0.709591 0.182562 -0.680552
vn -0.000003 -0.000001 1.000000
vn 0.684131 0.216569 0.696465
vn 0.966576 -0.256372 -0.002196
vn 0.744903 -0.186349 -0.640620
vn -0.000003 0.000001 1.000000
vn 0.747249 -0.173096 0.641605
vn 0.591403 -0.806376 -0.000054
vn 0.456646 -0.622711 -0.635378
vn -0.000002 0.000004 1.000000
vn 0.456713 -0.622706 0.635335
vn 0.181027 -0.983478 0.000156
vn 0.100389 -0.728163 -0.678012
vn -0.000002 0.000006 1.000000
vn 0.136763 -0.491566 0.860034
vn -0.217435 0.975931 0.016736
vn -0.150159 0.648471 -0.746283
vn -0.152296 0.635564 0.756878
vn 0.000000 0.000001 1.000000
vn -0.414085 0.910182 0.010129
vn -0.283964 0.604570 -0.744218
vn -0.000001 0.000001 1.000000
vn -0.291575 0.596187 0.748027
vn -0.626977 0.779033 0.002650
vn -0.448713 0.528926 -0.720343
vn 0.000000 -0.000001 1.000000
vn -0.458108 0.522229 0.719315
vn -0.824557 0.565771 -0.002945
vn -0.585614 0.383346 -0.714214
vn 0.000002 -0.000001 1.000000
vn -0.584298 0.384994 0.714406
vn -0.960657 0.277731 -0.001915
vn -0.709552 0.182893 -0.680505
vn 0.000002 -0.000001 1.000000
vn -0.684055 0.216927 0.696428
vn -0.966073 -0.258259 -0.002198
vn -0.744868 -0.187842 -0.640224
vn 0.000003 0.000000 1.000000
vn -0.747254 -0.174504 0.641218
vn -0.586842 -0.809702 -0.000054
vn -0.453249 -0.625449 -0.635121
vn 0.000003 0.000005 1.000000
vn -0.453312 -0.625447 0.635078
vn -0.174596 -0.984640 0.000157
vn -0.095838 -0.728604 -0.678198
vn 0.000002 0.000008 1.000000
vn -0.133162 -0.492236 0.860216
vn 1.000000 0.000001 -0.000001
vn 1.000000 0.000004 0.000004
vn 1.000000 0.000000 0.000000
vn 1.000000 -0.000001 0.000003
vn 1.000000 -0.000001 0.000001
vn 1.000000 -0.000021 0.000015
vn 1.000000 0.000014 -0.000003
vn 1.000000 0.000003 -0.000002
vn 1.000000 0.000000 0.000000
vn 1.000000 0.000000 -0.000002
vn 1.000000 0.000003 -0.000011
vn 1.000000 0.000000 -0.000002
vn 1.000000 0.000013 -0.000004
vn 1.000000 0.000000 0.000000
vn 1.000000 0.000007 0.000009
vn 1.000000 -0.000002 0.000003
vn 1.000000 -0.000003 0.000008
vn 1.000000 -0.000002 0.000001
vn 1.000000 -0.000006 0.000006
vn 1.000000 0.000004 0.000000
vn 1.000000 0.000002 0.000000
vn 1.000000 -0.000002 -0.000005
vn 1.000000 -0.000002 -0.000001
vn 1.000000 -0.000004 0.000001
vn 1.000000 -0.000002 -0.000001
vn 1.000000 0.000016 -0.000005
vn -1.000000 0.000000 -0.000001
vn -1.000000 0.000000 0.000000
vn -1.000000 0.000000 -0.000001
vn -1.000000 0.000003 -0.000002
vn -1.000000 0.000000 0.000000
vn -1.000000 0.000000 -0.000001
vn -1.000000 0.000000 0.000000
vn -1.000000 0.000000 0.000000
vn -1.000000 0.000000 0.000000
vn -1.000000 0.000000 -0.000001
vn -1.000000 0.000005 -0.000003
vn -1.000000 0.000001 -0.000002
vn -1.000000 0.000000 0.000000
vn -1.000000 0.000000 0.000000
vn -1.000000 0.000000 0.000000
vn -1.000000 0.000000 0.000000
vn -1.000000 0.000001 0.000000
vn -1.000000 -0.000002 0.000002
vn -1.000000 0.000000 0.000000
vn -1.000000 0.000000 0.000000
vn -1.000000 0.000000 0.000000
vn -1.000000 0.000000 0.000000
vn -1.000000 0.000000 0.000000
vn -1.000000 0.000000 0.000000
vn -1.000000 0.000001 0.000000
vn -1.000000 0.000002 -0.000002
vn 0.051139 0.720549 -0.691516
vn -0.051120 0.720554 -0.691512
vn -0.097018 0.995215 0.011578
vn 0.097044 0.995213 0.011577
vn 0.766491 0.155104 -0.623245
vn 0.680015 -0.299421 -0.669274
vn 0.539079 -0.500422 -0.677475
vn 0.348733 -0.649540 -0.675635
vn 0.185224 -0.700670 -0.689023
vn 0.079689 -0.716787 -0.692724
vn -0.000009 -0.717065 -0.697007
vn -0.079707 -0.716784 -0.692725
vn -0.185241 -0.700667 -0.689023
vn -0.348746 -0.649532 -0.675637
vn -0.539084 -0.500418 -0.677474
vn -0.680014 -0.299419 -0.669275
vn -0.766490 0.155108 -0.623245
vn -0.398339 0.667025 -0.629606
vn 0.398354 0.667016 -0.629607
vn -0.095838 -0.728604 -0.678198
vn 0.100389 -0.728163 -0.678012
vn 0.181027 -0.983478 0.000156
vn -0.174596 -0.984640 0.000157
vn -0.448713 0.528926 -0.720343
vn -0.283964 0.604570 -0.744218
vn -0.150159 0.648471 -0.746283
vn -0.002401 0.660459 -0.750858
vn 0.145847 0.649376 -0.746351
vn 0.280832 0.605880 -0.744341
vn 0.447340 0.530086 -0.720344
vn 0.585490 0.383519 -0.714223
vn 0.709591 0.182562 -0.680552
vn 0.744903 -0.186349 -0.640620
vn 0.456646 -0.622711 -0.635378
vn -0.453249 -0.625449 -0.635121
vn -0.744868 -0.187842 -0.640224
vn -0.709552 0.182893 -0.680505
vn -0.585614 0.383346 -0.714214
vn 0.945422 -0.325848 0.000075
vn 0.759935 -0.294413 0.579500
vn 0.447849 -0.790330 0.418104
vn 0.586193 -0.810171 0.000066
vn 0.273584 -0.211458 0.938316
vn 0.095915 -0.733764 0.672600
vn -0.327554 -0.108670 0.938562
vn -0.335990 -0.658541 0.673375
vn -0.813880 -0.025621 0.580468
vn -0.687634 -0.593908 0.417652
vn -0.999982 0.006084 -0.000003
vn -0.821321 -0.570466 0.000232
vn -0.813892 -0.025594 -0.580453
vn -0.687642 -0.593914 -0.417630
vn -0.327603 -0.108530 -0.938562
vn -0.336308 -0.657553 -0.674182
vn 0.273589 -0.211188 -0.938376
vn 0.095830 -0.733841 -0.672529
vn 0.760045 -0.294182 -0.579473
vn 0.448589 -0.789944 -0.418038
vn -0.945422 -0.325848 0.000075
vn -0.586194 -0.810171 0.000065
vn -0.447848 -0.790330 0.418104
vn -0.759936 -0.294414 0.579498
vn -0.095915 -0.733765 0.672599
vn -0.273582 -0.211456 0.938317
vn 0.335989 -0.658542 0.673375
vn 0.327553 -0.108671 0.938563
vn 0.687632 -0.593910 0.417651
vn 0.813880 -0.025620 0.580468
vn 0.821321 -0.570466 0.000234
vn 0.999982 0.006087 -0.000005
vn 0.687641 -0.593915 -0.417631
vn 0.813891 -0.025593 -0.580454
vn 0.336306 -0.657555 -0.674180
vn 0.327604 -0.108533 -0.938561
vn -0.095833 -0.733841 -0.672528
vn -0.273592 -0.211189 -0.938375
vn -0.448589 -0.789945 -0.418037
vn -0.760045 -0.294183 -0.579473
vn -0.797066 0.603891 0.000910
vn -0.625879 0.515621 0.585159
vn -0.170837 0.887551 0.427864
vn -0.305122 0.952313 0.000800
vn -0.194030 0.285108 0.938651
vn 0.149413 0.724002 0.673421
vn 0.328202 -0.001494 0.944606
vn 0.523879 0.519097 0.675344
vn 0.763815 -0.245095 0.597089
vn 0.837484 0.337707 0.429622
vn 0.939268 -0.343185 -0.000526
vn 0.964371 0.264552 -0.000159
vn 0.764243 -0.243884 -0.597037
vn 0.837540 0.337179 -0.429927
vn 0.329208 -0.002204 -0.944255
vn 0.524687 0.517191 -0.676178
vn -0.194520 0.282266 -0.939408
vn 0.150804 0.724291 -0.672801
vn -0.627972 0.513350 -0.584913
vn -0.171110 0.888039 -0.426742
vn 0.797064 0.603895 0.000910
vn 0.305126 0.952312 0.000799
vn 0.170838 0.887551 0.427864
vn 0.625878 0.515616 0.585164
vn -0.149408 0.723999 0.673426
vn 0.194031 0.285104 0.938652
vn -0.523877 0.519098 0.675345
vn -0.328201 -0.001495 0.944607
vn -0.837484 0.337705 0.429622
vn -0.763815 -0.245096 0.597088
vn -0.964370 0.264558 -0.000155
vn -0.939269 -0.343182 -0.000520
vn -0.837542 0.337164 -0.429935
vn -0.764242 -0.243886 -0.597038
vn -0.524686 0.517192 -0.676178
vn -0.329206 -0.002202 -0.944256
vn -0.150810 0.724295 -0.672795
vn 0.194520 0.282267 -0.939408
vn 0.171113 0.888039 -0.426740
vn 0.627972 0.513350 -0.584912
vn -0.995970 0.006376 0.089459
vn -0.975838 -0.013225 -0.218094
vn -0.877671 -0.450410 -0.163781
vn -0.888241 -0.450333 0.090707
vn -0.134080 -0.989670 0.050761
vn -0.090392 -0.995535 0.027199
vn 0.812564 -0.540124 0.219103
vn 0.842326 -0.535010 -0.065206
vn 0.975517 0.014153 0.219470
vn 0.995963 -0.006329 -0.089541
vn -0.805258 -0.041900 -0.591442
vn -0.721268 -0.497545 -0.481894
vn -0.125525 -0.991047 0.045485
vn 0.650852 -0.529305 0.544269
vn 0.806659 0.042208 0.589508
vn -0.487268 -0.075044 -0.870022
vn -0.448089 -0.528449 -0.721081
vn -0.125525 -0.991851 0.021802
vn 0.360980 -0.506166 0.783256
vn 0.486292 0.073434 0.870705
vn -0.163293 -0.094067 -0.982083
vn -0.189191 -0.573177 -0.797292
vn -0.118257 -0.991522 0.053842
vn 0.072467 -0.468272 0.880608
vn 0.163120 0.094132 0.982105
vn -0.050335 -0.100341 -0.993679
vn -0.098214 -0.597422 -0.795890
vn -0.107810 -0.990774 0.082120
vn -0.015159 -0.446790 0.894511
vn 0.050301 0.100341 0.993681
vn -0.031213 -0.101038 -0.994393
vn -0.060900 -0.604061 -0.794608
vn -0.066857 -0.994680 0.078366
vn -0.010545 -0.455057 0.890400
vn 0.031208 0.101017 0.994395
vn 0.000009 -0.101511 -0.994834
vn 0.000027 -0.606109 -0.795382
vn 0.000012 -0.996957 0.077957
vn -0.000007 -0.455501 0.890235
vn 0.000003 0.101486 0.994837
vn 0.031233 -0.101059 -0.994390
vn 0.060948 -0.604055 -0.794609
vn 0.066907 -0.994681 0.078313
vn 0.010551 -0.454995 0.890431
vn -0.031209 0.101029 0.994394
vn 0.050356 -0.100379 -0.993674
vn 0.098231 -0.597397 -0.795907
vn 0.107807 -0.990782 0.082025
vn 0.015121 -0.446698 0.894557
vn -0.050290 0.100300 0.993686
vn 0.163344 -0.094136 -0.982068
vn 0.189204 -0.573089 -0.797352
vn 0.118293 -0.991522 0.053774
vn -0.072446 -0.468089 0.880707
vn -0.163087 0.094049 0.982119
vn 0.486299 -0.074146 -0.870641
vn 0.447205 -0.528475 -0.721611
vn 0.124112 -0.992036 0.021489
vn -0.363181 -0.505670 0.782558
vn -0.487570 0.074982 0.869858
vn 0.806412 -0.041643 -0.589887
vn 0.722576 -0.497055 -0.480438
vn 0.127217 -0.990749 0.047245
vn -0.648545 -0.529048 0.547265
vn -0.805111 0.042530 0.591597
vn 0.975635 -0.014120 -0.218948
vn 0.877541 -0.450337 -0.164679
vn 0.133766 -0.989758 0.049866
vn -0.812993 -0.540130 0.217488
vn -0.975788 0.012599 0.218353
vn 0.995965 0.006379 0.089520
vn 0.888228 -0.450333 0.090841
vn 0.090451 -0.995524 0.027418
vn -0.842267 -0.535126 -0.065011
vn -0.995972 -0.006394 -0.089442
vn 0.931078 0.010536 0.364667
vn 0.837520 -0.439958 0.324033
vn 0.130918 -0.991254 0.016587
vn -0.767640 -0.559179 -0.313126
vn -0.931090 -0.010758 -0.364631
vn 0.729975 0.003655 0.683464
vn 0.669278 -0.458473 0.584697
vn 0.147226 -0.989091 0.004909
vn -0.571784 -0.557867 -0.601538
vn -0.729321 -0.003512 -0.684162
vn 0.318755 -0.025640 0.947490
vn 0.319249 -0.492896 0.809403
vn 0.161547 -0.985924 0.043088
vn -0.178753 -0.565752 -0.804967
vn -0.318658 0.026469 -0.947500
vn -0.013717 -0.045672 0.998862
vn 0.047830 -0.561175 0.826314
vn 0.113107 -0.993072 -0.031844
vn 0.073278 -0.494765 -0.865932
vn 0.013485 0.045864 -0.998857
vn -0.019717 -0.046072 0.998744
vn 0.018836 -0.565738 0.824370
vn 0.066329 -0.997032 -0.039074
vn 0.051976 -0.491987 -0.869050
vn 0.019679 0.046093 -0.998743
vn 0.000002 -0.045768 0.998952
vn 0.000000 -0.571308 0.820736
vn 0.000022 -0.999203 -0.039919
vn 0.000026 -0.498453 -0.866917
vn -0.000002 0.045768 -0.998952
vn 0.019688 -0.046072 0.998744
vn -0.018853 -0.565759 0.824355
vn -0.066291 -0.997037 -0.039020
vn -0.051956 -0.491963 -0.869064
vn -0.019715 0.046077 -0.998743
vn 0.013486 -0.045869 0.998856
vn -0.047912 -0.561167 0.826315
vn -0.113028 -0.993085 -0.031743
vn -0.073331 -0.494649 -0.865993
vn -0.013750 0.045679 -0.998861
vn -0.318988 -0.026164 0.947398
vn -0.319319 -0.492758 0.809460
vn -0.161620 -0.985911 0.043120
vn 0.178401 -0.565487 -0.805232
vn 0.318268 0.025674 -0.947653
vn -0.729639 0.003435 0.683824
vn -0.668945 -0.458369 0.585158
vn -0.146491 -0.989198 0.005246
vn 0.572767 -0.557459 -0.600981
vn 0.729712 -0.003860 -0.683743
vn -0.931110 0.010740 0.364581
vn -0.837651 -0.439815 0.323888
vn -0.130918 -0.991259 0.016324
vn 0.767676 -0.558930 -0.313480
vn 0.931024 -0.010446 -0.364810
vn 0.535537 -0.844417 -0.012629
vn 0.500287 -0.865859 0.001296
vn 0.182887 -0.246173 0.951815
vn 0.231617 -0.232012 0.944735
vn -0.397092 0.720066 0.569055
vn -0.412327 0.715171 0.564374
vn -0.433809 0.695827 -0.572394
vn -0.478168 0.662159 -0.576976
vn 0.118802 -0.282061 -0.952012
vn 0.101846 -0.296054 -0.949726
vn 0.415103 -0.909765 0.004010
vn 0.143119 -0.250440 0.957495
vn -0.330463 0.757735 0.562701
vn -0.359085 0.736704 -0.572997
vn 0.091912 -0.280243 -0.955519
vn 0.294646 -0.955578 0.007342
vn 0.098701 -0.266143 0.958867
vn -0.235186 0.792352 0.562908
vn -0.253179 0.774472 -0.579736
vn 0.065981 -0.290412 -0.954624
vn 0.161591 -0.986808 0.009923
vn 0.050383 -0.270715 0.961340
vn -0.129051 0.817053 0.561935
vn -0.137214 0.801556 -0.581963
vn 0.035600 -0.292559 -0.955585
vn -0.000564 -0.999949 0.010100
vn -0.000184 -0.267980 0.963425
vn 0.000664 0.826616 0.562766
vn 0.000326 0.812227 -0.583342
vn -0.000062 -0.289363 -0.957220
vn -0.162667 -0.986641 0.008932
vn -0.050457 -0.269993 0.961539
vn 0.130000 0.816791 0.562097
vn 0.138118 0.801607 -0.581679
vn -0.036084 -0.293276 -0.955347
vn -0.295562 -0.955305 0.005919
vn -0.098533 -0.265112 0.959170
vn 0.235973 0.791932 0.563170
vn 0.254038 0.774522 -0.579293
vn -0.066670 -0.291419 -0.954269
vn -0.415831 -0.909439 0.002305
vn -0.142742 -0.249245 0.957863
vn 0.331036 0.757241 0.563029
vn 0.359817 0.736752 -0.572475
vn -0.092779 -0.281365 -0.955105
vn -0.500916 -0.865496 -0.000504
vn -0.182430 -0.244893 0.952233
vn 0.397372 0.719638 0.569400
vn 0.434442 0.695925 -0.571795
vn -0.119931 -0.283147 -0.951548
vn -0.535777 -0.844237 -0.014391
vn -0.230688 -0.230878 0.945240
vn 0.412814 0.714583 0.564762
vn 0.479019 0.662102 -0.576335
vn -0.102691 -0.297291 -0.949248
vn -0.548543 -0.835900 0.019292
vn -0.205861 -0.236515 0.949569
vn 0.424207 0.688392 0.588358
vn 0.484463 0.677497 -0.553438
vn -0.140889 -0.293311 -0.945579
vn -0.505416 -0.858747 0.084309
vn 0.085370 -0.394924 0.914739
vn 0.558504 0.571437 0.601276
vn 0.347383 0.805654 -0.479840
vn -0.427344 -0.183766 -0.885216
vn -0.420575 -0.906471 0.037784
vn 0.505038 -0.613972 0.606609
vn 0.782110 0.453011 0.427884
vn 0.105612 0.947647 -0.301350
vn -0.798424 -0.007817 -0.602045
vn -0.399849 -0.914650 -0.059464
vn 0.705587 -0.689983 0.161463
vn 0.882210 0.437415 0.174283
vn -0.060337 0.997269 -0.042600
vn -0.976593 0.071197 -0.202969
vn -0.447674 -0.888667 -0.099296
vn 0.721688 -0.688705 -0.069664
vn 0.873045 0.484179 0.057996
vn -0.135085 0.985216 0.105367
vn -0.995161 0.098158 0.004509
vn -0.410065 -0.899017 -0.153674
vn 0.709375 -0.648363 -0.276430
vn 0.886344 0.461438 -0.038327
vn -0.076942 0.965390 0.249202
vn -0.983725 0.029089 0.177313
vn -0.427062 -0.865183 -0.262825
vn 0.572814 -0.492689 -0.655089
vn 0.828178 0.515940 -0.218924
vn 0.038402 0.862141 0.505212
vn -0.865232 -0.115443 0.487900
vn -0.505751 -0.797211 -0.329653
vn 0.278776 -0.235399 -0.931059
vn 0.698688 0.630277 -0.338505
vn 0.228212 0.677948 0.698788
vn -0.621762 -0.316086 0.716590
vn -0.567624 -0.766176 -0.301293
vn 0.048187 -0.053419 -0.997409
vn 0.600822 0.726878 -0.332658
vn 0.353836 0.532936 0.768621
vn -0.408819 -0.435193 0.802168
vn -0.557335 -0.785156 -0.270014
vn 0.010549 -0.026790 -0.999585
vn 0.566999 0.764068 -0.307753
vn 0.350532 0.511609 0.784464
vn -0.349029 -0.454547 0.819491
vn -0.511027 -0.812111 -0.281653
vn 0.031807 -0.034209 -0.998909
vn 0.531821 0.784736 -0.318364
vn 0.316953 0.542124 0.778230
vn -0.340180 -0.462141 0.818965
vn -0.452110 -0.846295 -0.281745
vn 0.027212 -0.025972 -0.999292
vn 0.468249 0.822838 -0.321994
vn 0.283992 0.563284 0.775925
vn -0.294113 -0.482771 0.824882
vn -0.357629 -0.889687 -0.283828
vn 0.023455 -0.013673 -0.999631
vn 0.367353 0.871131 -0.325859
vn 0.229204 0.594050 0.771084
vn -0.224746 -0.504965 0.833367
vn -0.222177 -0.932617 -0.284365
vn 0.015083 -0.005652 -0.999870
vn 0.224855 0.916999 -0.329473
vn 0.144383 0.622160 0.769461
vn -0.133776 -0.525861 0.839984
vn -0.094226 -0.954851 -0.281746
vn 0.004745 -0.015802 -0.999864
vn 0.095426 0.937075 -0.335833
vn 0.060800 0.625541 0.777819
vn -0.056744 -0.543096 0.837751
vn -0.000528 -0.959568 -0.281475
vn 0.000001 -0.017879 -0.999840
vn 0.000540 0.941158 -0.337965
vn 0.000498 0.625940 0.779871
vn -0.000403 -0.546738 0.837304
vn 0.093255 -0.955115 -0.281175
vn -0.004866 -0.015105 -0.999874
vn -0.094351 0.936997 -0.336356
vn -0.059766 0.625466 0.777960
vn 0.055965 -0.543345 0.837642
vn 0.221267 -0.933149 -0.283328
vn -0.015566 -0.004401 -0.999869
vn -0.223734 0.916932 -0.330423
vn -0.143556 0.622020 0.769729
vn 0.133283 -0.526267 0.839809
vn 0.357051 -0.890313 -0.282589
vn -0.024206 -0.012177 -0.999633
vn -0.366321 0.871099 -0.327101
vn -0.228368 0.593960 0.771401
vn 0.224400 -0.505470 0.833154
vn 0.451740 -0.846940 -0.280398
vn -0.028247 -0.024391 -0.999303
vn -0.467368 0.822790 -0.323394
vn -0.283230 0.563154 0.776298
vn 0.293909 -0.483347 0.824617
vn 0.510878 -0.812695 -0.280233
vn -0.032852 -0.032598 -0.998929
vn -0.530925 0.784737 -0.319853
vn -0.316208 0.542048 0.778586
vn 0.340219 -0.462621 0.818678
vn 0.556793 -0.786006 -0.268655
vn -0.012165 -0.025580 -0.999599
vn -0.566558 0.763808 -0.309209
vn -0.350324 0.511195 0.784827
vn 0.348622 -0.455270 0.819263
vn 0.567591 -0.766681 -0.300068
vn -0.049282 -0.052048 -0.997428
vn -0.600187 0.726759 -0.334062
vn -0.353218 0.532726 0.769052
vn 0.408762 -0.435658 0.801945
vn 0.506395 -0.797094 -0.328947
vn -0.279251 -0.233734 -0.931336
vn -0.697770 0.630596 -0.339803
vn -0.226829 0.678356 0.698843
vn 0.622859 -0.315967 0.715690
vn 0.426872 -0.865630 -0.261657
vn -0.573870 -0.491969 -0.654706
vn -0.828169 0.515904 -0.219043
vn -0.037933 0.861673 0.506044
vn 0.865115 -0.116401 0.487879
vn 0.409610 -0.899324 -0.153085
vn -0.709959 -0.647915 -0.275979
vn -0.886207 0.461716 -0.038144
vn 0.077596 0.965192 0.249766
vn 0.983740 0.028426 0.177333
vn 0.446932 -0.889043 -0.099272
vn -0.721960 -0.688433 -0.069527
vn -0.872772 0.484653 0.058150
vn 0.135750 0.985100 0.105598
vn 0.995205 0.097708 0.004563
vn 0.398724 -0.915174 -0.058950
vn -0.705597 -0.689946 0.161581
vn -0.881960 0.437913 0.174293
vn 0.061032 0.997240 -0.042277
vn 0.976619 0.071054 -0.202895
vn 0.419215 -0.907046 0.039067
vn -0.504799 -0.614316 0.606460
vn -0.781898 0.453460 0.427796
vn -0.104927 0.947846 -0.300961
vn 0.798438 -0.007378 -0.602033
vn 0.503662 -0.859641 0.085687
vn -0.085479 -0.396125 0.914209
vn -0.558982 0.571540 0.600733
vn -0.347269 0.805502 -0.480179
vn 0.425748 -0.183367 -0.886067
vn 0.547901 -0.836276 0.021135
vn 0.206471 -0.237786 0.949120
vn -0.424097 0.688836 0.587918
vn -0.483899 0.677444 -0.553995
vn 0.139794 -0.292232 -0.946075
vn -0.976811 0.212874 0.022913
vn -0.968348 0.214749 0.127224
vn -0.121182 0.782869 0.610272
vn -0.088883 0.964109 0.250187
vn 0.844948 0.410739 0.342573
vn 0.878677 0.455031 0.144481
vn 0.766633 -0.508643 -0.391862
vn 0.698559 -0.697080 -0.161542
vn -0.365408 -0.716290 0.594479
vn -0.509657 -0.829337 -0.229018
vn -0.978181 0.081517 0.191095
vn -0.177235 0.313731 0.932824
vn 0.823259 0.159667 0.544748
vn 0.803471 -0.176462 -0.568591
vn -0.207611 0.821699 -0.530763
vn -0.995677 0.000179 0.092884
vn -0.226330 0.000387 0.974051
vn 0.851241 -0.001074 0.524774
vn 0.761533 0.001048 -0.648126
vn -0.391238 -0.000850 -0.920289
vn -0.983869 -0.060693 0.168282
vn -0.219625 -0.292691 0.930643
vn 0.805749 -0.188889 0.561329
vn 0.820365 0.182781 -0.541842
vn -0.318128 -0.799507 -0.509492
vn -0.981739 -0.163444 0.097336
vn -0.228415 -0.767000 0.599614
vn 0.793591 -0.481640 0.371802
vn 0.824955 0.457840 -0.331409
vn -0.234444 0.798396 0.554617
vn -0.989201 -0.146507 -0.004170
vn -0.232510 -0.957278 0.171923
vn 0.817797 -0.561517 0.126124
vn 0.784323 0.614004 -0.088529
vn -0.385344 0.905572 -0.177338
vn -0.994536 -0.097959 -0.036103
vn -0.234256 -0.972153 -0.006520
vn 0.844128 -0.535189 0.031953
vn 0.754968 0.655245 0.026022
vn -0.365715 0.930598 -0.015485
vn -0.987030 -0.146775 -0.065035
vn -0.219754 -0.958138 -0.183520
vn 0.824815 -0.561746 -0.064194
vn 0.776140 0.614483 0.141486
vn -0.395047 0.906990 0.145968
vn -0.972445 -0.165417 -0.164280
vn -0.186021 -0.769152 -0.611393
vn 0.818048 -0.482198 -0.313501
vn 0.799734 0.459915 0.385882
vn -0.195659 0.797781 -0.570319
vn -0.969590 -0.060917 -0.237034
vn -0.154253 -0.292424 -0.943766
vn 0.843110 -0.187556 -0.503973
vn 0.780095 0.184738 0.597765
vn -0.347740 -0.797888 0.492393
vn -0.986750 0.000326 -0.162247
vn -0.157099 0.000456 -0.987583
vn 0.886501 -0.000911 -0.462725
vn 0.713405 0.001146 0.700751
vn -0.455004 -0.000738 0.890489
vn -0.963215 0.078496 -0.257012
vn -0.109677 0.293733 -0.949575
vn 0.862100 0.146827 -0.485000
vn 0.755163 -0.165546 0.634290
vn -0.235956 0.835385 0.496444
vn -0.950620 0.234858 -0.202890
vn -0.067720 0.784116 -0.616908
vn 0.865238 0.410671 -0.287598
vn 0.744010 -0.502015 0.440942
vn 0.397371 0.740948 -0.541381
vn -0.962371 0.263163 -0.067722
vn -0.060672 0.991536 -0.114786
vn 0.875434 0.482958 -0.019184
vn 0.705590 -0.700306 0.108236
vn -0.003829 -0.449359 -0.893343
vn -0.981175 0.192710 -0.012569
vn -0.074046 0.990167 0.118688
vn 0.894868 0.437973 0.085967
vn 0.671482 -0.738081 -0.065934
vn -0.504234 -0.854749 -0.123093
vn -0.979612 0.200786 0.006672
vn -0.970979 0.204241 0.124442
vn -0.170956 0.778436 0.603997
vn -0.164427 0.971224 0.172300
vn 0.825489 0.444994 0.347200
vn 0.850811 0.512947 0.114042
vn 0.789107 -0.496302 -0.361931
vn 0.742676 -0.662399 -0.098291
vn -0.287784 -0.766814 0.573740
vn -0.450384 -0.876614 -0.169419
vn -0.975724 0.074755 0.205852
vn -0.178466 0.295328 0.938579
vn 0.829104 0.170168 0.532568
vn 0.794263 -0.189628 -0.577225
vn -0.304748 0.811231 -0.499033
vn -0.992157 -0.000109 0.125001
vn -0.192986 -0.000123 0.981201
vn 0.870093 0.000332 0.492887
vn 0.736947 -0.000437 -0.675951
vn -0.422199 0.000207 -0.906503
vn -0.973247 -0.083592 0.214017
vn -0.162827 -0.300582 0.939754
vn 0.835318 -0.158550 0.526408
vn 0.787213 0.183887 -0.588627
vn -0.265780 -0.823242 -0.501631
vn -0.964102 -0.228274 0.135644
vn -0.130026 -0.785271 0.605345
vn 0.841937 -0.421380 0.337018
vn 0.768373 0.514043 -0.381265
vn -0.338186 0.729464 0.594569
vn -0.972132 -0.234145 0.011649
vn -0.108436 -0.978997 0.172644
vn 0.869636 -0.481549 0.108832
vn 0.711576 0.694926 -0.103621
vn -0.499998 0.850760 -0.161895
vn -0.981551 -0.188363 -0.032812
vn -0.102923 -0.994669 -0.006334
vn 0.892507 -0.450170 0.027910
vn 0.677138 0.735451 0.024417
vn -0.479540 0.877421 -0.013177
vn -0.969087 -0.234154 -0.077731
vn -0.095916 -0.978155 -0.184424
vn 0.875171 -0.480876 -0.053242
vn 0.701784 0.695197 0.155569
vn -0.510483 0.849388 0.133970
vn -0.952835 -0.226972 -0.201469
vn -0.088475 -0.783333 -0.615273
vn 0.862958 -0.420480 -0.280181
vn 0.738759 0.513195 0.436882
vn -0.290287 0.736009 -0.611575
vn -0.956576 -0.083067 -0.279398
vn -0.098621 -0.299266 -0.949059
vn 0.869144 -0.158402 -0.468506
vn 0.744823 0.183555 0.641519
vn -0.298257 -0.823145 0.483194
vn -0.981454 -0.000089 -0.191700
vn -0.126314 -0.000018 -0.991990
vn 0.901368 0.000341 -0.433054
vn 0.689644 -0.000357 0.724148
vn -0.482426 0.000249 0.875937
vn -0.959477 0.075005 -0.271622
vn -0.114569 0.296300 -0.948198
vn 0.862777 0.172000 -0.475429
vn 0.754748 -0.187042 0.628785
vn -0.340149 0.811106 0.475821
vn -0.960375 0.203979 -0.189927
vn -0.130207 0.778749 -0.613674
vn 0.846193 0.446772 -0.290435
vn 0.763877 -0.495168 0.413885
vn -0.248435 -0.764625 -0.594667
vn -0.977038 0.200442 -0.072243
vn -0.153026 0.971109 -0.183114
vn 0.856026 0.513717 -0.057574
vn 0.734374 -0.662692 0.146746
vn -0.461170 -0.876641 0.137196
vn -0.987670 0.153143 -0.032488
vn -0.163535 0.986522 -0.005501
vn 0.875018 0.483242 0.028645
vn 0.711334 -0.702470 0.023239
vn -0.429233 -0.903082 -0.014236
vn 0.976811 0.212871 0.022921
vn 0.088878 0.964107 0.250196
vn 0.121188 0.782861 0.610281
vn 0.968344 0.214760 0.127234
vn -0.878681 0.455024 0.144477
vn -0.844948 0.410735 0.342578
vn -0.698561 -0.697076 -0.161549
vn -0.766636 -0.508629 -0.391876
vn 0.509640 -0.829369 -0.228943
vn 0.365342 -0.716098 0.594751
vn 0.177236 0.313732 0.932824
vn 0.978184 0.081511 0.191082
vn -0.823260 0.159668 0.544747
vn -0.803464 -0.176462 -0.568601
vn 0.207705 0.821597 -0.530883
vn 0.226333 0.000386 0.974050
vn 0.995677 0.000179 0.092889
vn -0.851237 -0.001075 0.524781
vn -0.761535 0.001047 -0.648122
vn 0.391238 -0.000850 -0.920289
vn 0.219619 -0.292681 0.930648
vn 0.983868 -0.060693 0.168286
vn -0.805750 -0.188884 0.561328
vn -0.820360 0.182794 -0.541845
vn 0.318199 -0.799552 -0.509378
vn 0.228416 -0.766999 0.599616
vn 0.981740 -0.163443 0.097333
vn -0.793588 -0.481646 0.371800
vn -0.824956 0.457831 -0.331418
vn 0.234419 0.798471 0.554520
vn 0.232505 -0.957280 0.171921
vn 0.989198 -0.146524 -0.004161
vn -0.817797 -0.561518 0.126120
vn -0.784326 0.613998 -0.088540
vn 0.385355 0.905559 -0.177385
vn 0.234254 -0.972154 -0.006520
vn 0.994535 -0.097958 -0.036103
vn -0.844130 -0.535186 0.031953
vn -0.754968 0.655246 0.026023
vn 0.365714 0.930598 -0.015484
vn 0.219753 -0.958139 -0.183515
vn 0.987030 -0.146772 -0.065036
vn -0.824818 -0.561744 -0.064180
vn -0.776141 0.614482 0.141486
vn 0.395027 0.907010 0.145903
vn 0.186017 -0.769153 -0.611393
vn 0.972446 -0.165408 -0.164282
vn -0.818044 -0.482200 -0.313506
vn -0.799726 0.459926 0.385883
vn 0.195584 0.797664 -0.570508
vn 0.154249 -0.292420 -0.943768
vn 0.969590 -0.060918 -0.237034
vn -0.843116 -0.187548 -0.503965
vn -0.780099 0.184746 0.597758
vn 0.347802 -0.797797 0.492498
vn 0.157095 0.000457 -0.987583
vn 0.986749 0.000325 -0.162255
vn -0.886503 -0.000911 -0.462722
vn -0.713401 0.001146 0.700755
vn 0.455010 -0.000739 0.890486
vn 0.109671 0.293734 -0.949575
vn 0.963216 0.078494 -0.257009
vn -0.862102 0.146821 -0.484998
vn -0.755155 -0.165524 0.634305
vn 0.235991 0.835392 0.496416
vn 0.067724 0.784113 -0.616913
vn 0.950617 0.234863 -0.202895
vn -0.865236 0.410676 -0.287597
vn -0.744009 -0.502011 0.440949
vn -0.396839 0.741890 -0.540480
vn 0.060671 0.991536 -0.114789
vn 0.962380 0.263136 -0.067703
vn -0.875433 0.482959 -0.019184
vn -0.705602 -0.700293 0.108237
vn 0.000610 -0.450997 -0.892525
vn 0.074049 0.990167 0.118688
vn 0.981176 0.192706 -0.012569
vn -0.894871 0.437969 0.085966
vn -0.671475 -0.738088 -0.065937
vn 0.504243 -0.854744 -0.123094
vn 0.979612 0.200786 0.006670
vn 0.164425 0.971225 0.172299
vn 0.170953 0.778433 0.604001
vn 0.970979 0.204239 0.124443
vn -0.850813 0.512944 0.114040
vn -0.825493 0.444986 0.347203
vn -0.742664 -0.662415 -0.098271
vn -0.789095 -0.496357 -0.361883
vn 0.450410 -0.876590 -0.169472
vn 0.287782 -0.766868 0.573667
vn 0.178473 0.295321 0.938580
vn 0.975722 0.074751 0.205861
vn -0.829100 0.170160 0.532578
vn -0.794278 -0.189665 -0.577191
vn 0.304728 0.811248 -0.499018
vn 0.192990 -0.000123 0.981201
vn 0.992156 -0.000108 0.125006
vn -0.870090 0.000332 0.492894
vn -0.736944 -0.000437 -0.675954
vn 0.422208 0.000208 -0.906499
vn 0.162817 -0.300580 0.939756
vn 0.973245 -0.083610 0.214020
vn -0.835317 -0.158556 0.526408
vn -0.787221 0.183798 -0.588644
vn 0.265748 -0.823245 -0.501643
vn 0.130020 -0.785272 0.605346
vn 0.964100 -0.228292 0.135623
vn -0.841936 -0.421382 0.337019
vn -0.768372 0.514006 -0.381316
vn 0.338211 0.729451 0.594571
vn 0.108447 -0.978997 0.172641
vn 0.972133 -0.234141 0.011648
vn -0.869632 -0.481556 0.108833
vn -0.711588 0.694913 -0.103628
vn 0.499997 0.850763 -0.161880
vn 0.102920 -0.994669 -0.006333
vn 0.981551 -0.188366 -0.032811
vn -0.892508 -0.450168 0.027911
vn -0.677135 0.735454 0.024418
vn 0.479540 0.877421 -0.013176
vn 0.095920 -0.978155 -0.184426
vn 0.969087 -0.234156 -0.077728
vn -0.875170 -0.480878 -0.053238
vn -0.701785 0.695202 0.155538
vn 0.510458 0.849409 0.133926
vn 0.088468 -0.783334 -0.615273
vn 0.952833 -0.226985 -0.201464
vn -0.862965 -0.420468 -0.280178
vn -0.738784 0.513161 0.436880
vn 0.290224 0.736048 -0.611558
vn 0.098622 -0.299265 -0.949060
vn 0.956576 -0.083068 -0.279397
vn -0.869142 -0.158396 -0.468512
vn -0.744803 0.183535 0.641548
vn 0.298331 -0.823156 0.483129
vn 0.126322 -0.000017 -0.991989
vn 0.981454 -0.000089 -0.191696
vn -0.901366 0.000341 -0.433058
vn -0.689650 -0.000357 0.724143
vn 0.482420 0.000249 0.875940
vn 0.114571 0.296298 -0.948199
vn 0.959478 0.074998 -0.271621
vn -0.862783 0.171983 -0.475424
vn -0.754707 -0.187052 0.628832
vn 0.340170 0.811098 0.475820
vn 0.130207 0.778750 -0.613673
vn 0.960371 0.203984 -0.189943
vn -0.846188 0.446777 -0.290440
vn -0.763913 -0.495127 0.413868
vn 0.248519 -0.764646 -0.594604
vn 0.153020 0.971110 -0.183114
vn 0.977039 0.200441 -0.072238
vn -0.856023 0.513722 -0.057569
vn -0.734371 -0.662699 0.146727
vn 0.461145 -0.876637 0.137306
vn 0.163525 0.986524 -0.005501
vn 0.987669 0.153149 -0.032489
vn -0.875015 0.483248 0.028645
vn -0.711339 -0.702465 0.023240
vn 0.429234 -0.903081 -0.014237
s 1
f 1/1/1 2/2/2 3/3/3
f 3/3/3 4/4/4 1/1/1
f 5/5/5 6/6/6 7/7/7
f 7/7/7 8/8/8 5/5/5
f 9/9/9 1/1/1 4/4/4
f 4/4/4 10/10/10 9/9/9
f 11/11/11 5/5/5 8/8/8
f 8/8/8 12/12/12 11/11/11
f 13/13/13 9/9/9 10/10/10
f 10/10/10 14/14/14 13/13/13
f 15/15/15 11/11/11 12/12/12
f 12/12/12 16/16/16 15/15/15
f 17/17/17 13/13/13 14/14/14
f 14/14/14 18/18/18 17/17/17
f 19/19/19 15/15/15 16/16/16
f 16/16/16 20/20/20 19/19/19
f 8/8/8 7/7/7 2/2/2
f 2/2/2 1/1/1 8/8/8
f 12/12/12 8/8/8 1/1/1
f 1/1/1 9/9/9 12/12/12
f 16/16/16 12/12/12 9/9/9
f 9/9/9 13/13/13 16/16/16
f 20/20/20 16/16/16 13/13/13
f 13/13/13 17/17/17 20/20/20
f 21/21/21 22/22/22 17/17/17
f 17/17/17 18/18/18 21/21/21
f 23/23/23 24/24/24 19/19/19
f 19/19/19 20/20/20 23/23/23
f 22/22/22 23/23/23 20/20/20
f 20/20/20 17/17/17 22/22/22
f 25/25/25 26/26/26 22/22/22
f 22/22/22 21/21/21 25/25/25
f 23/23/23 27/27/27 24/24/24
f 26/26/26 27/27/27 23/23/23
f 23/23/23 22/22/22 26/26/26
f 28/28/28 29/29/29 30/30/30
f 30/30/30 31/31/31 28/28/28
f 32/32/32 33/33/33 28/28/28
f 28/28/28 31/31/31 32/32/32
f 29/29/29 34/34/34 35/35/35
f 35/35/35 30/30/30 29/29/29
f 36/36/36 37/37/37 38/38/38
f 38/38/38 39/39/39 36/36/36
f 40/40/40 41/41/41 42/42/42
f 42/42/42 43/43/43 40/40/40
f 44/44/44 45/45/45 37/37/37
f 37/37/37 36/36/36 44/44/44
f 46/46/46 47/47/47 41/41/41
f 41/41/41 40/40/40 46/46/46
f 48/48/48 49/49/49 45/45/45
f 45/45/45 44/44/44 48/48/48
f 50/50/50 51/51/51 47/47/47
f 47/47/47 46/46/46 50/50/50
f 52/52/52 53/53/53 49/49/49
f 49/49/49 48/48/48 52/52/52
f 54/54/54 55/55/55 51/51/51
f 51/51/51 50/50/50 54/54/54
f 41/41/41 36/36/36 39/39/39
f 39/39/39 42/42/42 41/41/41
f 47/47/47 44/44/44 36/36/36
f 36/36/36 41/41/41 47/47/47
f 51/51/51 48/48/48 44/44/44
f 44/44/44 47/47/47 51/51/51
f 55/55/55 52/52/52 48/48/48
f 48/48/48 51/51/51 55/55/55
f 56/56/56 53/53/53 52/52/52
f 52/52/52 57/57/57 56/56/56
f 58/58/58 55/55/55 54/54/54
f 54/54/54 59/59/59 58/58/58
f 57/57/57 52/52/52 55/55/55
f 55/55/55 58/58/58 57/57/57
f 60/60/60 56/56/56 57/57/57
f 57/57/57 61/61/61 60/60/60
f 58/58/58 59/59/59 62/62/62
f 61/61/61 57/57/57 58/58/58
f 58/58/58 62/62/62 61/61/61
f 63/63/63 29/29/29 28/28/28
f 28/28/28 64/64/64 63/63/63
f 65/65/65 64/64/64 28/28/28
f 28/28/28 33/33/33 65/65/65
f 66/66/66 34/34/34 29/29/29
f 29/29/29 63/63/63 66/66/66
f 31/31/31 30/30/30 2/2/2
f 2/2/2 7/7/7 31/31/31
f 6/6/6 32/32/32 31/31/31
f 31/31/31 7/7/7 6/6/6
f 30/30/30 35/35/35 3/3/3
f 3/3/3 2/2/2 30/30/30
f 39/39/39 63/63/63 64/64/64
f 64/64/64 42/42/42 39/39/39
f 64/64/64 65/65/65 43/43/43
f 43/43/43 42/42/42 64/64/64
f 66/66/66 63/63/63 39/39/39
f 39/39/39 38/38/38 66/66/66
f 67/67/67 68/68/68 69/69/69
f 69/69/69 70/70/70 67/67/67
f 71/71/71 72/72/72 73/73/73
f 73/73/73 74/74/74 71/71/71
f 75/75/75 76/76/76 77/77/77
f 77/77/77 78/78/78 79/79/79
f 75/75/75 77/77/77 79/79/79
f 75/75/75 79/79/79 80/80/80
f 81/81/81 82/82/82 83/83/83
f 83/83/83 84/84/84 81/81/81
f 85/85/85 86/86/86 87/87/87
f 87/87/87 88/88/88 89/89/89
f 85/85/85 87/87/87 89/89/89
f 85/85/85 89/89/89 90/90/90
f 70/70/70 69/69/69 80/80/80
f 80/80/80 79/79/79 70/70/70
f 68/68/68 67/67/67 86/86/86
f 86/86/86 85/85/85 68/68/68
f 74/74/74 73/73/73 78/78/78
f 78/78/78 77/77/77 74/74/74
f 72/72/72 71/71/71 88/88/88
f 88/88/88 87/87/87 72/72/72
f 84/84/84 83/83/83 90/90/90
f 90/90/90 89/89/89 84/84/84
f 82/82/82 81/81/81 76/76/76
f 76/76/76 75/75/75 82/82/82
f 81/81/81 74/74/74 77/77/77
f 77/77/77 76/76/76 81/81/81
f 84/84/84 71/71/71 74/74/74
f 74/74/74 81/81/81 84/84/84
f 89/89/89 88/88/88 71/71/71
f 71/71/71 84/84/84 89/89/89
f 83/83/83 68/68/68 85/85/85
f 85/85/85 90/90/90 83/83/83
f 82/82/82 69/69/69 68/68/68
f 68/68/68 83/83/83 82/82/82
f 75/75/75 80/80/80 69/69/69
f 69/69/69 82/82/82 75/75/75
f 91/91/91 92/92/92 93/93/93
f 93/93/93 94/94/94 91/91/91
f 95/95/95 96/96/96 97/97/97
f 97/97/97 98/98/98 95/95/95
f 99/99/99 100/100/100 101/101/101
f 101/101/101 102/102/102 103/103/103
f 99/99/99 101/101/101 103/103/103
f 99/99/99 103/103/103 104/104/104
f 105/105/105 106/106/106 107/107/107
f 107/107/107 108/108/108 105/105/105
f 109/109/109 110/110/110 111/111/111
f 111/111/111 112/112/112 113/113/113
f 109/109/109 111/111/111 113/113/113
f 109/109/109 113/113/113 114/114/114
f 94/94/94 93/93/93 104/104/104
f 104/104/104 103/103/103 94/94/94
f 92/92/92 91/91/91 110/110/110
f 110/110/110 109/109/109 92/92/92
f 98/98/98 97/97/97 102/102/102
f 102/102/102 101/101/101 98/98/98
f 96/96/96 95/95/95 112/112/112
f 112/112/112 111/111/111 96/96/96
f 108/108/108 107/107/107 114/114/114
f 114/114/114 113/113/113 108/108/108
f 106/106/106 105/105/105 100/100/100
f 100/100/100 99/99/99 106/106/106
f 105/105/105 98/98/98 101/101/101
f 101/101/101 100/100/100 105/105/105
f 108/108/108 95/95/95 98/98/98
f 98/98/98 105/105/105 108/108/108
f 113/113/113 112/112/112 95/95/95
f 95/95/95 108/108/108 113/113/113
f 107/107/107 92/92/92 109/109/109
f 109/109/109 114/114/114 107/107/107
f 106/106/106 93/93/93 92/92/92
f 92/92/92 107/107/107 106/106/106
f 99/99/99 104/104/104 93/93/93
f 93/93/93 106/106/106 99/99/99
f 115/115/115 116/116/116 117/117/117
f 117/117/117 118/118/118 115/115/115
f 119/119/119 120/120/120 121/121/121
f 121/121/121 122/122/122 119/119/119
f 123/123/123 124/124/124 125/125/125
f 125/125/125 126/126/126 127/127/127
f 123/123/123 125/125/125 127/127/127
f 123/123/123 127/127/127 128/128/128
f 129/129/129 130/130/130 131/131/131
f 131/131/131 132/132/132 129/129/129
f 133/133/133 134/134/134 135/135/135
f 135/135/135 136/136/136 137/137/137
f 133/133/133 135/135/135 137/137/137
f 133/133/133 137/137/137 138/138/138
f 118/118/118 117/117/117 128/128/128
f 128/128/128 127/127/127 118/118/118
f 116/116/116 115/115/115 134/134/134
f 134/134/134 133/133/133 116/116/116
f 122/122/122 121/121/121 126/126/126
f 126/126/126 125/125/125 122/122/122
f 120/120/120 119/119/119 136/136/136
f 136/136/136 135/135/135 120/120/120
f 132/132/132 131/131/131 138/138/138
f 138/138/138 137/137/137 132/132/132
f 130/130/130 129/129/129 124/124/124
f 124/124/124 123/123/123 130/130/130
f 129/129/129 122/122/122 125/125/125
f 125/125/125 124/124/124 129/129/129
f 132/132/132 119/119/119 122/122/122
f 122/122/122 129/129/129 132/132/132
f 137/137/137 136/136/136 119/119/119
f 119/119/119 132/132/132 137/137/137
f 131/131/131 116/116/116 133/133/133
f 133/133/133 138/138/138 131/131/131
f 130/130/130 117/117/117 116/116/116
f 116/116/116 131/131/131 130/130/130
f 123/123/123 128/128/128 117/117/117
f 117/117/117 130/130/130 123/123/123
f 139/139/139 140/140/140 141/141/141
f 141/141/141 142/142/142 139/139/139
f 143/143/143 144/144/144 145/145/145
f 145/145/145 146/146/146 143/143/143
f 147/147/147 148/148/148 140/140/140
f 140/140/140 139/139/139 147/147/147
f 149/149/149 150/150/150 145/145/145
f 145/145/145 144/144/144 149/149/149
f 151/151/151 152/152/152 148/148/148
f 148/148/148 147/147/147 151/151/151
f 153/153/153 154/154/154 150/150/150
f 150/150/150 149/149/149 153/153/153
f 155/155/155 156/156/156 152/152/152
f 152/152/152 151/151/151 155/155/155
f 157/157/157 158/158/158 154/154/154
f 154/154/154 153/153/153 157/157/157
f 159/159/159 160/160/160 156/156/156
f 156/156/156 155/155/155 159/159/159
f 161/161/161 162/162/162 158/158/158
f 158/158/158 157/157/157 161/161/161
f 163/163/163 164/164/164 160/160/160
f 160/160/160 159/159/159 163/163/163
f 165/165/165 166/166/166 162/162/162
f 162/162/162 161/161/161 165/165/165
f 145/145/145 139/139/139 142/142/142
f 142/142/142 146/146/146 145/145/145
f 150/150/150 147/147/147 139/139/139
f 139/139/139 145/145/145 150/150/150
f 154/154/154 151/151/151 147/147/147
f 147/147/147 150/150/150 154/154/154
f 158/158/158 155/155/155 151/151/151
f 151/151/151 154/154/154 158/158/158
f 162/162/162 159/159/159 155/155/155
f 155/155/155 158/158/158 162/162/162
f 166/166/166 163/163/163 159/159/159
f 159/159/159 162/162/162 166/166/166
f 167/167/167 168/168/168 164/164/164
f 164/164/164 163/163/163 167/167/167
f 169/169/169 170/170/170 166/166/166
f 166/166/166 165/165/165 169/169/169
f 170/170/170 167/167/167 163/163/163
f 163/163/163 166/166/166 170/170/170
f 171/171/171 172/172/172 168/168/168
f 168/168/168 167/167/167 171/171/171
f 173/173/173 174/174/174 170/170/170
f 170/170/170 169/169/169 173/173/173
f 174/174/174 171/171/171 167/167/167
f 167/167/167 170/170/170 174/174/174
f 175/175/175 142/142/142 141/141/141
f 141/141/141 176/176/176 175/175/175
f 143/143/143 146/146/146 177/177/177
f 177/177/177 178/178/178 143/143/143
f 179/179/179 175/175/175 176/176/176
f 176/176/176 180/180/180 179/179/179
f 181/181/181 178/178/178 177/177/177
f 177/177/177 182/182/182 181/181/181
f 183/183/183 179/179/179 180/180/180
f 180/180/180 184/184/184 183/183/183
f 185/185/185 181/181/181 182/182/182
f 182/182/182 186/186/186 185/185/185
f 187/187/187 183/183/183 184/184/184
f 184/184/184 188/188/188 187/187/187
f 189/189/189 185/185/185 186/186/186
f 186/186/186 190/190/190 189/189/189
f 191/191/191 187/187/187 188/188/188
f 188/188/188 192/192/192 191/191/191
f 193/193/193 189/189/189 190/190/190
f 190/190/190 194/194/194 193/193/193
f 195/195/195 191/191/191 192/192/192
f 192/192/192 196/196/196 195/195/195
f 197/197/197 193/193/193 194/194/194
f 194/194/194 198/198/198 197/197/197
f 177/177/177 146/146/146 142/142/142
f 142/142/142 175/175/175 177/177/177
f 182/182/182 177/177/177 175/175/175
f 175/175/175 179/179/179 182/182/182
f 186/186/186 182/182/182 179/179/179
f 179/179/179 183/183/183 186/186/186
f 190/190/190 186/186/186 183/183/183
f 183/183/183 187/187/187 190/190/190
f 194/194/194 190/190/190 187/187/187
f 187/187/187 191/191/191 194/194/194
f 198/198/198 194/194/194 191/191/191
f 191/191/191 195/195/195 198/198/198
f 199/199/199 195/195/195 196/196/196
f 196/196/196 200/200/200 199/199/199
f 201/201/201 197/197/197 198/198/198
f 198/198/198 202/202/202 201/201/201
f 202/202/202 198/198/198 195/195/195
f 195/195/195 199/199/199 202/202/202
f 203/203/203 199/199/199 200/200/200
f 200/200/200 204/204/204 203/203/203
f 205/205/205 201/201/201 202/202/202
f 202/202/202 206/206/206 205/205/205
f 206/206/206 202/202/202 199/199/199
f 199/199/199 203/203/203 206/206/206
f 207/207/207 208/208/208 209/209/209
f 209/209/209 210/210/210 211/211/211
f 207/207/207 209/209/209 211/211/211
f 211/211/211 212/212/212 213/213/213
f 211/211/211 213/213/213 214/214/214
f 214/214/214 215/215/215 216/216/216
f 211/211/211 214/214/214 216/216/216
f 207/207/207 211/211/211 216/216/216
f 216/216/216 217/217/217 218/218/218
f 207/207/207 216/216/216 218/218/218
f 207/207/207 218/218/218 219/219/219
f 220/220/220 221/221/221 222/222/222
f 222/222/222 223/223/223 224/224/224
f 220/220/220 222/222/222 224/224/224
f 224/224/224 225/225/225 226/226/226
f 224/224/224 226/226/226 227/227/227
f 227/227/227 228/228/228 229/229/229
f 224/224/224 227/227/227 229/229/229
f 220/220/220 224/224/224 229/229/229
f 229/229/229 230/230/230 231/231/231
f 220/220/220 229/229/229 231/231/231
f 220/220/220 231/231/231 232/232/232
f 233/233/233 234/234/234 235/235/235
f 236/236/236 237/237/237 238/238/238
f 235/235/235 236/236/236 238/238/238
f 233/233/233 235/235/235 238/238/238
f 238/238/238 239/239/239 240/240/240
f 240/240/240 241/241/241 242/242/242
f 238/238/238 240/240/240 242/242/242
f 233/233/233 238/238/238 242/242/242
f 242/242/242 243/243/243 244/244/244
f 233/233/233 242/242/242 244/244/244
f 233/233/233 244/244/244 245/245/245
f 246/246/246 247/247/247 248/248/248
f 249/249/249 250/250/250 251/251/251
f 248/248/248 249/249/249 251/251/251
f 246/246/246 248/248/248 251/251/251
f 251/251/251 252/252/252 253/253/253
f 253/253/253 254/254/254 255/255/255
f 251/251/251 253/253/253 255/255/255
f 246/246/246 251/251/251 255/255/255
f 255/255/255 256/256/256 257/257/257
f 246/246/246 255/255/255 257/257/257
f 246/246/246 257/257/257 258/258/258
f 259/259/259 260/260/260 261/261/261
f 261/261/261 262/262/262 259/259/259
f 263/263/263 264/264/264 265/265/265
f 266/266/266 267/267/267 268/268/268
f 265/265/265 266/266/266 268/268/268
f 263/263/263 265/265/265 268/268/268
f 268/268/268 269/269/269 270/270/270
f 270/270/270 271/271/271 272/272/272
f 268/268/268 270/270/270 272/272/272
f 272/272/272 273/273/273 274/274/274
f 274/274/274 275/275/275 276/276/276
f 272/272/272 274/274/274 276/276/276
f 268/268/268 272/272/272 276/276/276
f 263/263/263 268/268/268 276/276/276
f 276/276/276 260/260/260 259/259/259
f 263/263/263 276/276/276 259/259/259
f 263/263/263 259/259/259 277/277/277
f 278/278/278 279/279/279 280/280/280
f 280/280/280 281/281/281 278/278/278
f 282/282/282 283/283/283 284/284/284
f 285/285/285 286/286/286 287/287/287
f 284/284/284 285/285/285 287/287/287
f 282/282/282 284/284/284 287/287/287
f 287/287/287 288/288/288 289/289/289
f 289/289/289 290/290/290 291/291/291
f 287/287/287 289/289/289 291/291/291
f 291/291/291 292/292/292 279/279/279
f 279/279/279 278/278/278 293/293/293
f 291/291/291 279/279/279 293/293/293
f 287/287/287 291/291/291 293/293/293
f 282/282/282 287/287/287 293/293/293
f 293/293/293 294/294/294 295/295/295
f 282/282/282 293/293/293 295/295/295
f 282/282/282 295/295/295 296/296/296
f 297/297/297 298/298/298 299/299/299
f 299/299/299 300/300/300 297/297/297
f 298/298/298 301/301/301 302/302/302
f 302/302/302 299/299/299 298/298/298
f 301/301/301 303/303/303 304/304/304
f 304/304/304 302/302/302 301/301/301
f 303/303/303 305/305/305 306/306/306
f 306/306/306 304/304/304 303/303/303
f 305/305/305 307/307/307 308/308/308
f 308/308/308 306/306/306 305/305/305
f 307/307/307 309/309/309 310/310/310
f 310/310/310 308/308/308 307/307/307
f 309/309/309 311/311/311 312/312/312
f 312/312/312 310/310/310 309/309/309
f 311/311/311 313/313/313 314/314/314
f 314/314/314 312/312/312 311/311/311
f 313/313/313 315/315/315 316/316/316
f 316/316/316 314/314/314 313/313/313
f 315/315/315 297/297/297 300/300/300
f 300/300/300 316/316/316 315/315/315
f 308/308/308 310/310/310 312/312/312
f 312/312/312 314/314/314 316/316/316
f 316/316/316 300/300/300 299/299/299
f 312/312/312 316/316/316 299/299/299
f 308/308/308 312/312/312 299/299/299
f 299/299/299 302/302/302 304/304/304
f 308/308/308 299/299/299 304/304/304
f 308/308/308 304/304/304 306/306/306
f 317/317/317 318/318/318 319/319/319
f 319/319/319 320/320/320 317/317/317
f 320/320/320 319/319/319 321/321/321
f 321/321/321 322/322/322 320/320/320
f 322/322/322 321/321/321 323/323/323
f 323/323/323 324/324/324 322/322/322
f 324/324/324 323/323/323 325/325/325
f 325/325/325 326/326/326 324/324/324
f 326/326/326 325/325/325 327/327/327
f 327/327/327 328/328/328 326/326/326
f 328/328/328 327/327/327 329/329/329
f 329/329/329 330/330/330 328/328/328
f 330/330/330 329/329/329 331/331/331
f 331/331/331 332/332/332 330/330/330
f 332/332/332 331/331/331 333/333/333
f 333/333/333 334/334/334 332/332/332
f 334/334/334 333/333/333 335/335/335
f 335/335/335 336/336/336 334/334/334
f 336/336/336 335/335/335 318/318/318
f 318/318/318 317/317/317 336/336/336
f 323/323/323 321/321/321 319/319/319
f 319/319/319 318/318/318 335/335/335
f 335/335/335 333/333/333 331/331/331
f 319/319/319 335/335/335 331/331/331
f 331/331/331 329/329/329 327/327/327
f 319/319/319 331/331/331 327/327/327
f 323/323/323 319/319/319 327/327/327
f 323/323/323 327/327/327 325/325/325
f 337/337/337 338/338/338 339/339/339
f 339/339/339 340/340/340 337/337/337
f 338/338/338 341/341/341 342/342/342
f 342/342/342 339/339/339 338/338/338
f 341/341/341 343/343/343 344/344/344
f 344/344/344 342/342/342 341/341/341
f 343/343/343 345/345/345 346/346/346
f 346/346/346 344/344/344 343/343/343
f 345/345/345 347/347/347 348/348/348
f 348/348/348 346/346/346 345/345/345
f 347/347/347 349/349/349 350/350/350
f 350/350/350 348/348/348 347/347/347
f 349/349/349 351/351/351 352/352/352
f 352/352/352 350/350/350 349/349/349
f 351/351/351 353/353/353 354/354/354
f 354/354/354 352/352/352 351/351/351
f 353/353/353 355/355/355 356/356/356
f 356/356/356 354/354/354 353/353/353
f 355/355/355 337/337/337 340/340/340
f 340/340/340 356/356/356 355/355/355
f 348/348/348 350/350/350 352/352/352
f 352/352/352 354/354/354 356/356/356
f 356/356/356 340/340/340 339/339/339
f 352/352/352 356/356/356 339/339/339
f 348/348/348 352/352/352 339/339/339
f 339/339/339 342/342/342 344/344/344
f 348/348/348 339/339/339 344/344/344
f 348/348/348 344/344/344 346/346/346
f 357/357/357 358/358/358 359/359/359
f 359/359/359 360/360/360 357/357/357
f 360/360/360 359/359/359 361/361/361
f 361/361/361 362/362/362 360/360/360
f 362/362/362 361/361/361 363/363/363
f 363/363/363 364/364/364 362/362/362
f 364/364/364 363/363/363 365/365/365
f 365/365/365 366/366/366 364/364/364
f 366/366/366 365/365/365 367/367/367
f 367/367/367 368/368/368 366/366/366
f 368/368/368 367/367/367 369/369/369
f 369/369/369 370/370/370 368/368/368
f 370/370/370 369/369/369 371/371/371
f 371/371/371 372/372/372 370/370/370
f 372/372/372 371/371/371 373/373/373
f 373/373/373 374/374/374 372/372/372
f 374/374/374 373/373/373 375/375/375
f 375/375/375 376/376/376 374/374/374
f 376/376/376 375/375/375 358/358/358
f 358/358/358 357/357/357 376/376/376
f 363/363/363 361/361/361 359/359/359
f 359/359/359 358/358/358 375/375/375
f 375/375/375 373/373/373 371/371/371
f 359/359/359 375/375/375 371/371/371
f 371/371/371 369/369/369 367/367/367
f 359/359/359 371/371/371 367/367/367
f 363/363/363 359/359/359 367/367/367
f 363/363/363 367/367/367 365/365/365
f 377/377/377 378/378/378 379/379/379
f 379/379/379 380/380/380 377/377/377
f 380/380/380 379/379/379 381/381/381
f 381/381/381 382/382/382 380/380/380
f 382/382/382 381/381/381 383/383/383
f 383/383/383 384/384/384 382/382/382
f 384/384/384 383/383/383 385/385/385
f 385/385/385 386/386/386 384/384/384
f 378/378/378 387/387/387 388/388/388
f 388/388/388 379/379/379 378/378/378
f 379/379/379 388/388/388 389/389/389
f 389/389/389 381/381/381 379/379/379
f 381/381/381 389/389/389 390/390/390
f 390/390/390 383/383/383 381/381/381
f 383/383/383 390/390/390 391/391/391
f 391/391/391 385/385/385 383/383/383
f 387/387/387 392/392/392 393/393/393
f 393/393/393 388/388/388 387/387/387
f 388/388/388 393/393/393 394/394/394
f 394/394/394 389/389/389 388/388/388
f 389/389/389 394/394/394 395/395/395
f 395/395/395 390/390/390 389/389/389
f 390/390/390 395/395/395 396/396/396
f 396/396/396 391/391/391 390/390/390
f 392/392/392 397/397/397 398/398/398
f 398/398/398 393/393/393 392/392/392
f 393/393/393 398/398/398 399/399/399
f 399/399/399 394/394/394 393/393/393
f 394/394/394 399/399/399 400/400/400
f 400/400/400 395/395/395 394/394/394
f 395/395/395 400/400/400 401/401/401
f 401/401/401 396/396/396 395/395/395
f 397/397/397 402/402/402 403/403/403
f 403/403/403 398/398/398 397/397/397
f 398/398/398 403/403/403 404/404/404
f 404/404/404 399/399/399 398/398/398
f 399/399/399 404/404/404 405/405/405
f 405/405/405 400/400/400 399/399/399
f 400/400/400 405/405/405 406/406/406
f 406/406/406 401/401/401 400/400/400
f 402/402/402 407/407/407 408/408/408
f 408/408/408 403/403/403 402/402/402
f 403/403/403 408/408/408 409/409/409
f 409/409/409 404/404/404 403/403/403
f 404/404/404 409/409/409 410/410/410
f 410/410/410 405/405/405 404/404/404
f 405/405/405 410/410/410 411/411/411
f 411/411/411 406/406/406 405/405/405
f 407/407/407 412/412/412 413/413/413
f 413/413/413 408/408/408 407/407/407
f 408/408/408 413/413/413 414/414/414
f 414/414/414 409/409/409 408/408/408
f 409/409/409 414/414/414 415/415/415
f 415/415/415 410/410/410 409/409/409
f 410/410/410 415/415/415 416/416/416
f 416/416/416 411/411/411 410/410/410
f 412/412/412 417/417/417 418/418/418
f 418/418/418 413/413/413 412/412/412
f 413/413/413 418/418/418 419/419/419
f 419/419/419 414/414/414 413/413/413
f 414/414/414 419/419/419 420/420/420
f 420/420/420 415/415/415 414/414/414
f 415/415/415 420/420/420 421/421/421
f 421/421/421 416/416/416 415/415/415
f 417/417/417 422/422/422 423/423/423
f 423/423/423 418/418/418 417/417/417
f 418/418/418 423/423/423 424/424/424
f 424/424/424 419/419/419 418/418/418
f 419/419/419 424/424/424 425/425/425
f 425/425/425 420/420/420 419/419/419
f 420/420/420 425/425/425 426/426/426
f 426/426/426 421/421/421 420/420/420
f 422/422/422 427/427/427 428/428/428
f 428/428/428 423/423/423 422/422/422
f 423/423/423 428/428/428 429/429/429
f 429/429/429 424/424/424 423/423/423
f 424/424/424 429/429/429 430/430/430
f 430/430/430 425/425/425 424/424/424
f 425/425/425 430/430/430 431/431/431
f 431/431/431 426/426/426 425/425/425
f 427/427/427 432/432/432 433/433/433
f 433/433/433 428/428/428 427/427/427
f 428/428/428 433/433/433 434/434/434
f 434/434/434 429/429/429 428/428/428
f 429/429/429 434/434/434 435/435/435
f 435/435/435 430/430/430 429/429/429
f 430/430/430 435/435/435 436/436/436
f 436/436/436 431/431/431 430/430/430
f 432/432/432 437/437/437 438/438/438
f 438/438/438 433/433/433 432/432/432
f 433/433/433 438/438/438 439/439/439
f 439/439/439 434/434/434 433/433/433
f 434/434/434 439/439/439 440/440/440
f 440/440/440 435/435/435 434/434/434
f 435/435/435 440/440/440 441/441/441
f 441/441/441 436/436/436 435/435/435
f 437/437/437 442/442/442 443/443/443
f 443/443/443 438/438/438 437/437/437
f 438/438/438 443/443/443 444/444/444
f 444/444/444 439/439/439 438/438/438
f 439/439/439 444/444/444 445/445/445
f 445/445/445 440/440/440 439/439/439
f 440/440/440 445/445/445 446/446/446
f 446/446/446 441/441/441 440/440/440
f 442/442/442 447/447/447 448/448/448
f 448/448/448 443/443/443 442/442/442
f 443/443/443 448/448/448 449/449/449
f 449/449/449 444/444/444 443/443/443
f 444/444/444 449/449/449 450/450/450
f 450/450/450 445/445/445 444/444/444
f 445/445/445 450/450/450 451/451/451
f 451/451/451 446/446/446 445/445/445
f 447/447/447 452/452/452 453/453/453
f 453/453/453 448/448/448 447/447/447
f 448/448/448 453/453/453 454/454/454
f 454/454/454 449/449/449 448/448/448
f 449/449/449 454/454/454 455/455/455
f 455/455/455 450/450/450 449/449/449
f 450/450/450 455/455/455 456/456/456
f 456/456/456 451/451/451 450/450/450
f 452/452/452 457/457/457 458/458/458
f 458/458/458 453/453/453 452/452/452
f 453/453/453 458/458/458 459/459/459
f 459/459/459 454/454/454 453/453/453
f 454/454/454 459/459/459 460/460/460
f 460/460/460 455/455/455 454/454/454
f 455/455/455 460/460/460 461/461/461
f 461/461/461 456/456/456 455/455/455
f 457/457/457 462/462/462 463/463/463
f 463/463/463 458/458/458 457/457/457
f 458/458/458 463/463/463 464/464/464
f 464/464/464 459/459/459 458/458/458
f 459/459/459 464/464/464 465/465/465
f 465/465/465 460/460/460 459/459/459
f 460/460/460 465/465/465 466/466/466
f 466/466/466 461/461/461 460/460/460
f 462/462/462 467/467/467 468/468/468
f 468/468/468 463/463/463 462/462/462
f 463/463/463 468/468/468 469/469/469
f 469/469/469 464/464/464 463/463/463
f 464/464/464 469/469/469 470/470/470
f 470/470/470 465/465/465 464/464/464
f 465/465/465 470/470/470 471/471/471
f 471/471/471 466/466/466 465/465/465
f 467/467/467 472/472/472 473/473/473
f 473/473/473 468/468/468 467/467/467
f 468/468/468 473/473/473 474/474/474
f 474/474/474 469/469/469 468/468/468
f 469/469/469 474/474/474 475/475/475
f 475/475/475 470/470/470 469/469/469
f 470/470/470 475/475/475 476/476/476
f 476/476/476 471/471/471 470/470/470
f 472/472/472 477/477/477 478/478/478
f 478/478/478 473/473/473 472/472/472
f 473/473/473 478/478/478 479/479/479
f 479/479/479 474/474/474 473/473/473
f 474/474/474 479/479/479 480/480/480
f 480/480/480 475/475/475 474/474/474
f 475/475/475 480/480/480 481/481/481
f 481/481/481 476/476/476 475/475/475
f 477/477/477 482/482/482 483/483/483
f 483/483/483 478/478/478 477/477/477
f 478/478/478 483/483/483 484/484/484
f 484/484/484 479/479/479 478/478/478
f 479/479/479 484/484/484 485/485/485
f 485/485/485 480/480/480 479/479/479
f 480/480/480 485/485/485 486/486/486
f 486/486/486 481/481/481 480/480/480
f 482/482/482 487/487/487 488/488/488
f 488/488/488 483/483/483 482/482/482
f 483/483/483 488/488/488 489/489/489
f 489/489/489 484/484/484 483/483/483
f 484/484/484 489/489/489 490/490/490
f 490/490/490 485/485/485 484/484/484
f 485/485/485 490/490/490 491/491/491
f 491/491/491 486/486/486 485/485/485
f 487/487/487 492/492/492 493/493/493
f 493/493/493 488/488/488 487/487/487
f 488/488/488 493/493/493 494/494/494
f 494/494/494 489/489/489 488/488/488
f 489/489/489 494/494/494 495/495/495
f 495/495/495 490/490/490 489/489/489
f 490/490/490 495/495/495 496/496/496
f 496/496/496 491/491/491 490/490/490
f 492/492/492 497/497/497 498/498/498
f 498/498/498 493/493/493 492/492/492
f 493/493/493 498/498/498 499/499/499
f 499/499/499 494/494/494 493/493/493
f 494/494/494 499/499/499 500/500/500
f 500/500/500 495/495/495 494/494/494
f 495/495/495 500/500/500 501/501/501
f 501/501/501 496/496/496 495/495/495
f 497/497/497 502/502/502 503/503/503
f 503/503/503 498/498/498 497/497/497
f 498/498/498 503/503/503 504/504/504
f 504/504/504 499/499/499 498/498/498
f 499/499/499 504/504/504 505/505/505
f 505/505/505 500/500/500 499/499/499
f 500/500/500 505/505/505 506/506/506
f 506/506/506 501/501/501 500/500/500
f 502/502/502 377/377/377 380/380/380
f 380/380/380 503/503/503 502/502/502
f 503/503/503 380/380/380 382/382/382
f 382/382/382 504/504/504 503/503/503
f 504/504/504 382/382/382 384/384/384
f 384/384/384 505/505/505 504/504/504
f 505/505/505 384/384/384 386/386/386
f 386/386/386 506/506/506 505/505/505
f 507/507/507 508/508/508 509/509/509
f 509/509/509 510/510/510 507/507/507
f 510/510/510 509/509/509 511/511/511
f 511/511/511 512/512/512 510/510/510
f 512/512/512 511/511/511 513/513/513
f 513/513/513 514/514/514 512/512/512
f 514/514/514 513/513/513 515/515/515
f 515/515/515 516/516/516 514/514/514
f 516/516/516 515/515/515 508/508/508
f 508/508/508 507/507/507 516/516/516
f 508/508/508 517/517/517 518/518/518
f 518/518/518 509/509/509 508/508/508
f 509/509/509 518/518/518 519/519/519
f 519/519/519 511/511/511 509/509/509
f 511/511/511 519/519/519 520/520/520
f 520/520/520 513/513/513 511/511/511
f 513/513/513 520/520/520 521/521/521
f 521/521/521 515/515/515 513/513/513
f 515/515/515 521/521/521 517/517/517
f 517/517/517 508/508/508 515/515/515
f 517/517/517 522/522/522 523/523/523
f 523/523/523 518/518/518 517/517/517
f 518/518/518 523/523/523 524/524/524
f 524/524/524 519/519/519 518/518/518
f 519/519/519 524/524/524 525/525/525
f 525/525/525 520/520/520 519/519/519
f 520/520/520 525/525/525 526/526/526
f 526/526/526 521/521/521 520/520/520
f 521/521/521 526/526/526 522/522/522
f 522/522/522 517/517/517 521/521/521
f 522/522/522 527/527/527 528/528/528
f 528/528/528 523/523/523 522/522/522
f 523/523/523 528/528/528 529/529/529
f 529/529/529 524/524/524 523/523/523
f 524/524/524 529/529/529 530/530/530
f 530/530/530 525/525/525 524/524/524
f 525/525/525 530/530/530 531/531/531
f 531/531/531 526/526/526 525/525/525
f 526/526/526 531/531/531 527/527/527
f 527/527/527 522/522/522 526/526/526
f 527/527/527 532/532/532 533/533/533
f 533/533/533 528/528/528 527/527/527
f 528/528/528 533/533/533 534/534/534
f 534/534/534 529/529/529 528/528/528
f 529/529/529 534/534/534 535/535/535
f 535/535/535 530/530/530 529/529/529
f 530/530/530 535/535/535 536/536/536
f 536/536/536 531/531/531 530/530/530
f 531/531/531 536/536/536 532/532/532
f 532/532/532 527/527/527 531/531/531
f 532/532/532 537/537/537 538/538/538
f 538/538/538 533/533/533 532/532/532
f 533/533/533 538/538/538 539/539/539
f 539/539/539 534/534/534 533/533/533
f 534/534/534 539/539/539 540/540/540
f 540/540/540 535/535/535 534/534/534
f 535/535/535 540/540/540 541/541/541
f 541/541/541 536/536/536 535/535/535
f 536/536/536 541/541/541 537/537/537
f 537/537/537 532/532/532 536/536/536
f 537/537/537 542/542/542 543/543/543
f 543/543/543 538/538/538 537/537/537
f 538/538/538 543/543/543 544/544/544
f 544/544/544 539/539/539 538/538/538
f 539/539/539 544/544/544 545/545/545
f 545/545/545 540/540/540 539/539/539
f 540/540/540 545/545/545 546/546/546
f 546/546/546 541/541/541 540/540/540
f 541/541/541 546/546/546 542/542/542
f 542/542/542 537/537/537 541/541/541
f 542/542/542 547/547/547 548/548/548
f 548/548/548 543/543/543 542/542/542
f 543/543/543 548/548/548 549/549/549
f 549/549/549 544/544/544 543/543/543
f 544/544/544 549/549/549 550/550/550
f 550/550/550 545/545/545 544/544/544
f 545/545/545 550/550/550 551/551/551
f 551/551/551 546/546/546 545/545/545
f 546/546/546 551/551/551 547/547/547
f 547/547/547 542/542/542 546/546/546
f 547/547/547 552/552/552 553/553/553
f 553/553/553 548/548/548 547/547/547
f 548/548/548 553/553/553 554/554/554
f 554/554/554 549/549/549 548/548/548
f 549/549/549 554/554/554 555/555/555
f 555/555/555 550/550/550 549/549/549
f 550/550/550 555/555/555 556/556/556
f 556/556/556 551/551/551 550/550/550
f 551/551/551 556/556/556 552/552/552
f 552/552/552 547/547/547 551/551/551
f 552/552/552 557/557/557 558/558/558
f 558/558/558 553/553/553 552/552/552
f 553/553/553 558/558/558 559/559/559
f 559/559/559 554/554/554 553/553/553
f 554/554/554 559/559/559 560/560/560
f 560/560/560 555/555/555 554/554/554
f 555/555/555 560/560/560 561/561/561
f 561/561/561 556/556/556 555/555/555
f 556/556/556 561/561/561 557/557/557
f 557/557/557 552/552/552 556/556/556
f 557/557/557 562/562/562 563/563/563
f 563/563/563 558/558/558 557/557/557
f 558/558/558 563/563/563 564/564/564
f 564/564/564 559/559/559 558/558/558
f 559/559/559 564/564/564 565/565/565
f 565/565/565 560/560/560 559/559/559
f 560/560/560 565/565/565 566/566/566
f 566/566/566 561/561/561 560/560/560
f 561/561/561 566/566/566 562/562/562
f 562/562/562 557/557/557 561/561/561
f 562/562/562 567/567/567 568/568/568
f 568/568/568 563/563/563 562/562/562
f 563/563/563 568/568/568 569/569/569
f 569/569/569 564/564/564 563/563/563
f 564/564/564 569/569/569 570/570/570
f 570/570/570 565/565/565 564/564/564
f 565/565/565 570/570/570 571/571/571
f 571/571/571 566/566/566 565/565/565
f 566/566/566 571/571/571 567/567/567
f 567/567/567 562/562/562 566/566/566
f 567/567/567 572/572/572 573/573/573
f 573/573/573 568/568/568 567/567/567
f 568/568/568 573/573/573 574/574/574
f 574/574/574 569/569/569 568/568/568
f 569/569/569 574/574/574 575/575/575
f 575/575/575 570/570/570 569/569/569
f 570/570/570 575/575/575 576/576/576
f 576/576/576 571/571/571 570/570/570
f 571/571/571 576/576/576 572/572/572
f 572/572/572 567/567/567 571/571/571
f 572/572/572 577/577/577 578/578/578
f 578/578/578 573/573/573 572/572/572
f 573/573/573 578/578/578 579/579/579
f 579/579/579 574/574/574 573/573/573
f 574/574/574 579/579/579 580/580/580
f 580/580/580 575/575/575 574/574/574
f 575/575/575 580/580/580 581/581/581
f 581/581/581 576/576/576 575/575/575
f 576/576/576 581/581/581 577/577/577
f 577/577/577 572/572/572 576/576/576
f 577/577/577 582/582/582 583/583/583
f 583/583/583 578/578/578 577/577/577
f 578/578/578 583/583/583 584/584/584
f 584/584/584 579/579/579 578/578/578
f 579/579/579 584/584/584 585/585/585
f 585/585/585 580/580/580 579/579/579
f 580/580/580 585/585/585 586/586/586
f 586/586/586 581/581/581 580/580/580
f 581/581/581 586/586/586 582/582/582
f 582/582/582 577/577/577 581/581/581
f 582/582/582 587/587/587 588/588/588
f 588/588/588 583/583/583 582/582/582
f 583/583/583 588/588/588 589/589/589
f 589/589/589 584/584/584 583/583/583
f 584/584/584 589/589/589 590/590/590
f 590/590/590 585/585/585 584/584/584
f 585/585/585 590/590/590 591/591/591
f 591/591/591 586/586/586 585/585/585
f 586/586/586 591/591/591 587/587/587
f 587/587/587 582/582/582 586/586/586
f 587/587/587 592/592/592 593/593/593
f 593/593/593 588/588/588 587/587/587
f 588/588/588 593/593/593 594/594/594
f 594/594/594 589/589/589 588/588/588
f 589/589/589 594/594/594 595/595/595
f 595/595/595 590/590/590 589/589/589
f 590/590/590 595/595/595 596/596/596
f 596/596/596 591/591/591 590/590/590
f 591/591/591 596/596/596 592/592/592
f 592/592/592 587/587/587 591/591/591
f 592/592/592 597/597/597 598/598/598
f 598/598/598 593/593/593 592/592/592
f 593/593/593 598/598/598 599/599/599
f 599/599/599 594/594/594 593/593/593
f 594/594/594 599/599/599 600/600/600
f 600/600/600 595/595/595 594/594/594
f 595/595/595 600/600/600 601/601/601
f 601/601/601 596/596/596 595/595/595
f 596/596/596 601/601/601 597/597/597
f 597/597/597 592/592/592 596/596/596
f 597/597/597 602/602/602 603/603/603
f 603/603/603 598/598/598 597/597/597
f 598/598/598 603/603/603 604/604/604
f 604/604/604 599/599/599 598/598/598
f 599/599/599 604/604/604 605/605/605
f 605/605/605 600/600/600 599/599/599
f 600/600/600 605/605/605 606/606/606
f 606/606/606 601/601/601 600/600/600
f 601/601/601 606/606/606 602/602/602
f 602/602/602 597/597/597 601/601/601
f 602/602/602 607/607/607 608/608/608
f 608/608/608 603/603/603 602/602/602
f 603/603/603 608/608/608 609/609/609
f 609/609/609 604/604/604 603/603/603
f 604/604/604 609/609/609 610/610/610
f 610/610/610 605/605/605 604/604/604
f 605/605/605 610/610/610 611/611/611
f 611/611/611 606/606/606 605/605/605
f 606/606/606 611/611/611 607/607/607
f 607/607/607 602/602/602 606/606/606
f 607/607/607 612/612/612 613/613/613
f 613/613/613 608/608/608 607/607/607
f 608/608/608 613/613/613 614/614/614
f 614/614/614 609/609/609 608/608/608
f 609/609/609 614/614/614 615/615/615
f 615/615/615 610/610/610 609/609/609
f 610/610/610 615/615/615 616/616/616
f 616/616/616 611/611/611 610/610/610
f 611/611/611 616/616/616 612/612/612
f 612/612/612 607/607/607 611/611/611
f 612/612/612 617/617/617 618/618/618
f 618/618/618 613/613/613 612/612/612
f 613/613/613 618/618/618 619/619/619
f 619/619/619 614/614/614 613/613/613
f 614/614/614 619/619/619 620/620/620
f 620/620/620 615/615/615 614/614/614
f 615/615/615 620/620/620 621/621/621
f 621/621/621 616/616/616 615/615/615
f 616/616/616 621/621/621 617/617/617
f 617/617/617 612/612/612 616/616/616
f 617/617/617 622/622/622 623/623/623
f 623/623/623 618/618/618 617/617/617
f 618/618/618 623/623/623 624/624/624
f 624/624/624 619/619/619 618/618/618
f 619/619/619 624/624/624 625/625/625
f 625/625/625 620/620/620 619/619/619
f 620/620/620 625/625/625 626/626/626
f 626/626/626 621/621/621 620/620/620
f 621/621/621 626/626/626 622/622/622
f 622/622/622 617/617/617 621/621/621
f 622/622/622 627/627/627 628/628/628
f 628/628/628 623/623/623 622/622/622
f 623/623/623 628/628/628 629/629/629
f 629/629/629 624/624/624 623/623/623
f 624/624/624 629/629/629 630/630/630
f 630/630/630 625/625/625 624/624/624
f 625/625/625 630/630/630 631/631/631
f 631/631/631 626/626/626 625/625/625
f 626/626/626 631/631/631 627/627/627
f 627/627/627 622/622/622 626/626/626
f 627/627/627 632/632/632 633/633/633
f 633/633/633 628/628/628 627/627/627
f 628/628/628 633/633/633 634/634/634
f 634/634/634 629/629/629 628/628/628
f 629/629/629 634/634/634 635/635/635
f 635/635/635 630/630/630 629/629/629
f 630/630/630 635/635/635 636/636/636
f 636/636/636 631/631/631 630/630/630
f 631/631/631 636/636/636 632/632/632
f 632/632/632 627/627/627 631/631/631
f 632/632/632 637/637/637 638/638/638
f 638/638/638 633/633/633 632/632/632
f 633/633/633 638/638/638 639/639/639
f 639/639/639 634/634/634 633/633/633
f 634/634/634 639/639/639 640/640/640
f 640/640/640 635/635/635 634/634/634
f 635/635/635 640/640/640 641/641/641
f 641/641/641 636/636/636 635/635/635
f 636/636/636 641/641/641 637/637/637
f 637/637/637 632/632/632 636/636/636
f 637/637/637 642/642/642 643/643/643
f 643/643/643 638/638/638 637/637/637
f 638/638/638 643/643/643 644/644/644
f 644/644/644 639/639/639 638/638/638
f 639/639/639 644/644/644 645/645/645
f 645/645/645 640/640/640 639/639/639
f 640/640/640 645/645/645 646/646/646
f 646/646/646 641/641/641 640/640/640
f 641/641/641 646/646/646 642/642/642
f 642/642/642 637/637/637 641/641/641
f 642/642/642 647/647/647 648/648/648
f 648/648/648 643/643/643 642/642/642
f 643/643/643 648/648/648 649/649/649
f 649/649/649 644/644/644 643/643/643
f 644/644/644 649/649/649 650/650/650
f 650/650/650 645/645/645 644/644/644
f 645/645/645 650/650/650 651/651/651
f 651/651/651 646/646/646 645/645/645
f 646/646/646 651/651/651 647/647/647
f 647/647/647 642/642/642 646/646/646
f 647/647/647 652/652/652 653/653/653
f 653/653/653 648/648/648 647/647/647
f 648/648/648 653/653/653 654/654/654
f 654/654/654 649/649/649 648/648/648
f 649/649/649 654/654/654 655/655/655
f 655/655/655 650/650/650 649/649/649
f 650/650/650 655/655/655 656/656/656
f 656/656/656 651/651/651 650/650/650
f 651/651/651 656/656/656 652/652/652
f 652/652/652 647/647/647 651/651/651
f 652/652/652 657/657/657 658/658/658
f 658/658/658 653/653/653 652/652/652
f 653/653/653 658/658/658 659/659/659
f 659/659/659 654/654/654 653/653/653
f 654/654/654 659/659/659 660/660/660
f 660/660/660 655/655/655 654/654/654
f 655/655/655 660/660/660 661/661/661
f 661/661/661 656/656/656 655/655/655
f 656/656/656 661/661/661 657/657/657
f 657/657/657 652/652/652 656/656/656
f 657/657/657 662/662/662 663/663/663
f 663/663/663 658/658/658 657/657/657
f 658/658/658 663/663/663 664/664/664
f 664/664/664 659/659/659 658/658/658
f 659/659/659 664/664/664 665/665/665
f 665/665/665 660/660/660 659/659/659
f 660/660/660 665/665/665 666/666/666
f 666/666/666 661/661/661 660/660/660
f 661/661/661 666/666/666 662/662/662
f 662/662/662 657/657/657 661/661/661
f 662/662/662 667/667/667 668/668/668
f 668/668/668 663/663/663 662/662/662
f 663/663/663 668/668/668 669/669/669
f 669/669/669 664/664/664 663/663/663
f 664/664/664 669/669/669 670/670/670
f 670/670/670 665/665/665 664/664/664
f 665/665/665 670/670/670 671/671/671
f 671/671/671 666/666/666 665/665/665
f 666/666/666 671/671/671 667/667/667
f 667/667/667 662/662/662 666/666/666
f 667/667/667 672/672/672 673/673/673
f 673/673/673 668/668/668 667/667/667
f 668/668/668 673/673/673 674/674/674
f 674/674/674 669/669/669 668/668/668
f 669/669/669 674/674/674 675/675/675
f 675/675/675 670/670/670 669/669/669
f 670/670/670 675/675/675 676/676/676
f 676/676/676 671/671/671 670/670/670
f 671/671/671 676/676/676 672/672/672
f 672/672/672 667/667/667 671/671/671
f 672/672/672 677/677/677 678/678/678
f 678/678/678 673/673/673 672/672/672
f 673/673/673 678/678/678 679/679/679
f 679/679/679 674/674/674 673/673/673
f 674/674/674 679/679/679 680/680/680
f 680/680/680 675/675/675 674/674/674
f 675/675/675 680/680/680 681/681/681
f 681/681/681 676/676/676 675/675/675
f 676/676/676 681/681/681 677/677/677
f 677/677/677 672/672/672 676/676/676
f 677/677/677 682/682/682 683/683/683
f 683/683/683 678/678/678 677/677/677
f 678/678/678 683/683/683 684/684/684
f 684/684/684 679/679/679 678/678/678
f 679/679/679 684/684/684 685/685/685
f 685/685/685 680/680/680 679/679/679
f 680/680/680 685/685/685 686/686/686
f 686/686/686 681/681/681 680/680/680
f 681/681/681 686/686/686 682/682/682
f 682/682/682 677/677/677 681/681/681
f 682/682/682 687/687/687 688/688/688
f 688/688/688 683/683/683 682/682/682
f 683/683/683 688/688/688 689/689/689
f 689/689/689 684/684/684 683/683/683
f 684/684/684 689/689/689 690/690/690
f 690/690/690 685/685/685 684/684/684
f 685/685/685 690/690/690 691/691/691
f 691/691/691 686/686/686 685/685/685
f 686/686/686 691/691/691 687/687/687
f 687/687/687 682/682/682 686/686/686
f 687/687/687 692/692/692 693/693/693
f 693/693/693 688/688/688 687/687/687
f 688/688/688 693/693/693 694/694/694
f 694/694/694 689/689/689 688/688/688
f 689/689/689 694/694/694 695/695/695
f 695/695/695 690/690/690 689/689/689
f 690/690/690 695/695/695 696/696/696
f 696/696/696 691/691/691 690/690/690
f 691/691/691 696/696/696 692/692/692
f 692/692/692 687/687/687 691/691/691
f 692/692/692 697/697/697 698/698/698
f 698/698/698 693/693/693 692/692/692
f 693/693/693 698/698/698 699/699/699
f 699/699/699 694/694/694 693/693/693
f 694/694/694 699/699/699 700/700/700
f 700/700/700 695/695/695 694/694/694
f 695/695/695 700/700/700 701/701/701
f 701/701/701 696/696/696 695/695/695
f 696/696/696 701/701/701 697/697/697
f 697/697/697 692/692/692 696/696/696
f 697/697/697 702/702/702 703/703/703
f 703/703/703 698/698/698 697/697/697
f 698/698/698 703/703/703 704/704/704
f 704/704/704 699/699/699 698/698/698
f 699/699/699 704/704/704 705/705/705
f 705/705/705 700/700/700 699/699/699
f 700/700/700 705/705/705 706/706/706
f 706/706/706 701/701/701 700/700/700
f 701/701/701 706/706/706 702/702/702
f 702/702/702 697/697/697 701/701/701
f 702/702/702 707/707/707 708/708/708
f 708/708/708 703/703/703 702/702/702
f 703/703/703 708/708/708 709/709/709
f 709/709/709 704/704/704 703/703/703
f 704/704/704 709/709/709 710/710/710
f 710/710/710 705/705/705 704/704/704
f 705/705/705 710/710/710 711/711/711
f 711/711/711 706/706/706 705/705/705
f 706/706/706 711/711/711 707/707/707
f 707/707/707 702/702/702 706/706/706
f 707/707/707 712/712/712 713/713/713
f 713/713/713 708/708/708 707/707/707
f 708/708/708 713/713/713 714/714/714
f 714/714/714 709/709/709 708/708/708
f 709/709/709 714/714/714 715/715/715
f 715/715/715 710/710/710 709/709/709
f 710/710/710 715/715/715 716/716/716
f 716/716/716 711/711/711 710/710/710
f 711/711/711 716/716/716 712/712/712
f 712/712/712 707/707/707 711/711/711
f 712/712/712 507/507/507 510/510/510
f 510/510/510 713/713/713 712/712/712
f 713/713/713 510/510/510 512/512/512
f 512/512/512 714/714/714 713/713/713
f 714/714/714 512/512/512 514/514/514
f 514/514/514 715/715/715 714/714/714
f 715/715/715 514/514/514 516/516/516
f 516/516/516 716/716/716 715/715/715
f 716/716/716 516/516/516 507/507/507
f 507/507/507 712/712/712 716/716/716
f 717/717/717 718/718/718 719/719/719
f 719/719/719 720/720/720 717/717/717
f 720/720/720 719/719/719 721/721/721
f 721/721/721 722/722/722 720/720/720
f 722/722/722 721/721/721 723/723/723
f 723/723/723 724/724/724 722/722/722
f 724/724/724 723/723/723 725/725/725
f 725/725/725 726/726/726 724/724/724
f 726/726/726 725/725/725 718/718/718
f 718/718/718 717/717/717 726/726/726
f 718/718/718 727/727/727 728/728/728
f 728/728/728 719/719/719 718/718/718
f 719/719/719 728/728/728 729/729/729
f 729/729/729 721/721/721 719/719/719
f 721/721/721 729/729/729 730/730/730
f 730/730/730 723/723/723 721/721/721
f 723/723/723 730/730/730 731/731/731
f 731/731/731 725/725/725 723/723/723
f 725/725/725 731/731/731 727/727/727
f 727/727/727 718/718/718 725/725/725
f 727/727/727 732/732/732 733/733/733
f 733/733/733 728/728/728 727/727/727
f 728/728/728 733/733/733 734/734/734
f 734/734/734 729/729/729 728/728/728
f 729/729/729 734/734/734 735/735/735
f 735/735/735 730/730/730 729/729/729
f 730/730/730 735/735/735 736/736/736
f 736/736/736 731/731/731 730/730/730
f 731/731/731 736/736/736 732/732/732
f 732/732/732 727/727/727 731/731/731
f 732/732/732 737/737/737 738/738/738
f 738/738/738 733/733/733 732/732/732
f 733/733/733 738/738/738 739/739/739
f 739/739/739 734/734/734 733/733/733
f 734/734/734 739/739/739 740/740/740
f 740/740/740 735/735/735 734/734/734
f 735/735/735 740/740/740 741/741/741
f 741/741/741 736/736/736 735/735/735
f 736/736/736 741/741/741 737/737/737
f 737/737/737 732/732/732 736/736/736
f 737/737/737 742/742/742 743/743/743
f 743/743/743 738/738/738 737/737/737
f 738/738/738 743/743/743 744/744/744
f 744/744/744 739/739/739 738/738/738
f 739/739/739 744/744/744 745/745/745
f 745/745/745 740/740/740 739/739/739
f 740/740/740 745/745/745 746/746/746
f 746/746/746 741/741/741 740/740/740
f 741/741/741 746/746/746 742/742/742
f 742/742/742 737/737/737 741/741/741
f 742/742/742 747/747/747 748/748/748
f 748/748/748 743/743/743 742/742/742
f 743/743/743 748/748/748 749/749/749
f 749/749/749 744/744/744 743/743/743
f 744/744/744 749/749/749 750/750/750
f 750/750/750 745/745/745 744/744/744
f 745/745/745 750/750/750 751/751/751
f 751/751/751 746/746/746 745/745/745
f 746/746/746 751/751/751 747/747/747
f 747/747/747 742/742/742 746/746/746
f 747/747/747 752/752/752 753/753/753
f 753/753/753 748/748/748 747/747/747
f 748/748/748 753/753/753 754/754/754
f 754/754/754 749/749/749 748/748/748
f 749/749/749 754/754/754 755/755/755
f 755/755/755 750/750/750 749/749/749
f 750/750/750 755/755/755 756/756/756
f 756/756/756 751/751/751 750/750/750
f 751/751/751 756/756/756 752/752/752
f 752/752/752 747/747/747 751/751/751
f 752/752/752 757/757/757 758/758/758
f 758/758/758 753/753/753 752/752/752
f 753/753/753 758/758/758 759/759/759
f 759/759/759 754/754/754 753/753/753
f 754/754/754 759/759/759 760/760/760
f 760/760/760 755/755/755 754/754/754
f 755/755/755 760/760/760 761/761/761
f 761/761/761 756/756/756 755/755/755
f 756/756/756 761/761/761 757/757/757
f 757/757/757 752/752/752 756/756/756
f 757/757/757 762/762/762 763/763/763
f 763/763/763 758/758/758 757/757/757
f 758/758/758 763/763/763 764/764/764
f 764/764/764 759/759/759 758/758/758
f 759/759/759 764/764/764 765/765/765
f 765/765/765 760/760/760 759/759/759
f 760/760/760 765/765/765 766/766/766
f 766/766/766 761/761/761 760/760/760
f 761/761/761 766/766/766 762/762/762
f 762/762/762 757/757/757 761/761/761
f 762/762/762 767/767/767 768/768/768
f 768/768/768 763/763/763 762/762/762
f 763/763/763 768/768/768 769/769/769
f 769/769/769 764/764/764 763/763/763
f 764/764/764 769/769/769 770/770/770
f 770/770/770 765/765/765 764/764/764
f 765/765/765 770/770/770 771/771/771
f 771/771/771 766/766/766 765/765/765
f 766/766/766 771/771/771 767/767/767
f 767/767/767 762/762/762 766/766/766
f 767/767/767 772/772/772 773/773/773
f 773/773/773 768/768/768 767/767/767
f 768/768/768 773/773/773 774/774/774
f 774/774/774 769/769/769 768/768/768
f 769/769/769 774/774/774 775/775/775
f 775/775/775 770/770/770 769/769/769
f 770/770/770 775/775/775 776/776/776
f 776/776/776 771/771/771 770/770/770
f 771/771/771 776/776/776 772/772/772
f 772/772/772 767/767/767 771/771/771
f 772/772/772 777/777/777 778/778/778
f 778/778/778 773/773/773 772/772/772
f 773/773/773 778/778/778 779/779/779
f 779/779/779 774/774/774 773/773/773
f 774/774/774 779/779/779 780/780/780
f 780/780/780 775/775/775 774/774/774
f 775/775/775 780/780/780 781/781/781
f 781/781/781 776/776/776 775/775/775
f 776/776/776 781/781/781 777/777/777
f 777/777/777 772/772/772 776/776/776
f 777/777/777 782/782/782 783/783/783
f 783/783/783 778/778/778 777/777/777
f 778/778/778 783/783/783 784/784/784
f 784/784/784 779/779/779 778/778/778
f 779/779/779 784/784/784 785/785/785
f 785/785/785 780/780/780 779/779/779
f 780/780/780 785/785/785 786/786/786
f 786/786/786 781/781/781 780/780/780
f 781/781/781 786/786/786 782/782/782
f 782/782/782 777/777/777 781/781/781
f 782/782/782 787/787/787 788/788/788
f 788/788/788 783/783/783 782/782/782
f 783/783/783 788/788/788 789/789/789
f 789/789/789 784/784/784 783/783/783
f 784/784/784 789/789/789 790/790/790
f 790/790/790 785/785/785 784/784/784
f 785/785/785 790/790/790 791/791/791
f 791/791/791 786/786/786 785/785/785
f 786/786/786 791/791/791 787/787/787
f 787/787/787 782/782/782 786/786/786
f 787/787/787 792/792/792 793/793/793
f 793/793/793 788/788/788 787/787/787
f 788/788/788 793/793/793 794/794/794
f 794/794/794 789/789/789 788/788/788
f 789/789/789 794/794/794 795/795/795
f 795/795/795 790/790/790 789/789/789
f 790/790/790 795/795/795 796/796/796
f 796/796/796 791/791/791 790/790/790
f 791/791/791 796/796/796 792/792/792
f 792/792/792 787/787/787 791/791/791
f 792/792/792 717/717/717 720/720/720
f 720/720/720 793/793/793 792/792/792
f 793/793/793 720/720/720 722/722/722
f 722/722/722 794/794/794 793/793/793
f 794/794/794 722/722/722 724/724/724
f 724/724/724 795/795/795 794/794/794
f 795/795/795 724/724/724 726/726/726
f 726/726/726 796/796/796 795/795/795
f 796/796/796 726/726/726 717/717/717
f 717/717/717 792/792/792 796/796/796
f 797/797/797 798/798/798 799/799/799
f 799/799/799 800/800/800 797/797/797
f 800/800/800 799/799/799 801/801/801
f 801/801/801 802/802/802 800/800/800
f 802/802/802 801/801/801 803/803/803
f 803/803/803 804/804/804 802/802/802
f 804/804/804 803/803/803 805/805/805
f 805/805/805 806/806/806 804/804/804
f 806/806/806 805/805/805 798/798/798
f 798/798/798 797/797/797 806/806/806
f 798/798/798 807/807/807 808/808/808
f 808/808/808 799/799/799 798/798/798
f 799/799/799 808/808/808 809/809/809
f 809/809/809 801/801/801 799/799/799
f 801/801/801 809/809/809 810/810/810
f 810/810/810 803/803/803 801/801/801
f 803/803/803 810/810/810 811/811/811
f 811/811/811 805/805/805 803/803/803
f 805/805/805 811/811/811 807/807/807
f 807/807/807 798/798/798 805/805/805
f 807/807/807 812/812/812 813/813/813
f 813/813/813 808/808/808 807/807/807
f 808/808/808 813/813/813 814/814/814
f 814/814/814 809/809/809 808/808/808
f 809/809/809 814/814/814 815/815/815
f 815/815/815 810/810/810 809/809/809
f 810/810/810 815/815/815 816/816/816
f 816/816/816 811/811/811 810/810/810
f 811/811/811 816/816/816 812/812/812
f 812/812/812 807/807/807 811/811/811
f 812/812/812 817/817/817 818/818/818
f 818/818/818 813/813/813 812/812/812
f 813/813/813 818/818/818 819/819/819
f 819/819/819 814/814/814 813/813/813
f 814/814/814 819/819/819 820/820/820
f 820/820/820 815/815/815 814/814/814
f 815/815/815 820/820/820 821/821/821
f 821/821/821 816/816/816 815/815/815
f 816/816/816 821/821/821 817/817/817
f 817/817/817 812/812/812 816/816/816
f 817/817/817 822/822/822 823/823/823
f 823/823/823 818/818/818 817/817/817
f 818/818/818 823/823/823 824/824/824
f 824/824/824 819/819/819 818/818/818
f 819/819/819 824/824/824 825/825/825
f 825/825/825 820/820/820 819/819/819
f 820/820/820 825/825/825 826/826/826
f 826/826/826 821/821/821 820/820/820
f 821/821/821 826/826/826 822/822/822
f 822/822/822 817/817/817 821/821/821
f 822/822/822 827/827/827 828/828/828
f 828/828/828 823/823/823 822/822/822
f 823/823/823 828/828/828 829/829/829
f 829/829/829 824/824/824 823/823/823
f 824/824/824 829/829/829 830/830/830
f 830/830/830 825/825/825 824/824/824
f 825/825/825 830/830/830 831/831/831
f 831/831/831 826/826/826 825/825/825
f 826/826/826 831/831/831 827/827/827
f 827/827/827 822/822/822 826/826/826
f 827/827/827 832/832/832 833/833/833
f 833/833/833 828/828/828 827/827/827
f 828/828/828 833/833/833 834/834/834
f 834/834/834 829/829/829 828/828/828
f 829/829/829 834/834/834 835/835/835
f 835/835/835 830/830/830 829/829/829
f 830/830/830 835/835/835 836/836/836
f 836/836/836 831/831/831 830/830/830
f 831/831/831 836/836/836 832/832/832
f 832/832/832 827/827/827 831/831/831
f 832/832/832 837/837/837 838/838/838
f 838/838/838 833/833/833 832/832/832
f 833/833/833 838/838/838 839/839/839
f 839/839/839 834/834/834 833/833/833
f 834/834/834 839/839/839 840/840/840
f 840/840/840 835/835/835 834/834/834
f 835/835/835 840/840/840 841/841/841
f 841/841/841 836/836/836 835/835/835
f 836/836/836 841/841/841 837/837/837
f 837/837/837 832/832/832 836/836/836
f 837/837/837 842/842/842 843/843/843
f 843/843/843 838/838/838 837/837/837
f 838/838/838 843/843/843 844/844/844
f 844/844/844 839/839/839 838/838/838
f 839/839/839 844/844/844 845/845/845
f 845/845/845 840/840/840 839/839/839
f 840/840/840 845/845/845 846/846/846
f 846/846/846 841/841/841 840/840/840
f 841/841/841 846/846/846 842/842/842
f 842/842/842 837/837/837 841/841/841
f 842/842/842 847/847/847 848/848/848
f 848/848/848 843/843/843 842/842/842
f 843/843/843 848/848/848 849/849/849
f 849/849/849 844/844/844 843/843/843
f 844/844/844 849/849/849 850/850/850
f 850/850/850 845/845/845 844/844/844
f 845/845/845 850/850/850 851/851/851
f 851/851/851 846/846/846 845/845/845
f 846/846/846 851/851/851 847/847/847
f 847/847/847 842/842/842 846/846/846
f 847/847/847 852/852/852 853/853/853
f 853/853/853 848/848/848 847/847/847
f 848/848/848 853/853/853 854/854/854
f 854/854/854 849/849/849 848/848/848
f 849/849/849 854/854/854 855/855/855
f 855/855/855 850/850/850 849/849/849
f 850/850/850 855/855/855 856/856/856
f 856/856/856 851/851/851 850/850/850
f 851/851/851 856/856/856 852/852/852
f 852/852/852 847/847/847 851/851/851
f 852/852/852 857/857/857 858/858/858
f 858/858/858 853/853/853 852/852/852
f 853/853/853 858/858/858 859/859/859
f 859/859/859 854/854/854 853/853/853
f 854/854/854 859/859/859 860/860/860
f 860/860/860 855/855/855 854/854/854
f 855/855/855 860/860/860 861/861/861
f 861/861/861 856/856/856 855/855/855
f 856/856/856 861/861/861 857/857/857
f 857/857/857 852/852/852 856/856/856
f 857/857/857 862/862/862 863/863/863
f 863/863/863 858/858/858 857/857/857
f 858/858/858 863/863/863 864/864/864
f 864/864/864 859/859/859 858/858/858
f 859/859/859 864/864/864 865/865/865
f 865/865/865 860/860/860 859/859/859
f 860/860/860 865/865/865 866/866/866
f 866/866/866 861/861/861 860/860/860
f 861/861/861 866/866/866 862/862/862
f 862/862/862 857/857/857 861/861/861
f 862/862/862 867/867/867 868/868/868
f 868/868/868 863/863/863 862/862/862
f 863/863/863 868/868/868 869/869/869
f 869/869/869 864/864/864 863/863/863
f 864/864/864 869/869/869 870/870/870
f 870/870/870 865/865/865 864/864/864
f 865/865/865 870/870/870 871/871/871
f 871/871/871 866/866/866 865/865/865
f 866/866/866 871/871/871 867/867/867
f 867/867/867 862/862/862 866/866/866
f 867/867/867 872/872/872 873/873/873
f 873/873/873 868/868/868 867/867/867
f 868/868/868 873/873/873 874/874/874
f 874/874/874 869/869/869 868/868/868
f 869/869/869 874/874/874 875/875/875
f 875/875/875 870/870/870 869/869/869
f 870/870/870 875/875/875 876/876/876
f 876/876/876 871/871/871 870/870/870
f 871/871/871 876/876/876 872/872/872
f 872/872/872 867/867/867 871/871/871
f 872/872/872 797/797/797 800/800/800
f 800/800/800 873/873/873 872/872/872
f 873/873/873 800/800/800 802/802/802
f 802/802/802 874/874/874 873/873/873
f 874/874/874 802/802/802 804/804/804
f 804/804/804 875/875/875 874/874/874
f 875/875/875 804/804/804 806/806/806
f 806/806/806 876/876/876 875/875/875
f 876/876/876 806/806/806 797/797/797
f 797/797/797 872/872/872 876/876/876
f 877/877/877 878/878/878 879/879/879
f 879/879/879 880/880/880 877/877/877
f 878/878/878 881/881/881 882/882/882
f 882/882/882 879/879/879 878/878/878
f 881/881/881 883/883/883 884/884/884
f 884/884/884 882/882/882 881/881/881
f 883/883/883 885/885/885 886/886/886
f 886/886/886 884/884/884 883/883/883
f 885/885/885 877/877/877 880/880/880
f 880/880/880 886/886/886 885/885/885
f 880/880/880 879/879/879 887/887/887
f 887/887/887 888/888/888 880/880/880
f 879/879/879 882/882/882 889/889/889
f 889/889/889 887/887/887 879/879/879
f 882/882/882 884/884/884 890/890/890
f 890/890/890 889/889/889 882/882/882
f 884/884/884 886/886/886 891/891/891
f 891/891/891 890/890/890 884/884/884
f 886/886/886 880/880/880 888/888/888
f 888/888/888 891/891/891 886/886/886
f 888/888/888 887/887/887 892/892/892
f 892/892/892 893/893/893 888/888/888
f 887/887/887 889/889/889 894/894/894
f 894/894/894 892/892/892 887/887/887
f 889/889/889 890/890/890 895/895/895
f 895/895/895 894/894/894 889/889/889
f 890/890/890 891/891/891 896/896/896
f 896/896/896 895/895/895 890/890/890
f 891/891/891 888/888/888 893/893/893
f 893/893/893 896/896/896 891/891/891
f 893/893/893 892/892/892 897/897/897
f 897/897/897 898/898/898 893/893/893
f 892/892/892 894/894/894 899/899/899
f 899/899/899 897/897/897 892/892/892
f 894/894/894 895/895/895 900/900/900
f 900/900/900 899/899/899 894/894/894
f 895/895/895 896/896/896 901/901/901
f 901/901/901 900/900/900 895/895/895
f 896/896/896 893/893/893 898/898/898
f 898/898/898 901/901/901 896/896/896
f 898/898/898 897/897/897 902/902/902
f 902/902/902 903/903/903 898/898/898
f 897/897/897 899/899/899 904/904/904
f 904/904/904 902/902/902 897/897/897
f 899/899/899 900/900/900 905/905/905
f 905/905/905 904/904/904 899/899/899
f 900/900/900 901/901/901 906/906/906
f 906/906/906 905/905/905 900/900/900
f 901/901/901 898/898/898 903/903/903
f 903/903/903 906/906/906 901/901/901
f 903/903/903 902/902/902 907/907/907
f 907/907/907 908/908/908 903/903/903
f 902/902/902 904/904/904 909/909/909
f 909/909/909 907/907/907 902/902/902
f 904/904/904 905/905/905 910/910/910
f 910/910/910 909/909/909 904/904/904
f 905/905/905 906/906/906 911/911/911
f 911/911/911 910/910/910 905/905/905
f 906/906/906 903/903/903 908/908/908
f 908/908/908 911/911/911 906/906/906
f 908/908/908 907/907/907 912/912/912
f 912/912/912 913/913/913 908/908/908
f 907/907/907 909/909/909 914/914/914
f 914/914/914 912/912/912 907/907/907
f 909/909/909 910/910/910 915/915/915
f 915/915/915 914/914/914 909/909/909
f 910/910/910 911/911/911 916/916/916
f 916/916/916 915/915/915 910/910/910
f 911/911/911 908/908/908 913/913/913
f 913/913/913 916/916/916 911/911/911
f 913/913/913 912/912/912 917/917/917
f 917/917/917 918/918/918 913/913/913
f 912/912/912 914/914/914 919/919/919
f 919/919/919 917/917/917 912/912/912
f 914/914/914 915/915/915 920/920/920
f 920/920/920 919/919/919 914/914/914
f 915/915/915 916/916/916 921/921/921
f 921/921/921 920/920/920 915/915/915
f 916/916/916 913/913/913 918/918/918
f 918/918/918 921/921/921 916/916/916
f 918/918/918 917/917/917 922/922/922
f 922/922/922 923/923/923 918/918/918
f 917/917/917 919/919/919 924/924/924
f 924/924/924 922/922/922 917/917/917
f 919/919/919 920/920/920 925/925/925
f 925/925/925 924/924/924 919/919/919
f 920/920/920 921/921/921 926/926/926
f 926/926/926 925/925/925 920/920/920
f 921/921/921 918/918/918 923/923/923
f 923/923/923 926/926/926 921/921/921
f 923/923/923 922/922/922 927/927/927
f 927/927/927 928/928/928 923/923/923
f 922/922/922 924/924/924 929/929/929
f 929/929/929 927/927/927 922/922/922
f 924/924/924 925/925/925 930/930/930
f 930/930/930 929/929/929 924/924/924
f 925/925/925 926/926/926 931/931/931
f 931/931/931 930/930/930 925/925/925
f 926/926/926 923/923/923 928/928/928
f 928/928/928 931/931/931 926/926/926
f 928/928/928 927/927/927 932/932/932
f 932/932/932 933/933/933 928/928/928
f 927/927/927 929/929/929 934/934/934
f 934/934/934 932/932/932 927/927/927
f 929/929/929 930/930/930 935/935/935
f 935/935/935 934/934/934 929/929/929
f 930/930/930 931/931/931 936/936/936
f 936/936/936 935/935/935 930/930/930
f 931/931/931 928/928/928 933/933/933
f 933/933/933 936/936/936 931/931/931
f 933/933/933 932/932/932 937/937/937
f 937/937/937 938/938/938 933/933/933
f 932/932/932 934/934/934 939/939/939
f 939/939/939 937/937/937 932/932/932
f 934/934/934 935/935/935 940/940/940
f 940/940/940 939/939/939 934/934/934
f 935/935/935 936/936/936 941/941/941
f 941/941/941 940/940/940 935/935/935
f 936/936/936 933/933/933 938/938/938
f 938/938/938 941/941/941 936/936/936
f 938/938/938 937/937/937 942/942/942
f 942/942/942 943/943/943 938/938/938
f 937/937/937 939/939/939 944/944/944
f 944/944/944 942/942/942 937/937/937
f 939/939/939 940/940/940 945/945/945
f 945/945/945 944/944/944 939/939/939
f 940/940/940 941/941/941 946/946/946
f 946/946/946 945/945/945 940/940/940
f 941/941/941 938/938/938 943/943/943
f 943/943/943 946/946/946 941/941/941
f 943/943/943 942/942/942 947/947/947
f 947/947/947 948/948/948 943/943/943
f 942/942/942 944/944/944 949/949/949
f 949/949/949 947/947/947 942/942/942
f 944/944/944 945/945/945 950/950/950
f 950/950/950 949/949/949 944/944/944
f 945/945/945 946/946/946 951/951/951
f 951/951/951 950/950/950 945/945/945
f 946/946/946 943/943/943 948/948/948
f 948/948/948 951/951/951 946/946/946
f 948/948/948 947/947/947 952/952/952
f 952/952/952 953/953/953 948/948/948
f 947/947/947 949/949/949 954/954/954
f 954/954/954 952/952/952 947/947/947
f 949/949/949 950/950/950 955/955/955
f 955/955/955 954/954/954 949/949/949
f 950/950/950 951/951/951 956/956/956
f 956/956/956 955/955/955 950/950/950
f 951/951/951 948/948/948 953/953/953
f 953/953/953 956/956/956 951/951/951
f 953/953/953 952/952/952 878/878/878
f 878/878/878 877/877/877 953/953/953
f 952/952/952 954/954/954 881/881/881
f 881/881/881 878/878/878 952/952/952
f 954/954/954 955/955/955 883/883/883
f 883/883/883 881/881/881 954/954/954
f 955/955/955 956/956/956 885/885/885
f 885/885/885 883/883/883 955/955/955
f 956/956/956 953/953/953 877/877/877
f 877/877/877 885/885/885 956/956/956
f 957/957/957 958/958/958 959/959/959
f 959/959/959 960/960/960 957/957/957
f 958/958/958 961/961/961 962/962/962
f 962/962/962 959/959/959 958/958/958
f 961/961/961 963/963/963 964/964/964
f 964/964/964 962/962/962 961/961/961
f 963/963/963 965/965/965 966/966/966
f 966/966/966 964/964/964 963/963/963
f 965/965/965 957/957/957 960/960/960
f 960/960/960 966/966/966 965/965/965
f 960/960/960 959/959/959 967/967/967
f 967/967/967 968/968/968 960/960/960
f 959/959/959 962/962/962 969/969/969
f 969/969/969 967/967/967 959/959/959
f 962/962/962 964/964/964 970/970/970
f 970/970/970 969/969/969 962/962/962
f 964/964/964 966/966/966 971/971/971
f 971/971/971 970/970/970 964/964/964
f 966/966/966 960/960/960 968/968/968
f 968/968/968 971/971/971 966/966/966
f 968/968/968 967/967/967 972/972/972
f 972/972/972 973/973/973 968/968/968
f 967/967/967 969/969/969 974/974/974
f 974/974/974 972/972/972 967/967/967
f 969/969/969 970/970/970 975/975/975
f 975/975/975 974/974/974 969/969/969
f 970/970/970 971/971/971 976/976/976
f 976/976/976 975/975/975 970/970/970
f 971/971/971 968/968/968 973/973/973
f 973/973/973 976/976/976 971/971/971
f 973/973/973 972/972/972 977/977/977
f 977/977/977 978/978/978 973/973/973
f 972/972/972 974/974/974 979/979/979
f 979/979/979 977/977/977 972/972/972
f 974/974/974 975/975/975 980/980/980
f 980/980/980 979/979/979 974/974/974
f 975/975/975 976/976/976 981/981/981
f 981/981/981 980/980/980 975/975/975
f 976/976/976 973/973/973 978/978/978
f 978/978/978 981/981/981 976/976/976
f 978/978/978 977/977/977 982/982/982
f 982/982/982 983/983/983 978/978/978
f 977/977/977 979/979/979 984/984/984
f 984/984/984 982/982/982 977/977/977
f 979/979/979 980/980/980 985/985/985
f 985/985/985 984/984/984 979/979/979
f 980/980/980 981/981/981 986/986/986
f 986/986/986 985/985/985 980/980/980
f 981/981/981 978/978/978 983/983/983
f 983/983/983 986/986/986 981/981/981
f 983/983/983 982/982/982 987/987/987
f 987/987/987 988/988/988 983/983/983
f 982/982/982 984/984/984 989/989/989
f 989/989/989 987/987/987 982/982/982
f 984/984/984 985/985/985 990/990/990
f 990/990/990 989/989/989 984/984/984
f 985/985/985 986/986/986 991/991/991
f 991/991/991 990/990/990 985/985/985
f 986/986/986 983/983/983 988/988/988
f 988/988/988 991/991/991 986/986/986
f 988/988/988 987/987/987 992/992/992
f 992/992/992 993/993/993 988/988/988
f 987/987/987 989/989/989 994/994/994
f 994/994/994 992/992/992 987/987/987
f 989/989/989 990/990/990 995/995/995
f 995/995/995 994/994/994 989/989/989
f 990/990/990 991/991/991 996/996/996
f 996/996/996 995/995/995 990/990/990
f 991/991/991 988/988/988 993/993/993
f 993/993/993 996/996/996 991/991/991
f 993/993/993 992/992/992 997/997/997
f 997/997/997 998/998/998 993/993/993
f 992/992/992 994/994/994 999/999/999
f 999/999/999 997/997/997 992/992/992
f 994/994/994 995/995/995 1000/1000/1000
f 1000/1000/1000 999/999/999 994/994/994
f 995/995/995 996/996/996 1001/1001/1001
f 1001/1001/1001 1000/1000/1000 995/995/995
f 996/996/996 993/993/993 998/998/998
f 998/998/998 1001/1001/1001 996/996/996
f 998/998/998 997/997/997 1002/1002/1002
f 1002/1002/1002 1003/1003/1003 998/998/998
f 997/997/997 999/999/999 1004/1004/1004
f 1004/1004/1004 1002/1002/1002 997/997/997
f 999/999/999 1000/1000/1000 1005/1005/1005
f 1005/1005/1005 1004/1004/1004 999/999/999
f 1000/1000/1000 1001/1001/1001 1006/1006/1006
f 1006/1006/1006 1005/1005/1005 1000/1000/1000
f 1001/1001/1001 998/998/998 1003/1003/1003
f 1003/1003/1003 1006/1006/1006 1001/1001/1001
f 1003/1003/1003 1002/1002/1002 1007/1007/1007
f 1007/1007/1007 1008/1008/1008 1003/1003/1003
f 1002/1002/1002 1004/1004/1004 1009/1009/1009
f 1009/1009/1009 1007/1007/1007 1002/1002/1002
f 1004/1004/1004 1005/1005/1005 1010/1010/1010
f 1010/1010/1010 1009/1009/1009 1004/1004/1004
f 1005/1005/1005 1006/1006/1006 1011/1011/1011
f 1011/1011/1011 1010/1010/1010 1005/1005/1005
f 1006/1006/1006 1003/1003/1003 1008/1008/1008
f 1008/1008/1008 1011/1011/1011 1006/1006/1006
f 1008/1008/1008 1007/1007/1007 1012/1012/1012
f 1012/1012/1012 1013/1013/1013 1008/1008/1008
f 1007/1007/1007 1009/1009/1009 1014/1014/1014
f 1014/1014/1014 1012/1012/1012 1007/1007/1007
f 1009/1009/1009 1010/1010/1010 1015/1015/1015
f 1015/1015/1015 1014/1014/1014 1009/1009/1009
f 1010/1010/1010 1011/1011/1011 1016/1016/1016
f 1016/1016/1016 1015/1015/1015 1010/1010/1010
f 1011/1011/1011 1008/1008/1008 1013/1013/1013
f 1013/1013/1013 1016/1016/1016 1011/1011/1011
f 1013/1013/1013 1012/1012/1012 1017/1017/1017
f 1017/1017/1017 1018/1018/1018 1013/1013/1013
f 1012/1012/1012 1014/1014/1014 1019/1019/1019
f 1019/1019/1019 1017/1017/1017 1012/1012/1012
f 1014/1014/1014 1015/1015/1015 1020/1020/1020
f 1020/1020/1020 1019/1019/1019 1014/1014/1014
f 1015/1015/1015 1016/1016/1016 1021/1021/1021
f 1021/1021/1021 1020/1020/1020 1015/1015/1015
f 1016/1016/1016 1013/1013/1013 1018/1018/1018
f 1018/1018/1018 1021/1021/1021 1016/1016/1016
f 1018/1018/1018 1017/1017/1017 1022/1022/1022
f 1022/1022/1022 1023/1023/1023 1018/1018/1018
f 1017/1017/1017 1019/1019/1019 1024/1024/1024
f 1024/1024/1024 1022/1022/1022 1017/1017/1017
f 1019/1019/1019 1020/1020/1020 1025/1025/1025
f 1025/1025/1025 1024/1024/1024 1019/1019/1019
f 1020/1020/1020 1021/1021/1021 1026/1026/1026
f 1026/1026/1026 1025/1025/1025 1020/1020/1020
f 1021/1021/1021 1018/1018/1018 1023/1023/1023
f 1023/1023/1023 1026/1026/1026 1021/1021/1021
f 1023/1023/1023 1022/1022/1022 1027/1027/1027
f 1027/1027/1027 1028/1028/1028 1023/1023/1023
f 1022/1022/1022 1024/1024/1024 1029/1029/1029
f 1029/1029/1029 1027/1027/1027 1022/1022/1022
f 1024/1024/1024 1025/1025/1025 1030/1030/1030
f 1030/1030/1030 1029/1029/1029 1024/1024/1024
f 1025/1025/1025 1026/1026/1026 1031/1031/1031
f 1031/1031/1031 1030/1030/1030 1025/1025/1025
f 1026/1026/1026 1023/1023/1023 1028/1028/1028
f 1028/1028/1028 1031/1031/1031 1026/1026/1026
f 1028/1028/1028 1027/1027/1027 1032/1032/1032
f 1032/1032/1032 1033/1033/1033 1028/1028/1028
f 1027/1027/1027 1029/1029/1029 1034/1034/1034
f 1034/1034/1034 1032/1032/1032 1027/1027/1027
f 1029/1029/1029 1030/1030/1030 1035/1035/1035
f 1035/1035/1035 1034/1034/1034 1029/1029/1029
f 1030/1030/1030 1031/1031/1031 1036/1036/1036
f 1036/1036/1036 1035/1035/1035 1030/1030/1030
f 1031/1031/1031 1028/1028/1028 1033/1033/1033
f 1033/1033/1033 1036/1036/1036 1031/1031/1031
f 1033/1033/1033 1032/1032/1032 958/958/958
f 958/958/958 957/957/957 1033/1033/1033
f 1032/1032/1032 1034/1034/1034 961/961/961
f 961/961/961 958/958/958 1032/1032/1032
f 1034/1034/1034 1035/1035/1035 963/963/963
f 963/963/963 961/961/961 1034/1034/1034
f 1035/1035/1035 1036/1036/1036 965/965/965
f 965/965/965 963/963/963 1035/1035/1035
f 1036/1036/1036 1033/1033/1033 957/957/957
f 957/957/957 965/965/965 1036/1036/1036
