# Cocos Creator 3D Mesh Extracted
# Source file: 179083719996394.bin
# Type: skinned, Vertices: 684, Triangles: 1268, Stride: 72 bytes
# Bounding Box: X=[-8.712898, 8.712898], Y=[-7.198418, 11.34591], Z=[0.3066236, 15.37683]
o Model_8_skinned
v 8.239821 7.468347 9.040302
v 7.464403 7.670403 9.040302
v 7.464403 8.001663 9.040302
v 8.239821 7.791203 9.040302
v 7.613167 8.224833 9.234197
v 7.810411 8.239016 9.440114
v 7.893816 8.215468 9.440116
v 8.091061 8.090994 9.234197
v 7.493101 8.139704 9.091999
v 8.211126 7.941391 9.091999
v 8.674834 7.664034 9.346522
v 8.712898 7.652597 9.578365
v 8.712898 7.335276 9.578365
v 8.674834 7.346255 9.346524
v 7.143589 8.082664 9.170288
v 7.143588 7.748165 9.170289
v 7.241173 8.323374 9.511259
v 7.203107 8.333176 9.743100
v 7.467825 8.333116 9.949019
v 7.505891 8.322869 9.717175
v 8.348864 8.015417 9.335024
v 8.084144 8.160799 9.540944
v 7.029394 8.110635 9.346524
v 6.991330 8.119859 9.578365
v 7.044274 8.254452 9.619550
v 7.082338 8.244995 9.387706
v 8.560637 7.698055 9.170288
v 8.507695 7.854194 9.211474
v 8.560637 7.378913 9.170289
v 7.029396 7.775024 9.346525
v 6.991328 7.783879 9.578365
v 7.355367 8.293648 9.335026
v 7.620088 8.291814 9.540944
v 8.463059 7.981180 9.511259
v 8.198339 8.127373 9.717176
v 8.501125 7.969663 9.743100
v 8.236403 8.116125 9.949020
v 7.196532 8.216321 9.211473
v 8.621891 7.819787 9.387706
v 8.659958 7.808217 9.619549
v 8.239821 7.468348 11.910390
v 8.239824 7.791203 11.910390
v 7.464404 8.001667 11.910390
v 7.464403 7.670407 11.910390
v 6.991328 7.783879 11.372330
v 6.991328 8.119859 11.372330
v 7.613165 8.224833 11.716500
v 8.091061 8.090994 11.716500
v 7.893817 8.215468 11.510580
v 7.810412 8.239017 11.510580
v 7.467825 8.333114 11.001680
v 7.203108 8.333180 11.207590
v 7.493101 8.139699 11.858700
v 8.211124 7.941391 11.858700
v 7.044272 8.254452 11.331140
v 8.674835 7.664035 11.604170
v 8.674835 7.346256 11.604170
v 8.712897 7.335276 11.372330
v 8.712898 7.652602 11.372330
v 7.143588 8.082661 11.780410
v 7.143589 7.748167 11.780410
v 7.241172 8.323374 11.439440
v 7.505891 8.322869 11.233520
v 8.348864 8.015417 11.615670
v 8.084145 8.160799 11.409750
v 7.029396 8.110636 11.604170
v 7.082339 8.244995 11.562990
v 8.560637 7.698058 11.780410
v 8.507695 7.854191 11.739220
v 8.560637 7.378915 11.780410
v 7.029396 7.775024 11.604170
v 7.355368 8.293652 11.615670
v 7.620086 8.291814 11.409750
v 8.463058 7.981180 11.439440
v 8.198339 8.127373 11.233520
v 8.501123 7.969666 11.207590
v 8.236402 8.116125 11.001680
v 7.196534 8.216318 11.739220
v 8.621892 7.819787 11.562990
v 8.659955 7.808217 11.331140
v 8.575464 7.305960 11.580520
v 8.484038 7.331607 11.721610
v 8.214747 7.405555 11.830720
v 7.489479 7.592851 11.830720
v 7.220188 7.657994 11.721610
v 7.128766 7.679563 11.580520
v 7.093752 7.687753 11.367260
v 7.093752 7.687755 9.583433
v 7.128765 7.679563 9.370175
v 7.220188 7.657992 9.229086
v 7.489479 7.592851 9.119976
v 8.214747 7.405555 9.119976
v 8.484036 7.331606 9.229086
v 8.575464 7.305960 9.370177
v 8.610476 7.296062 9.583433
v 8.610476 7.296062 11.367260
v 7.160044 8.174124 8.498458
v 6.135503 8.412244 8.498456
v 6.135501 8.221572 8.647362
v 7.113173 8.000120 8.647362
v 7.235876 8.084363 8.257522
v 6.135502 8.339406 8.257523
v 7.235876 7.855693 8.257522
v 6.135503 8.103771 8.257522
v 7.160043 7.803298 8.498456
v 6.135502 8.030977 8.498456
v 7.549534 8.073972 8.656267
v 7.406367 7.927336 8.766155
v 7.781178 7.942417 8.478463
v 7.781178 7.717628 8.478463
v 7.549532 7.707532 8.656267
v 7.684470 8.038037 8.864511
v 7.498743 7.903796 8.908718
v 7.984977 7.886721 8.792981
v 7.984975 7.663449 8.792981
v 7.684467 7.673176 8.864511
v 7.733241 8.024893 9.161569
v 7.541813 7.892721 9.171039
v 8.042978 7.870605 9.146246
v 8.042977 7.647776 9.146246
v 7.733241 7.660606 9.161568
v 7.733242 8.024893 11.571900
v 7.541816 7.892721 11.562430
v 8.042977 7.870607 11.587220
v 8.042978 7.647776 11.587220
v 7.733241 7.660606 11.571900
v 7.684467 8.038037 11.868950
v 7.498744 7.903796 11.824750
v 7.984977 7.886721 11.940490
v 7.984975 7.663451 11.940490
v 7.684467 7.673174 11.868950
v 7.549532 8.073972 12.077200
v 7.406367 7.927339 11.967310
v 7.781176 7.942417 12.255000
v 7.781176 7.717624 12.255000
v 7.549532 7.707533 12.077200
v 7.160044 8.174121 12.235010
v 7.113172 8.000115 12.086100
v 7.235876 8.084363 12.475950
v 7.235876 7.855693 12.475950
v 7.160042 7.803293 12.235010
v 6.135503 8.412233 12.235010
v 6.135503 8.221575 12.086100
v 6.135505 8.339406 12.475940
v 6.135503 8.103766 12.475950
v 6.135502 8.030977 12.235010
v -8.239821 7.468340 9.040301
v -8.239821 7.791201 9.040303
v -7.464403 8.001666 9.040303
v -7.464403 7.670403 9.040302
v -7.613165 8.224833 9.234198
v -8.091059 8.090989 9.234196
v -7.893814 8.215468 9.440118
v -7.810411 8.239017 9.440114
v -7.493100 8.139704 9.091998
v -8.211123 7.941395 9.092002
v -8.674833 7.664038 9.346522
v -8.674833 7.346255 9.346524
v -8.712898 7.335274 9.578363
v -8.712898 7.652597 9.578364
v -7.143587 8.082661 9.170288
v -7.143587 7.748165 9.170292
v -7.241168 8.323375 9.511257
v -7.505890 8.322866 9.717175
v -7.467823 8.333125 9.949019
v -7.203104 8.333179 9.743100
v -8.348862 8.015414 9.335027
v -8.084141 8.160795 9.540941
v -7.029393 8.110630 9.346524
v -7.082336 8.244998 9.387705
v -7.044271 8.254452 9.619549
v -6.991326 8.119859 9.578366
v -8.560637 7.698058 9.170292
v -8.507693 7.854191 9.211475
v -8.560637 7.378913 9.170287
v -7.029393 7.775019 9.346522
v -6.991326 7.783876 9.578363
v -7.355363 8.293647 9.335027
v -7.620085 8.291813 9.540942
v -8.463058 7.981173 9.511257
v -8.198336 8.127375 9.717176
v -8.501122 7.969658 9.743096
v -8.236401 8.116122 9.949020
v -7.196532 8.216318 9.211473
v -8.621889 7.819782 9.387705
v -8.659955 7.808217 9.619550
v -8.239821 7.468347 11.910390
v -7.464403 7.670410 11.910400
v -7.464403 8.001663 11.910390
v -8.239821 7.791203 11.910390
v -6.991326 7.783879 11.372330
v -6.991326 8.119861 11.372330
v -7.613165 8.224833 11.716500
v -7.810411 8.239016 11.510580
v -7.893814 8.215468 11.510580
v -8.091060 8.090997 11.716500
v -7.467823 8.333118 11.001680
v -7.203104 8.333175 11.207590
v -7.493100 8.139694 11.858700
v -8.211124 7.941387 11.858690
v -7.044271 8.254452 11.331150
v -8.674833 7.664035 11.604170
v -8.712898 7.652597 11.372330
v -8.712898 7.335274 11.372330
v -8.674833 7.346255 11.604170
v -7.143587 8.082665 11.780410
v -7.143587 7.748167 11.780410
v -7.241169 8.323378 11.439430
v -7.505890 8.322869 11.233520
v -8.348862 8.015420 11.615670
v -8.084141 8.160795 11.409750
v -7.029393 8.110639 11.604170
v -7.082336 8.245003 11.562990
v -8.560637 7.698052 11.780410
v -8.507693 7.854194 11.739220
v -8.560637 7.378913 11.780410
v -7.029392 7.775018 11.604170
v -7.355363 8.293643 11.615670
v -7.620085 8.291809 11.409750
v -8.463058 7.981173 11.439440
v -8.198336 8.127367 11.233520
v -8.501122 7.969658 11.207590
v -8.236400 8.116121 11.001680
v -7.196532 8.216323 11.739220
v -8.621889 7.819788 11.562990
v -8.659955 7.808220 11.331140
v -8.575461 7.305960 11.580520
v -8.610475 7.296062 11.367260
v -8.610475 7.296058 9.583434
v -8.575461 7.305963 9.370177
v -8.484036 7.331606 9.229088
v -8.214746 7.405550 9.119976
v -7.489479 7.592849 9.119976
v -7.220187 7.657994 9.229082
v -7.128765 7.679564 9.370173
v -7.093750 7.687757 9.583433
v -7.093750 7.687753 11.367260
v -7.128764 7.679564 11.580520
v -7.220187 7.657994 11.721610
v -7.489479 7.592855 11.830720
v -8.214746 7.405560 11.830720
v -8.484036 7.331609 11.721610
v -7.160040 8.174124 8.498455
v -7.113171 8.000122 8.647363
v -6.135503 8.221572 8.647363
v -6.135503 8.412239 8.498452
v -7.235874 8.084363 8.257522
v -6.135502 8.339406 8.257523
v -7.235874 7.855698 8.257521
v -6.135503 8.103774 8.257519
v -7.160040 7.803298 8.498456
v -6.135503 8.030980 8.498455
v -7.549531 8.073965 8.656267
v -7.406366 7.927330 8.766155
v -7.781176 7.942415 8.478465
v -7.781176 7.717629 8.478462
v -7.549531 7.707530 8.656266
v -7.684468 8.038039 8.864511
v -7.498744 7.903793 8.908723
v -7.984974 7.886723 8.792981
v -7.984974 7.663454 8.792983
v -7.684468 7.673181 8.864513
v -7.733240 8.024891 9.161572
v -7.541813 7.892721 9.171041
v -8.042976 7.870607 9.146246
v -8.042976 7.647778 9.146246
v -7.733240 7.660608 9.161569
v -7.733240 8.024891 11.571900
v -7.541813 7.892721 11.562430
v -8.042976 7.870612 11.587220
v -8.042976 7.647774 11.587220
v -7.733240 7.660606 11.571900
v -7.684468 8.038037 11.868950
v -7.498744 7.903796 11.824750
v -7.984974 7.886729 11.940490
v -7.984974 7.663452 11.940490
v -7.684468 7.673174 11.868950
v -7.549531 8.073967 12.077200
v -7.406366 7.927336 11.967310
v -7.781176 7.942420 12.255000
v -7.781176 7.717619 12.255000
v -7.549531 7.707530 12.077200
v -7.160040 8.174116 12.235010
v -7.113172 8.000125 12.086110
v -7.235873 8.084362 12.475940
v -7.235873 7.855698 12.475950
v -7.160040 7.803290 12.235010
v -6.135503 8.412239 12.235010
v -6.135503 8.221580 12.086100
v -6.135504 8.339402 12.475950
v -6.135503 8.103771 12.475940
v -6.135503 8.030980 12.235010
v 5.850013 2.318340 2.656243
v 7.288764 2.207623 2.656243
v 7.288760 2.479310 3.756186
v 5.850017 2.599258 3.756186
v 7.288764 3.232421 4.604145
v 5.850019 3.378481 4.604146
v 7.288762 4.295160 5.005861
v 5.850016 4.479259 5.005863
v 7.288764 5.424747 4.869310
v 5.850019 5.650600 4.869312
v 7.288762 6.362348 4.225773
v 5.850016 6.623726 4.225773
v 7.288764 6.892301 3.222674
v 5.850013 7.174051 3.222675
v 7.288762 6.892301 2.089812
v 5.850013 7.174051 2.089813
v 7.288758 6.362343 1.086714
v 5.850012 6.623724 1.086714
v 7.288761 5.424743 0.443175
v 5.850015 5.650599 0.443176
v 7.288758 4.295159 0.306624
v 5.850013 4.479257 0.306624
v 7.288761 3.232418 0.708343
v 5.850016 3.378480 0.708343
v 7.288760 2.479308 1.556302
v 5.850017 2.599258 1.556302
v 7.735496 2.419920 2.656243
v 7.735496 2.659523 3.638079
v 7.735494 3.323531 4.394988
v 7.735494 4.260144 4.753572
v 7.735495 5.255187 4.631683
v 7.735496 6.080738 4.057245
v 7.735494 6.547218 3.161853
v 7.735495 6.547219 2.150632
v 7.735495 6.080738 1.255241
v 7.735496 5.255183 0.680803
v 7.735497 4.260146 0.558914
v 7.735495 3.323530 0.917498
v 7.735497 2.659521 1.674407
v 7.735496 3.064699 2.656242
v 7.735491 3.230481 3.335452
v 7.735495 3.689917 3.859062
v 7.735495 4.337924 4.107121
v 7.735495 5.026222 4.022802
v 7.735494 5.597133 3.625419
v 7.735494 5.919647 3.006011
v 7.735496 5.919649 2.306475
v 7.735496 5.597136 1.687066
v 7.735496 5.026226 1.289684
v 7.735494 4.337924 1.205364
v 7.735494 3.689914 1.453423
v 7.735494 3.230481 1.977034
v 7.471961 3.337048 2.656243
v 7.471956 3.476351 3.222622
v 7.471960 3.862440 3.659251
v 7.471956 4.407030 3.866102
v 7.471960 4.985520 3.795790
v 7.471957 5.465353 3.464421
v 7.471957 5.736416 2.947908
v 7.471956 5.736416 2.364578
v 7.471960 5.465355 1.848065
v 7.471956 4.985518 1.516695
v 7.471956 4.407032 1.446383
v 7.471960 3.862440 1.653235
v 7.471955 3.476351 2.089864
v 5.850017 -7.198418 2.656244
v 7.288764 -7.078923 2.656244
v 7.288758 -6.807240 3.756185
v 5.850017 -6.922974 3.756186
v 7.288761 -6.054685 4.604144
v 5.850017 -6.158905 4.604144
v 7.288761 -4.994116 5.005862
v 5.850016 -5.079451 5.005863
v 7.288761 -3.868622 4.869310
v 5.850019 -3.930700 4.869312
v 7.288758 -2.935799 4.225771
v 5.850016 -2.976261 4.225772
v 7.288764 -2.409094 3.222674
v 5.850014 -2.436471 3.222674
v 7.288761 -2.409096 2.089813
v 5.850013 -2.436472 2.089813
v 7.288760 -2.935798 1.086714
v 5.850016 -2.976261 1.086715
v 7.288757 -3.868620 0.443176
v 5.850013 -3.930701 0.443176
v 7.288760 -4.994118 0.306624
v 5.850013 -5.079450 0.306625
v 7.288761 -6.054687 0.708343
v 5.850014 -6.158906 0.708344
v 7.288764 -6.807240 1.556302
v 5.850014 -6.922977 1.556302
v 7.735496 -6.783063 2.656243
v 7.735497 -6.541842 3.638079
v 7.735495 -5.873945 4.394987
v 7.735497 -4.933363 4.753572
v 7.735500 -3.936053 4.631682
v 7.735496 -3.110125 4.057245
v 7.735497 -2.644037 3.161853
v 7.735500 -2.644037 2.150632
v 7.735494 -3.110126 1.255241
v 7.735496 -3.936053 0.680803
v 7.735495 -4.933365 0.558914
v 7.735497 -5.873948 0.917498
v 7.735494 -6.541844 1.674407
v 7.735496 -6.134186 2.656242
v 7.735496 -5.967486 3.335452
v 7.735497 -5.505796 3.859062
v 7.735494 -4.855336 4.107120
v 7.735497 -4.165359 4.022802
v 7.735495 -3.593782 3.625419
v 7.735497 -3.271178 3.006011
v 7.735500 -3.271179 2.306475
v 7.735497 -3.593782 1.687066
v 7.735497 -4.165359 1.289684
v 7.735494 -4.855336 1.205364
v 7.735496 -5.505796 1.453424
v 7.735495 -5.967486 1.977034
v 7.471958 -5.914091 2.656243
v 7.471958 -5.774634 3.222622
v 7.471961 -5.388293 3.659251
v 7.471952 -4.843769 3.866102
v 7.471958 -4.265893 3.795790
v 7.471959 -3.786986 3.464421
v 7.471956 -3.516619 2.947908
v 7.471959 -3.516619 2.364578
v 7.471961 -3.786986 1.848065
v 7.471956 -4.265892 1.516696
v 7.471952 -4.843767 1.446383
v 7.471956 -5.388294 1.653235
v 7.471956 -5.774634 2.089864
v -5.850014 2.318336 2.656244
v -5.850013 2.599254 3.756186
v -7.288757 2.479312 3.756186
v -7.288757 2.207627 2.656244
v -5.850015 3.378481 4.604146
v -7.288757 3.232419 4.604145
v -5.850016 4.479261 5.005863
v -7.288757 4.295166 5.005864
v -5.850015 5.650609 4.869312
v -7.288757 5.424751 4.869312
v -5.850013 6.623726 4.225773
v -7.288757 6.362350 4.225773
v -5.850014 7.174049 3.222674
v -7.288757 6.892300 3.222674
v -5.850013 7.174056 2.089813
v -7.288757 6.892300 2.089812
v -5.850012 6.623723 1.086714
v -7.288757 6.362339 1.086714
v -5.850012 5.650600 0.443176
v -7.288757 5.424744 0.443175
v -5.850012 4.479259 0.306624
v -7.288757 4.295159 0.306624
v -5.850012 3.378476 0.708343
v -7.288757 3.232421 0.708342
v -5.850012 2.599254 1.556302
v -7.288757 2.479306 1.556301
v -7.735494 2.659525 3.638080
v -7.735495 2.419920 2.656243
v -7.735495 3.323534 4.394989
v -7.735495 4.260144 4.753572
v -7.735495 5.255181 4.631683
v -7.735495 6.080733 4.057244
v -7.735495 6.547212 3.161853
v -7.735494 6.547216 2.150633
v -7.735494 6.080733 1.255241
v -7.735494 5.255182 0.680802
v -7.735493 4.260145 0.558913
v -7.735494 3.323531 0.917497
v -7.735494 2.659521 1.674407
v -7.735495 3.230481 3.335451
v -7.735495 3.064705 2.656243
v -7.735495 3.689920 3.859063
v -7.735495 4.337927 4.107121
v -7.735495 5.026219 4.022800
v -7.735495 5.597135 3.625420
v -7.735495 5.919641 3.006011
v -7.735494 5.919655 2.306475
v -7.735494 5.597140 1.687065
v -7.735494 5.026228 1.289684
v -7.735494 4.337924 1.205364
v -7.735494 3.689917 1.453423
v -7.735495 3.230487 1.977034
v -7.471955 3.476353 3.222621
v -7.471955 3.337042 2.656244
v -7.471955 3.862443 3.659250
v -7.471955 4.407031 3.866103
v -7.471955 4.985514 3.795792
v -7.471955 5.465349 3.464421
v -7.471955 5.736415 2.947908
v -7.471954 5.736413 2.364578
v -7.471955 5.465351 1.848065
v -7.471955 4.985514 1.516695
v -7.471954 4.407032 1.446383
v -7.471954 3.862436 1.653235
v -7.471954 3.476349 2.089864
v -5.850015 -7.198418 2.656244
v -5.850015 -6.922974 3.756186
v -7.288760 -6.807240 3.756185
v -7.288758 -7.078921 2.656244
v -5.850015 -6.158906 4.604144
v -7.288761 -6.054686 4.604144
v -5.850014 -5.079448 5.005861
v -7.288760 -4.994115 5.005863
v -5.850016 -3.930700 4.869312
v -7.288760 -3.868622 4.869312
v -5.850016 -2.976263 4.225773
v -7.288761 -2.935798 4.225771
v -5.850016 -2.436469 3.222675
v -7.288757 -2.409096 3.222674
v -5.850013 -2.436468 2.089812
v -7.288759 -2.409096 2.089812
v -5.850012 -2.976261 1.086715
v -7.288758 -2.935795 1.086714
v -5.850012 -3.930703 0.443176
v -7.288759 -3.868619 0.443176
v -5.850012 -5.079450 0.306625
v -7.288758 -4.994117 0.306624
v -5.850012 -6.158906 0.708343
v -7.288758 -6.054686 0.708343
v -5.850013 -6.922977 1.556301
v -7.288758 -6.807238 1.556301
v -7.735495 -6.541842 3.638079
v -7.735495 -6.783063 2.656243
v -7.735495 -5.873949 4.394987
v -7.735495 -4.933362 4.753571
v -7.735495 -3.936053 4.631683
v -7.735495 -3.110125 4.057244
v -7.735495 -2.644037 3.161853
v -7.735495 -2.644035 2.150632
v -7.735495 -3.110126 1.255242
v -7.735493 -3.936052 0.680803
v -7.735493 -4.933368 0.558914
v -7.735495 -5.873948 0.917498
v -7.735495 -6.541844 1.674407
v -7.735495 -5.967486 3.335452
v -7.735495 -6.134187 2.656241
v -7.735495 -5.505797 3.859062
v -7.735495 -4.855338 4.107121
v -7.735495 -4.165362 4.022800
v -7.735495 -3.593781 3.625419
v -7.735495 -3.271179 3.006011
v -7.735495 -3.271179 2.306474
v -7.735495 -3.593781 1.687066
v -7.735495 -4.165361 1.289684
v -7.735495 -4.855337 1.205364
v -7.735495 -5.505800 1.453423
v -7.735495 -5.967488 1.977034
v -7.471956 -5.774636 3.222621
v -7.471956 -5.914092 2.656243
v -7.471956 -5.388296 3.659251
v -7.471956 -4.843770 3.866101
v -7.471956 -4.265892 3.795789
v -7.471956 -3.786992 3.464419
v -7.471956 -3.516624 2.947907
v -7.471955 -3.516621 2.364577
v -7.471954 -3.786994 1.848065
v -7.471954 -4.265895 1.516696
v -7.471955 -4.843769 1.446383
v -7.471955 -5.388293 1.653235
v -7.471955 -5.774635 2.089864
v 3.335097 10.836790 13.629850
v 3.355196 10.317630 15.160320
v 3.914817 10.106970 15.094850
v 3.990536 10.548250 13.614340
v 0.000001 11.126560 13.657160
v 0.000001 10.545400 15.151490
v 2.443434 10.425590 15.155940
v 2.428605 11.001330 13.628300
v 4.687934 9.801211 14.594280
v 4.758813 9.965230 13.968120
v 4.527164 10.183260 13.704480
v 4.363666 9.879305 14.954250
v -3.335094 10.836800 13.629850
v -3.990534 10.548240 13.614340
v -3.914814 10.106970 15.094850
v -3.355194 10.317630 15.160320
v -2.428604 11.001340 13.628300
v -2.443433 10.425590 15.155940
v -4.527161 10.183260 13.704480
v -4.758809 9.965239 13.968120
v -4.687933 9.801211 14.594280
v -4.363663 9.879305 14.954250
v 3.344198 10.874030 13.846340
v 3.991925 10.587170 13.831220
v 4.070253 10.733330 13.643790
v 3.372888 11.044210 13.659110
v 3.302928 10.652250 13.734390
v 3.911675 10.386560 13.718930
v 3.306114 10.685490 13.477960
v 3.940409 10.409440 13.462090
v 3.349351 10.927800 13.431440
v 4.038411 10.623810 13.415660
v 2.430866 11.040310 13.844800
v 2.435187 11.217540 13.657620
v 2.423420 10.809270 13.732770
v 2.423138 10.843660 13.476360
v 2.430415 11.095970 13.429920
v 0.000002 11.166240 13.873680
v 0.000001 11.345910 13.686530
v 0.000001 10.931810 13.761600
v -0.000001 10.966510 13.505180
v 0.000001 11.222420 13.458790
v -2.430862 11.040310 13.844800
v -2.435186 11.217550 13.657630
v -2.423416 10.809270 13.732770
v -2.423138 10.843660 13.476360
v -2.430413 11.095970 13.429920
v -3.344196 10.874040 13.846350
v -3.372889 11.044210 13.659110
v -3.302928 10.652240 13.734390
v -3.306111 10.685490 13.477970
v -3.349350 10.927790 13.431440
v -3.991924 10.587170 13.831220
v -4.070251 10.733330 13.643790
v -3.911675 10.386570 13.718930
v -3.940407 10.409440 13.462100
v -4.038413 10.623810 13.415660
v -4.458698 10.267010 13.910230
v -4.627759 10.350140 13.740000
v -4.384251 10.066880 13.796110
v -4.507301 10.028020 13.555350
v -4.657798 10.202520 13.520680
v -4.606454 10.129610 14.077390
v -4.873194 10.117920 14.017470
v -4.550264 9.912365 13.986300
v -4.782279 9.768968 13.870080
v -4.981861 9.894644 13.889340
v -4.551573 10.002940 14.557540
v -4.798814 9.948452 14.669550
v -4.492779 9.777059 14.496290
v -4.703681 9.585352 14.570460
v -4.892821 9.690395 14.677540
v -4.316154 10.059400 14.818610
v -4.462097 10.032060 15.043080
v -4.235866 9.836878 14.781590
v -4.332192 9.673305 14.983180
v -4.472009 9.793908 15.144790
v -3.928578 10.258780 14.942110
v -3.989195 10.273550 15.193550
v -3.848941 10.033760 14.901740
v -3.860341 9.909811 15.128250
v -3.947021 10.058270 15.308590
v -3.365321 10.472890 15.008580
v -3.383440 10.504020 15.265110
v -3.333205 10.227130 14.961750
v -3.331478 10.106430 15.189340
v -3.362523 10.277610 15.376820
v -2.443974 10.583820 15.004160
v -2.443140 10.617890 15.260610
v -2.444060 10.331100 14.957460
v -2.443278 10.209030 15.185040
v -2.442706 10.386220 15.372400
v 0.000002 10.705490 14.999720
v 0.000001 10.739870 15.256170
v 0.000002 10.449900 14.953020
v -0.000001 10.326360 15.180600
v -0.000002 10.505500 15.367960
v 2.443980 10.583810 15.004160
v 2.443142 10.617890 15.260610
v 2.444066 10.331100 14.957470
v 2.443281 10.209040 15.185050
v 2.442706 10.386220 15.372400
v 3.365325 10.472900 15.008580
v 3.383439 10.504030 15.265110
v 3.333210 10.227120 14.961750
v 3.331478 10.106430 15.189340
v 3.362522 10.277610 15.376830
v 3.928583 10.258780 14.942110
v 3.989197 10.273550 15.193550
v 3.848946 10.033770 14.901740
v 3.860337 9.909815 15.128250
v 3.947020 10.058270 15.308590
v 4.316155 10.059410 14.818610
v 4.462100 10.032060 15.043080
v 4.235867 9.836881 14.781580
v 4.332190 9.673304 14.983180
v 4.472008 9.793910 15.144790
v 4.551578 10.002940 14.557540
v 4.798812 9.948461 14.669550
v 4.492780 9.777061 14.496290
v 4.703682 9.585346 14.570460
v 4.892820 9.690389 14.677540
v 4.606452 10.129620 14.077390
v 4.873194 10.117910 14.017470
v 4.550265 9.912368 13.986290
v 4.782280 9.768966 13.870080
v 4.981863 9.894635 13.889340
v 4.458697 10.267010 13.910230
v 4.627758 10.350140 13.740000
v 4.384249 10.066880 13.796110
v 4.507304 10.028010 13.555360
v 4.657801 10.202520 13.520680
vt 0.000202 0.000357
vt 0.000122 0.000357
vt 0.000122 0.000395
vt 0.000202 0.000395
vt 0.000137 0.000426
vt 0.000157 0.000434
vt 0.000166 0.000434
vt 0.000187 0.000426
vt 0.000125 0.000412
vt 0.000199 0.000412
vt 0.000247 0.000395
vt 0.000251 0.000395
vt 0.000251 0.000357
vt 0.000247 0.000357
vt 0.000088 0.000395
vt 0.000088 0.000357
vt 0.000099 0.000426
vt 0.000095 0.000426
vt 0.000122 0.000434
vt 0.000126 0.000434
vt 0.000213 0.000426
vt 0.000186 0.000434
vt 0.000077 0.000395
vt 0.000073 0.000395
vt 0.000078 0.000412
vt 0.000082 0.000412
vt 0.000235 0.000395
vt 0.000230 0.000412
vt 0.000235 0.000357
vt 0.000077 0.000357
vt 0.000073 0.000357
vt 0.000110 0.000426
vt 0.000138 0.000434
vt 0.000225 0.000426
vt 0.000198 0.000434
vt 0.000229 0.000426
vt 0.000202 0.000434
vt 0.000094 0.000412
vt 0.000242 0.000412
vt 0.000245 0.000412
vt 0.000202 0.000357
vt 0.000202 0.000395
vt 0.000122 0.000395
vt 0.000122 0.000357
vt 0.000073 0.000357
vt 0.000073 0.000395
vt 0.000137 0.000426
vt 0.000187 0.000426
vt 0.000166 0.000434
vt 0.000157 0.000434
vt 0.000122 0.000434
vt 0.000095 0.000426
vt 0.000125 0.000412
vt 0.000199 0.000412
vt 0.000078 0.000412
vt 0.000247 0.000395
vt 0.000247 0.000357
vt 0.000251 0.000357
vt 0.000251 0.000395
vt 0.000088 0.000395
vt 0.000088 0.000357
vt 0.000099 0.000426
vt 0.000126 0.000434
vt 0.000213 0.000426
vt 0.000186 0.000434
vt 0.000077 0.000395
vt 0.000082 0.000412
vt 0.000235 0.000395
vt 0.000230 0.000412
vt 0.000235 0.000357
vt 0.000077 0.000357
vt 0.000110 0.000426
vt 0.000138 0.000434
vt 0.000225 0.000426
vt 0.000198 0.000434
vt 0.000229 0.000426
vt 0.000202 0.000434
vt 0.000094 0.000412
vt 0.000242 0.000412
vt 0.000245 0.000412
vt 0.000237 0.000349
vt 0.000227 0.000349
vt 0.000199 0.000349
vt 0.000124 0.000349
vt 0.000096 0.000349
vt 0.000087 0.000349
vt 0.000083 0.000349
vt 0.000083 0.000349
vt 0.000087 0.000349
vt 0.000096 0.000349
vt 0.000124 0.000349
vt 0.000199 0.000349
vt 0.000227 0.000349
vt 0.000237 0.000349
vt 0.000240 0.000349
vt 0.000240 0.000349
vt 0.000162 0.000411
vt 0.000117 0.000411
vt 0.000117 0.000403
vt 0.000160 0.000403
vt 0.000166 0.000425
vt 0.000117 0.000425
vt 0.000166 0.000425
vt 0.000117 0.000425
vt 0.000162 0.000411
vt 0.000117 0.000411
vt 0.000180 0.000402
vt 0.000173 0.000396
vt 0.000190 0.000413
vt 0.000190 0.000413
vt 0.000180 0.000402
vt 0.000186 0.000390
vt 0.000177 0.000388
vt 0.000199 0.000395
vt 0.000199 0.000395
vt 0.000186 0.000390
vt 0.000188 0.000373
vt 0.000179 0.000373
vt 0.000202 0.000374
vt 0.000202 0.000374
vt 0.000188 0.000373
vt 0.000188 0.000235
vt 0.000179 0.000236
vt 0.000202 0.000234
vt 0.000202 0.000234
vt 0.000188 0.000235
vt 0.000186 0.000218
vt 0.000177 0.000221
vt 0.000199 0.000214
vt 0.000199 0.000214
vt 0.000186 0.000218
vt 0.000180 0.000206
vt 0.000173 0.000213
vt 0.000190 0.000196
vt 0.000190 0.000196
vt 0.000180 0.000206
vt 0.000162 0.000197
vt 0.000160 0.000206
vt 0.000166 0.000184
vt 0.000166 0.000184
vt 0.000162 0.000197
vt 0.000117 0.000197
vt 0.000117 0.000206
vt 0.000117 0.000184
vt 0.000117 0.000184
vt 0.000117 0.000197
vt 0.000120 0.000188
vt 0.000120 0.000229
vt 0.000204 0.000229
vt 0.000204 0.000188
vt 0.000188 0.000261
vt 0.000136 0.000261
vt 0.000158 0.000269
vt 0.000167 0.000269
vt 0.000201 0.000246
vt 0.000123 0.000246
vt 0.000073 0.000229
vt 0.000073 0.000188
vt 0.000068 0.000188
vt 0.000068 0.000229
vt 0.000239 0.000229
vt 0.000239 0.000188
vt 0.000229 0.000261
vt 0.000200 0.000269
vt 0.000204 0.000269
vt 0.000233 0.000261
vt 0.000108 0.000261
vt 0.000137 0.000269
vt 0.000252 0.000229
vt 0.000246 0.000246
vt 0.000250 0.000246
vt 0.000256 0.000229
vt 0.000085 0.000229
vt 0.000091 0.000246
vt 0.000085 0.000188
vt 0.000252 0.000188
vt 0.000256 0.000188
vt 0.000216 0.000261
vt 0.000187 0.000269
vt 0.000096 0.000261
vt 0.000124 0.000269
vt 0.000091 0.000261
vt 0.000120 0.000269
vt 0.000233 0.000246
vt 0.000078 0.000246
vt 0.000074 0.000246
vt 0.000120 0.000188
vt 0.000204 0.000188
vt 0.000204 0.000229
vt 0.000120 0.000229
vt 0.000256 0.000188
vt 0.000256 0.000229
vt 0.000188 0.000261
vt 0.000167 0.000269
vt 0.000158 0.000269
vt 0.000136 0.000261
vt 0.000204 0.000269
vt 0.000233 0.000261
vt 0.000201 0.000246
vt 0.000123 0.000246
vt 0.000250 0.000246
vt 0.000073 0.000229
vt 0.000068 0.000229
vt 0.000068 0.000188
vt 0.000073 0.000188
vt 0.000239 0.000229
vt 0.000239 0.000188
vt 0.000229 0.000261
vt 0.000200 0.000269
vt 0.000108 0.000261
vt 0.000137 0.000269
vt 0.000252 0.000229
vt 0.000246 0.000246
vt 0.000085 0.000229
vt 0.000091 0.000246
vt 0.000085 0.000188
vt 0.000252 0.000188
vt 0.000216 0.000261
vt 0.000187 0.000269
vt 0.000096 0.000261
vt 0.000124 0.000269
vt 0.000091 0.000261
vt 0.000120 0.000269
vt 0.000233 0.000246
vt 0.000078 0.000246
vt 0.000074 0.000246
vt 0.000083 0.000180
vt 0.000080 0.000180
vt 0.000080 0.000180
vt 0.000083 0.000180
vt 0.000093 0.000180
vt 0.000123 0.000180
vt 0.000202 0.000180
vt 0.000231 0.000180
vt 0.000241 0.000180
vt 0.000245 0.000180
vt 0.000245 0.000180
vt 0.000241 0.000180
vt 0.000231 0.000180
vt 0.000202 0.000180
vt 0.000123 0.000180
vt 0.000093 0.000180
vt 0.000162 0.000411
vt 0.000160 0.000403
vt 0.000117 0.000403
vt 0.000117 0.000411
vt 0.000166 0.000425
vt 0.000117 0.000425
vt 0.000166 0.000425
vt 0.000117 0.000425
vt 0.000162 0.000411
vt 0.000117 0.000411
vt 0.000180 0.000402
vt 0.000173 0.000396
vt 0.000190 0.000413
vt 0.000190 0.000413
vt 0.000180 0.000402
vt 0.000186 0.000390
vt 0.000177 0.000388
vt 0.000199 0.000395
vt 0.000199 0.000395
vt 0.000186 0.000390
vt 0.000188 0.000373
vt 0.000179 0.000373
vt 0.000202 0.000374
vt 0.000202 0.000374
vt 0.000188 0.000373
vt 0.000188 0.000235
vt 0.000179 0.000236
vt 0.000202 0.000234
vt 0.000202 0.000234
vt 0.000188 0.000235
vt 0.000186 0.000218
vt 0.000177 0.000221
vt 0.000199 0.000214
vt 0.000199 0.000214
vt 0.000186 0.000218
vt 0.000180 0.000206
vt 0.000173 0.000213
vt 0.000190 0.000196
vt 0.000190 0.000196
vt 0.000180 0.000206
vt 0.000162 0.000197
vt 0.000160 0.000206
vt 0.000166 0.000184
vt 0.000166 0.000184
vt 0.000162 0.000197
vt 0.000117 0.000197
vt 0.000117 0.000206
vt 0.000117 0.000184
vt 0.000117 0.000184
vt 0.000117 0.000197
vt 0.000072 0.000271
vt 0.000111 0.000270
vt 0.000117 0.000296
vt 0.000082 0.000313
vt 0.000133 0.000315
vt 0.000111 0.000347
vt 0.000156 0.000325
vt 0.000152 0.000365
vt 0.000180 0.000321
vt 0.000196 0.000356
vt 0.000200 0.000306
vt 0.000229 0.000329
vt 0.000211 0.000283
vt 0.000247 0.000291
vt 0.000211 0.000258
vt 0.000247 0.000250
vt 0.000200 0.000235
vt 0.000230 0.000212
vt 0.000181 0.000220
vt 0.000196 0.000185
vt 0.000157 0.000215
vt 0.000152 0.000176
vt 0.000133 0.000225
vt 0.000110 0.000193
vt 0.000117 0.000245
vt 0.000082 0.000228
vt 0.000122 0.000270
vt 0.000126 0.000291
vt 0.000139 0.000307
vt 0.000157 0.000315
vt 0.000176 0.000312
vt 0.000192 0.000299
vt 0.000201 0.000281
vt 0.000201 0.000260
vt 0.000192 0.000242
vt 0.000177 0.000229
vt 0.000158 0.000226
vt 0.000139 0.000233
vt 0.000126 0.000250
vt 0.000136 0.000270
vt 0.000139 0.000285
vt 0.000147 0.000297
vt 0.000158 0.000302
vt 0.000171 0.000300
vt 0.000181 0.000292
vt 0.000187 0.000278
vt 0.000188 0.000263
vt 0.000182 0.000249
vt 0.000172 0.000241
vt 0.000159 0.000239
vt 0.000148 0.000244
vt 0.000139 0.000255
vt 0.000143 0.000270
vt 0.000145 0.000283
vt 0.000151 0.000292
vt 0.000159 0.000297
vt 0.000168 0.000295
vt 0.000176 0.000288
vt 0.000180 0.000276
vt 0.000181 0.000264
vt 0.000176 0.000253
vt 0.000169 0.000246
vt 0.000160 0.000244
vt 0.000152 0.000249
vt 0.000145 0.000258
vt 0.000074 0.000271
vt 0.000112 0.000271
vt 0.000118 0.000297
vt 0.000083 0.000314
vt 0.000134 0.000316
vt 0.000111 0.000348
vt 0.000157 0.000326
vt 0.000153 0.000366
vt 0.000181 0.000322
vt 0.000197 0.000357
vt 0.000201 0.000307
vt 0.000230 0.000331
vt 0.000211 0.000284
vt 0.000248 0.000292
vt 0.000211 0.000259
vt 0.000248 0.000250
vt 0.000201 0.000236
vt 0.000230 0.000212
vt 0.000181 0.000221
vt 0.000196 0.000185
vt 0.000157 0.000216
vt 0.000153 0.000177
vt 0.000134 0.000226
vt 0.000111 0.000195
vt 0.000118 0.000246
vt 0.000083 0.000229
vt 0.000123 0.000271
vt 0.000127 0.000292
vt 0.000140 0.000308
vt 0.000158 0.000316
vt 0.000177 0.000313
vt 0.000193 0.000301
vt 0.000201 0.000282
vt 0.000201 0.000261
vt 0.000193 0.000242
vt 0.000177 0.000230
vt 0.000158 0.000227
vt 0.000140 0.000234
vt 0.000128 0.000251
vt 0.000137 0.000271
vt 0.000139 0.000287
vt 0.000148 0.000298
vt 0.000159 0.000303
vt 0.000172 0.000301
vt 0.000182 0.000293
vt 0.000188 0.000279
vt 0.000188 0.000264
vt 0.000183 0.000250
vt 0.000173 0.000241
vt 0.000160 0.000239
vt 0.000148 0.000244
vt 0.000140 0.000256
vt 0.000144 0.000272
vt 0.000146 0.000284
vt 0.000152 0.000293
vt 0.000160 0.000298
vt 0.000169 0.000296
vt 0.000177 0.000289
vt 0.000181 0.000278
vt 0.000181 0.000265
vt 0.000177 0.000254
vt 0.000170 0.000246
vt 0.000161 0.000245
vt 0.000153 0.000249
vt 0.000147 0.000259
vt 0.000249 0.000271
vt 0.000239 0.000314
vt 0.000205 0.000296
vt 0.000210 0.000271
vt 0.000211 0.000347
vt 0.000189 0.000316
vt 0.000169 0.000365
vt 0.000166 0.000325
vt 0.000126 0.000356
vt 0.000141 0.000321
vt 0.000093 0.000329
vt 0.000122 0.000306
vt 0.000075 0.000292
vt 0.000111 0.000283
vt 0.000074 0.000250
vt 0.000111 0.000258
vt 0.000092 0.000212
vt 0.000121 0.000235
vt 0.000126 0.000185
vt 0.000141 0.000220
vt 0.000169 0.000176
vt 0.000165 0.000216
vt 0.000212 0.000194
vt 0.000188 0.000225
vt 0.000240 0.000228
vt 0.000205 0.000245
vt 0.000195 0.000291
vt 0.000200 0.000271
vt 0.000183 0.000307
vt 0.000165 0.000315
vt 0.000145 0.000312
vt 0.000130 0.000300
vt 0.000121 0.000281
vt 0.000121 0.000260
vt 0.000129 0.000242
vt 0.000145 0.000229
vt 0.000164 0.000226
vt 0.000182 0.000234
vt 0.000195 0.000250
vt 0.000183 0.000285
vt 0.000186 0.000270
vt 0.000175 0.000297
vt 0.000163 0.000302
vt 0.000151 0.000301
vt 0.000141 0.000292
vt 0.000135 0.000278
vt 0.000134 0.000263
vt 0.000140 0.000249
vt 0.000150 0.000241
vt 0.000162 0.000239
vt 0.000174 0.000244
vt 0.000183 0.000255
vt 0.000177 0.000283
vt 0.000179 0.000270
vt 0.000171 0.000292
vt 0.000163 0.000297
vt 0.000154 0.000295
vt 0.000146 0.000288
vt 0.000141 0.000277
vt 0.000141 0.000264
vt 0.000145 0.000253
vt 0.000153 0.000246
vt 0.000162 0.000244
vt 0.000170 0.000249
vt 0.000176 0.000258
vt 0.000248 0.000269
vt 0.000238 0.000312
vt 0.000204 0.000295
vt 0.000209 0.000269
vt 0.000210 0.000346
vt 0.000188 0.000314
vt 0.000169 0.000364
vt 0.000165 0.000324
vt 0.000125 0.000355
vt 0.000140 0.000320
vt 0.000091 0.000329
vt 0.000121 0.000305
vt 0.000073 0.000290
vt 0.000110 0.000282
vt 0.000073 0.000248
vt 0.000110 0.000256
vt 0.000092 0.000210
vt 0.000121 0.000234
vt 0.000125 0.000183
vt 0.000140 0.000218
vt 0.000169 0.000175
vt 0.000164 0.000214
vt 0.000210 0.000193
vt 0.000187 0.000224
vt 0.000238 0.000227
vt 0.000203 0.000244
vt 0.000194 0.000290
vt 0.000199 0.000269
vt 0.000182 0.000306
vt 0.000164 0.000314
vt 0.000144 0.000311
vt 0.000129 0.000299
vt 0.000120 0.000280
vt 0.000120 0.000259
vt 0.000129 0.000240
vt 0.000144 0.000228
vt 0.000163 0.000225
vt 0.000181 0.000232
vt 0.000194 0.000249
vt 0.000182 0.000285
vt 0.000185 0.000269
vt 0.000174 0.000296
vt 0.000162 0.000301
vt 0.000150 0.000300
vt 0.000140 0.000291
vt 0.000134 0.000277
vt 0.000133 0.000262
vt 0.000139 0.000248
vt 0.000149 0.000239
vt 0.000161 0.000237
vt 0.000173 0.000242
vt 0.000181 0.000254
vt 0.000176 0.000282
vt 0.000177 0.000270
vt 0.000170 0.000291
vt 0.000161 0.000296
vt 0.000152 0.000294
vt 0.000145 0.000287
vt 0.000141 0.000276
vt 0.000140 0.000263
vt 0.000145 0.000252
vt 0.000152 0.000244
vt 0.000161 0.000243
vt 0.000169 0.000247
vt 0.000175 0.000257
vt 0.705567 0.502674
vt 0.679782 0.502376
vt 0.680084 0.493160
vt 0.704807 0.491817
vt 0.705459 0.555844
vt 0.679924 0.555844
vt 0.679865 0.516905
vt 0.705893 0.517142
vt 0.686712 0.479756
vt 0.697105 0.478542
vt 0.702014 0.482481
vt 0.681390 0.485360
vt 0.705567 0.609014
vt 0.704807 0.619871
vt 0.680084 0.618527
vt 0.679782 0.609312
vt 0.705893 0.594546
vt 0.679865 0.594782
vt 0.702014 0.629207
vt 0.697105 0.633146
vt 0.686712 0.631932
vt 0.681390 0.626328
vt 0.000186 0.000116
vt 0.000178 0.000089
vt 0.000184 0.000085
vt 0.000192 0.000115
vt 0.000176 0.000117
vt 0.000168 0.000092
vt 0.000176 0.000117
vt 0.000168 0.000091
vt 0.000186 0.000115
vt 0.000177 0.000087
vt 0.000188 0.000154
vt 0.000194 0.000154
vt 0.000178 0.000154
vt 0.000178 0.000154
vt 0.000188 0.000154
vt 0.000188 0.000255
vt 0.000195 0.000255
vt 0.000178 0.000255
vt 0.000178 0.000255
vt 0.000188 0.000255
vt 0.000188 0.000357
vt 0.000194 0.000357
vt 0.000178 0.000357
vt 0.000178 0.000357
vt 0.000188 0.000357
vt 0.000186 0.000395
vt 0.000192 0.000396
vt 0.000176 0.000394
vt 0.000176 0.000394
vt 0.000186 0.000396
vt 0.000178 0.000422
vt 0.000184 0.000426
vt 0.000168 0.000419
vt 0.000168 0.000420
vt 0.000177 0.000424
vt 0.000168 0.000442
vt 0.000172 0.000449
vt 0.000159 0.000439
vt 0.000156 0.000444
vt 0.000165 0.000450
vt 0.000165 0.000448
vt 0.000166 0.000459
vt 0.000154 0.000446
vt 0.000149 0.000455
vt 0.000157 0.000464
vt 0.000162 0.000446
vt 0.000162 0.000456
vt 0.000151 0.000443
vt 0.000145 0.000452
vt 0.000152 0.000460
vt 0.000164 0.000436
vt 0.000165 0.000442
vt 0.000154 0.000433
vt 0.000149 0.000437
vt 0.000156 0.000442
vt 0.000171 0.000420
vt 0.000173 0.000422
vt 0.000160 0.000416
vt 0.000156 0.000417
vt 0.000164 0.000421
vt 0.000176 0.000396
vt 0.000179 0.000397
vt 0.000166 0.000395
vt 0.000162 0.000395
vt 0.000170 0.000396
vt 0.000176 0.000358
vt 0.000179 0.000358
vt 0.000166 0.000358
vt 0.000162 0.000358
vt 0.000170 0.000358
vt 0.000176 0.000255
vt 0.000179 0.000255
vt 0.000166 0.000255
vt 0.000162 0.000255
vt 0.000170 0.000255
vt 0.000176 0.000153
vt 0.000179 0.000153
vt 0.000166 0.000153
vt 0.000162 0.000153
vt 0.000170 0.000153
vt 0.000176 0.000115
vt 0.000179 0.000114
vt 0.000166 0.000116
vt 0.000162 0.000116
vt 0.000170 0.000115
vt 0.000171 0.000091
vt 0.000173 0.000089
vt 0.000160 0.000095
vt 0.000156 0.000094
vt 0.000164 0.000090
vt 0.000164 0.000075
vt 0.000165 0.000069
vt 0.000154 0.000078
vt 0.000149 0.000074
vt 0.000156 0.000069
vt 0.000162 0.000065
vt 0.000162 0.000055
vt 0.000151 0.000068
vt 0.000145 0.000059
vt 0.000152 0.000051
vt 0.000165 0.000063
vt 0.000166 0.000052
vt 0.000154 0.000065
vt 0.000149 0.000056
vt 0.000157 0.000047
vt 0.000168 0.000069
vt 0.000172 0.000062
vt 0.000159 0.000072
vt 0.000156 0.000067
vt 0.000165 0.000061
vn 0.082919 -0.411198 -0.907767
vn -0.259938 -0.380077 -0.887679
vn -0.150678 0.182808 -0.971534
vn 0.238810 0.180791 -0.954088
vn 0.164449 0.881754 -0.442116
vn 0.245090 0.956788 -0.156486
vn 0.285878 0.945931 -0.153262
vn 0.306044 0.848549 -0.431627
vn -0.009302 0.606132 -0.795310
vn 0.302944 0.577863 -0.757826
vn 0.921633 0.180957 -0.343289
vn 0.982473 0.168067 -0.080630
vn 0.825557 -0.558745 -0.079125
vn 0.770858 -0.536453 -0.343506
vn -0.599783 0.218252 -0.769823
vn -0.637911 -0.366378 -0.677375
vn -0.150672 0.978386 -0.141629
vn -0.216918 0.975706 -0.030724
vn 0.135041 0.990821 -0.006109
vn 0.150756 0.987831 -0.038246
vn 0.459204 0.841435 -0.284812
vn 0.340133 0.936652 -0.083624
vn -0.898928 0.224729 -0.376065
vn -0.975813 0.199215 -0.090017
vn -0.718415 0.691720 -0.073506
vn -0.626328 0.718047 -0.303517
vn 0.656306 0.188665 -0.730526
vn 0.599393 0.579469 -0.552217
vn 0.503334 -0.477318 -0.720294
vn -0.876298 -0.371689 -0.306513
vn -0.919881 -0.386302 -0.067746
vn -0.006480 0.947065 -0.320975
vn 0.191159 0.976859 -0.095937
vn 0.559780 0.820455 -0.116186
vn 0.375180 0.926275 -0.035412
vn 0.598148 0.800982 -0.025425
vn 0.382579 0.923908 -0.005280
vn -0.364203 0.687910 -0.627803
vn 0.791281 0.561400 -0.242290
vn 0.843773 0.533808 -0.055642
vn 0.082860 -0.411805 0.907497
vn 0.238812 0.180796 0.954087
vn -0.150674 0.182820 0.971532
vn -0.259750 -0.380327 0.887627
vn -0.919891 -0.386282 0.067722
vn -0.975812 0.199214 0.090020
vn 0.164450 0.881748 0.442128
vn 0.306043 0.848546 0.431633
vn 0.285884 0.945927 0.153277
vn 0.245093 0.956787 0.156489
vn 0.129504 0.991557 0.006596
vn -0.216909 0.975708 0.030729
vn -0.009297 0.606133 0.795309
vn 0.302941 0.577866 0.757824
vn -0.718420 0.691715 0.073508
vn 0.921632 0.180960 0.343289
vn 0.770557 -0.536781 0.343669
vn 0.825477 -0.558839 0.079289
vn 0.982471 0.168076 0.080626
vn -0.599787 0.218248 0.769821
vn -0.637854 -0.366370 0.677433
vn -0.150673 0.978385 0.141632
vn 0.150381 0.987869 0.038743
vn 0.459206 0.841434 0.284815
vn 0.340346 0.936522 0.084203
vn -0.898924 0.224735 0.376073
vn -0.626320 0.718050 0.303524
vn 0.656304 0.188670 0.730526
vn 0.599389 0.579468 0.552223
vn 0.502948 -0.477920 0.720164
vn -0.876313 -0.371642 0.306526
vn -0.006489 0.947063 0.320983
vn 0.191153 0.976860 0.095944
vn 0.559781 0.820455 0.116186
vn 0.375179 0.926276 0.035412
vn 0.598150 0.800981 0.025429
vn 0.383658 0.923461 0.005149
vn -0.364200 0.687906 0.627809
vn 0.791278 0.561406 0.242287
vn 0.843768 0.533816 0.055638
vn 0.069568 -0.987821 0.139174
vn -0.022619 -0.951640 0.306382
vn -0.163475 -0.909675 0.381795
vn -0.282644 -0.880616 0.380301
vn -0.414961 -0.863903 0.285447
vn -0.484858 -0.866837 0.116216
vn -0.489949 -0.871390 0.025093
vn -0.491794 -0.870359 -0.024797
vn -0.484911 -0.866799 -0.116276
vn -0.415646 -0.863214 -0.286532
vn -0.283103 -0.880676 -0.379819
vn -0.164020 -0.909832 -0.381186
vn -0.022956 -0.951907 -0.305526
vn 0.069804 -0.987754 -0.139536
vn 0.070015 -0.997124 -0.029031
vn 0.059639 -0.997815 0.028446
vn 0.185072 0.953410 0.238238
vn -0.516462 0.821733 0.240877
vn -0.582303 0.071220 0.809846
vn -0.172705 0.023238 0.984699
vn 0.272926 0.544594 -0.793050
vn -0.538016 0.544790 -0.643228
vn 0.042871 -0.575594 -0.816611
vn -0.638271 -0.413615 -0.649256
vn -0.274231 -0.937929 0.212336
vn -0.676469 -0.696090 0.240516
vn 0.102015 0.981531 0.161836
vn -0.594857 0.067627 0.800982
vn 0.614032 0.495199 -0.614608
vn 0.425100 -0.623400 -0.656249
vn -0.346295 -0.932942 0.098485
vn 0.012299 0.995775 0.091004
vn -0.917077 0.113925 0.382087
vn 0.827492 0.489854 -0.274408
vn 0.663433 -0.679490 -0.313288
vn -0.388946 -0.919951 0.049109
vn -0.043819 0.998734 0.024714
vn -0.987506 0.132928 0.084633
vn 0.858445 0.509490 -0.059090
vn 0.702681 -0.707874 -0.071789
vn -0.425076 -0.905042 0.014493
vn -0.043750 0.998726 -0.025149
vn -0.987505 0.132688 -0.085015
vn 0.858519 0.509382 0.058958
vn 0.702868 -0.707720 0.071484
vn -0.425308 -0.904926 -0.014876
vn 0.012484 0.995699 -0.091802
vn -0.916975 0.112821 -0.382661
vn 0.827718 0.489489 0.274379
vn 0.664060 -0.678971 0.313086
vn -0.389728 -0.919541 -0.050568
vn 0.102597 0.981426 -0.162104
vn -0.595209 0.065442 -0.800902
vn 0.614126 0.494647 0.614958
vn 0.425846 -0.622412 0.656703
vn -0.346806 -0.932502 -0.100824
vn 0.184581 0.953804 -0.237042
vn -0.174317 0.021127 -0.984463
vn 0.272351 0.544419 0.793368
vn 0.042778 -0.574459 0.817415
vn -0.275367 -0.937217 -0.214003
vn -0.516937 0.821738 -0.239840
vn -0.582829 0.069734 -0.809597
vn -0.537876 0.544967 0.643196
vn -0.638696 -0.412776 0.649372
vn -0.676456 -0.695625 -0.241894
vn -0.082920 -0.411204 -0.907764
vn -0.238813 0.180794 -0.954087
vn 0.150678 0.182808 -0.971533
vn 0.259939 -0.380071 -0.887681
vn -0.164449 0.881756 -0.442112
vn -0.306047 0.848550 -0.431622
vn -0.285892 0.945925 -0.153270
vn -0.245100 0.956785 -0.156490
vn 0.009306 0.606132 -0.795309
vn -0.302950 0.577874 -0.757815
vn -0.921630 0.180968 -0.343292
vn -0.770852 -0.536461 -0.343505
vn -0.825559 -0.558739 -0.079135
vn -0.982472 0.168073 -0.080631
vn 0.599784 0.218247 -0.769823
vn 0.637910 -0.366380 -0.677375
vn 0.150661 0.978386 -0.141640
vn -0.150770 0.987828 -0.038275
vn -0.135038 0.990822 -0.006119
vn 0.216934 0.975703 -0.030724
vn -0.459208 0.841436 -0.284803
vn -0.340139 0.936650 -0.083625
vn 0.898931 0.224715 -0.376067
vn 0.626329 0.718042 -0.303527
vn 0.718422 0.691713 -0.073505
vn 0.975812 0.199218 -0.090022
vn -0.656308 0.188676 -0.730522
vn -0.599391 0.579474 -0.552214
vn -0.503338 -0.477317 -0.720292
vn 0.876287 -0.371706 -0.306523
vn 0.919876 -0.386314 -0.067743
vn 0.006478 0.947065 -0.320977
vn -0.191145 0.976862 -0.095940
vn -0.559781 0.820455 -0.116185
vn -0.375153 0.926287 -0.035403
vn -0.598145 0.800985 -0.025427
vn -0.382589 0.923904 -0.005277
vn 0.364193 0.687908 -0.627810
vn -0.791274 0.561411 -0.242289
vn -0.843763 0.533823 -0.055644
vn -0.082854 -0.411815 0.907493
vn 0.259743 -0.380330 0.887628
vn 0.150671 0.182817 0.971533
vn -0.238811 0.180797 0.954087
vn 0.919891 -0.386283 0.067720
vn 0.975812 0.199218 0.090018
vn -0.164434 0.881750 0.442129
vn -0.245086 0.956792 0.156469
vn -0.285877 0.945933 0.153247
vn -0.306041 0.848544 0.431640
vn -0.129531 0.991553 0.006599
vn 0.216931 0.975704 0.030712
vn 0.009304 0.606122 0.795317
vn -0.302937 0.577855 0.757834
vn 0.718417 0.691719 0.073496
vn -0.921631 0.180959 0.343292
vn -0.982472 0.168070 0.080631
vn -0.825472 -0.558846 0.079294
vn -0.770554 -0.536787 0.343668
vn 0.599778 0.218258 0.769825
vn 0.637848 -0.366371 0.677438
vn 0.150657 0.978388 0.141630
vn -0.150397 0.987866 0.038759
vn -0.459210 0.841439 0.284793
vn -0.340353 0.936521 0.084187
vn 0.898927 0.224730 0.376068
vn 0.626321 0.718052 0.303517
vn -0.656301 0.188659 0.730531
vn -0.599387 0.579460 0.552233
vn -0.502951 -0.477921 0.720161
vn 0.876308 -0.371665 0.306513
vn 0.006462 0.947062 0.320985
vn -0.191132 0.976862 0.095968
vn -0.559777 0.820461 0.116165
vn -0.375202 0.926266 0.035419
vn -0.598136 0.800992 0.025427
vn -0.383668 0.923457 0.005153
vn 0.364177 0.687918 0.627809
vn -0.791276 0.561409 0.242285
vn -0.843763 0.533825 0.055640
vn -0.069563 -0.987822 0.139175
vn -0.059635 -0.997815 0.028449
vn -0.070026 -0.997122 -0.029048
vn -0.069794 -0.987754 -0.139537
vn 0.022950 -0.951912 -0.305511
vn 0.164022 -0.909840 -0.381166
vn 0.283108 -0.880676 -0.379816
vn 0.415652 -0.863208 -0.286540
vn 0.484894 -0.866809 -0.116278
vn 0.491783 -0.870365 -0.024795
vn 0.489950 -0.871389 0.025096
vn 0.484856 -0.866838 0.116213
vn 0.414949 -0.863911 0.285439
vn 0.282640 -0.880615 0.380307
vn 0.163484 -0.909675 0.381791
vn 0.022626 -0.951638 0.306388
vn -0.185076 0.953411 0.238231
vn 0.172704 0.023249 0.984699
vn 0.582297 0.071227 0.809850
vn 0.516470 0.821730 0.240870
vn -0.272928 0.544596 -0.793048
vn 0.538016 0.544799 -0.643221
vn -0.042873 -0.575586 -0.816617
vn 0.638272 -0.413610 -0.649259
vn 0.274232 -0.937931 0.212326
vn 0.676471 -0.696089 0.240514
vn -0.102011 0.981530 0.161840
vn 0.594860 0.067608 0.800981
vn -0.614033 0.495205 -0.614602
vn -0.425106 -0.623397 -0.656248
vn 0.346281 -0.932947 0.098482
vn -0.012290 0.995776 0.090994
vn 0.917080 0.113914 0.382083
vn -0.827489 0.489857 -0.274414
vn -0.663436 -0.679487 -0.313290
vn 0.388939 -0.919954 0.049111
vn 0.043825 0.998733 0.024716
vn 0.987506 0.132929 0.084627
vn -0.858443 0.509493 -0.059090
vn -0.702681 -0.707874 -0.071794
vn 0.425077 -0.905041 0.014487
vn 0.043758 0.998726 -0.025152
vn 0.987505 0.132689 -0.085014
vn -0.858516 0.509386 0.058957
vn -0.702864 -0.707724 0.071484
vn 0.425310 -0.904926 -0.014875
vn -0.012474 0.995699 -0.091799
vn 0.916977 0.112825 -0.382653
vn -0.827712 0.489497 0.274381
vn -0.664063 -0.678970 0.313082
vn 0.389724 -0.919542 -0.050570
vn -0.102582 0.981427 -0.162103
vn 0.595216 0.065432 -0.800898
vn -0.614119 0.494655 0.614958
vn -0.425845 -0.622416 0.656699
vn 0.346808 -0.932500 -0.100837
vn -0.184584 0.953801 -0.237048
vn 0.174295 0.021162 -0.984466
vn -0.272348 0.544428 0.793363
vn -0.042777 -0.574444 0.817426
vn 0.275373 -0.937215 -0.214005
vn 0.516931 0.821746 -0.239823
vn 0.582829 0.069734 -0.809597
vn 0.537876 0.544951 0.643208
vn 0.638697 -0.412778 0.649369
vn 0.676453 -0.695628 -0.241893
vn -0.684283 -0.729216 -0.001244
vn 0.174488 -0.984659 -0.000455
vn 0.180332 -0.870523 0.457898
vn -0.684316 -0.640223 0.349037
vn 0.197545 -0.556011 0.807359
vn -0.678911 -0.401462 0.614742
vn 0.234793 -0.118629 0.964779
vn -0.662847 -0.072768 0.745211
vn 0.292648 0.333532 0.896166
vn -0.635293 0.283114 0.718505
vn 0.355415 0.694242 0.625866
vn -0.604158 0.597636 0.527091
vn 0.397719 0.889805 0.223756
vn -0.583654 0.788016 0.195903
vn 0.400048 0.889131 -0.222279
vn -0.584833 0.787792 -0.193269
vn 0.360332 0.693142 -0.624272
vn -0.606855 0.596050 -0.525787
vn 0.295758 0.332601 -0.895491
vn -0.637334 0.280323 -0.717792
vn 0.233421 -0.119746 -0.964974
vn -0.662529 -0.075202 -0.745252
vn 0.193005 -0.556960 -0.807802
vn -0.676705 -0.403124 -0.616085
vn 0.176478 -0.870934 -0.458618
vn -0.682305 -0.641150 -0.351266
vn 0.809061 -0.587724 0.000670
vn 0.809775 -0.521830 0.268250
vn 0.814477 -0.337931 0.471624
vn 0.826111 -0.081116 0.557638
vn 0.843916 0.178148 0.506033
vn 0.861710 0.373826 0.343088
vn 0.872289 0.474119 0.119679
vn 0.871926 0.474454 -0.120992
vn 0.860939 0.374543 -0.344242
vn 0.843459 0.179194 -0.506425
vn 0.826416 -0.079664 -0.557396
vn 0.815286 -0.336771 -0.471057
vn 0.810432 -0.521351 -0.267197
vn 0.946114 0.323834 0.000158
vn 0.945528 0.289405 -0.149071
vn 0.943602 0.191486 -0.270091
vn 0.939494 0.046277 -0.339426
vn 0.932787 -0.122990 -0.338794
vn 0.924711 -0.282122 -0.255570
vn 0.918741 -0.382944 -0.096274
vn 0.918586 -0.383388 0.095984
vn 0.924415 -0.282719 0.255983
vn 0.932626 -0.122900 0.339272
vn 0.939566 0.046593 0.339184
vn 0.943810 0.191255 0.269527
vn 0.945695 0.288894 0.149001
vn 0.718887 0.695127 0.000498
vn 0.716271 0.616434 -0.327055
vn 0.705550 0.395590 -0.587970
vn 0.683330 0.073605 -0.726390
vn 0.649701 -0.286236 -0.704243
vn 0.612869 -0.601336 -0.512628
vn 0.588290 -0.786447 -0.188192
vn 0.588867 -0.786282 0.187075
vn 0.614145 -0.600554 0.512017
vn 0.650617 -0.285003 0.703896
vn 0.683194 0.074623 0.726414
vn 0.704634 0.396300 0.588590
vn 0.715451 0.616876 0.328016
vn -0.625397 -0.780307 -0.000520
vn 0.316065 -0.948738 -0.000217
vn 0.307243 -0.841713 0.443984
vn -0.630435 -0.687755 0.359924
vn 0.282766 -0.542662 0.790924
vn -0.642214 -0.437230 0.629596
vn 0.253595 -0.114728 0.960483
vn -0.654836 -0.095927 0.749659
vn 0.232614 0.345308 0.909205
vn -0.662470 0.258215 0.703178
vn 0.225567 0.728809 0.646496
vn -0.663863 0.554097 0.502257
vn 0.227225 0.945375 0.233739
vn -0.662863 0.725913 0.183475
vn 0.228776 0.945179 -0.233022
vn -0.663687 0.725602 -0.181718
vn 0.228776 0.728247 -0.646002
vn -0.665530 0.553075 -0.501176
vn 0.234672 0.344589 -0.908949
vn -0.663478 0.256717 -0.702775
vn 0.253124 -0.115261 -0.960543
vn -0.654492 -0.097288 -0.749783
vn 0.280721 -0.543035 -0.791397
vn -0.641114 -0.438039 -0.630154
vn 0.305589 -0.842029 -0.444526
vn -0.629580 -0.688060 -0.360836
vn 0.850624 -0.525774 0.000267
vn 0.847808 -0.468122 0.249165
vn 0.840795 -0.303616 0.448198
vn 0.832670 -0.061746 0.550316
vn 0.827062 0.203468 0.523994
vn 0.825322 0.424823 0.371981
vn 0.825537 0.548321 0.133541
vn 0.825282 0.548490 -0.134423
vn 0.824791 0.425387 -0.372513
vn 0.826706 0.204317 -0.524225
vn 0.832734 -0.061065 -0.550296
vn 0.841129 -0.303239 -0.447826
vn 0.848085 -0.467908 -0.248624
vn 0.929997 0.367569 0.000078
vn 0.931097 0.322540 -0.170372
vn 0.933952 0.201572 -0.295131
vn 0.937181 0.039825 -0.346564
vn 0.939492 -0.123619 -0.319489
vn 0.940460 -0.255570 -0.224096
vn 0.940572 -0.329865 -0.080707
vn 0.940503 -0.330097 0.080567
vn 0.940318 -0.255875 0.224344
vn 0.939396 -0.123558 0.319794
vn 0.937205 0.039994 0.346479
vn 0.934062 0.201439 0.294875
vn 0.931195 0.322269 0.170350
vn 0.641138 0.767426 0.000236
vn 0.646456 0.677840 -0.350181
vn 0.659396 0.433067 -0.614533
vn 0.673985 0.095507 -0.732546
vn 0.684734 -0.254980 -0.682733
vn 0.689886 -0.541053 -0.480957
vn 0.691410 -0.701377 -0.173268
vn 0.691725 -0.701231 0.172601
vn 0.690542 -0.540632 0.480488
vn 0.685138 -0.254395 0.682546
vn 0.673833 0.096079 0.732611
vn 0.658881 0.433471 0.614800
vn 0.646042 0.678020 0.350599
vn 0.684276 -0.729222 -0.001243
vn 0.684316 -0.640223 0.349036
vn -0.180333 -0.870523 0.457897
vn -0.174485 -0.984660 -0.000455
vn 0.678912 -0.401460 0.614743
vn -0.197543 -0.556012 0.807358
vn 0.662840 -0.072769 0.745217
vn -0.234791 -0.118628 0.964780
vn 0.635294 0.283116 0.718503
vn -0.292648 0.333533 0.896165
vn 0.604159 0.597637 0.527088
vn -0.355417 0.694244 0.625863
vn 0.583654 0.788017 0.195903
vn -0.397719 0.889805 0.223755
vn 0.584832 0.787794 -0.193268
vn -0.400048 0.889131 -0.222278
vn 0.606855 0.596050 -0.525787
vn -0.360334 0.693141 -0.624271
vn 0.637336 0.280323 -0.717789
vn -0.295758 0.332602 -0.895491
vn 0.662528 -0.075201 -0.745252
vn -0.233422 -0.119747 -0.964974
vn 0.676705 -0.403123 -0.616086
vn -0.193004 -0.556958 -0.807804
vn 0.682304 -0.641150 -0.351265
vn -0.176480 -0.870934 -0.458616
vn -0.809773 -0.521832 0.268253
vn -0.809058 -0.587729 0.000668
vn -0.814477 -0.337932 0.471624
vn -0.826110 -0.081118 0.557641
vn -0.843916 0.178147 0.506033
vn -0.861710 0.373827 0.343088
vn -0.872289 0.474119 0.119679
vn -0.871926 0.474454 -0.120992
vn -0.860939 0.374542 -0.344241
vn -0.843459 0.179194 -0.506425
vn -0.826415 -0.079665 -0.557397
vn -0.815284 -0.336771 -0.471059
vn -0.810431 -0.521353 -0.267195
vn -0.945528 0.289404 -0.149071
vn -0.946109 0.323847 0.000157
vn -0.943601 0.191487 -0.270093
vn -0.939493 0.046276 -0.339429
vn -0.932785 -0.122992 -0.338800
vn -0.924713 -0.282120 -0.255566
vn -0.918737 -0.382952 -0.096281
vn -0.918590 -0.383381 0.095980
vn -0.924416 -0.282716 0.255980
vn -0.932626 -0.122898 0.339270
vn -0.939566 0.046593 0.339182
vn -0.943808 0.191258 0.269530
vn -0.945694 0.288898 0.149004
vn -0.716266 0.616435 -0.327064
vn -0.718868 0.695147 0.000503
vn -0.705545 0.395594 -0.587973
vn -0.683324 0.073606 -0.726395
vn -0.649693 -0.286234 -0.704251
vn -0.612869 -0.601338 -0.512625
vn -0.588280 -0.786452 -0.188202
vn -0.588884 -0.786269 0.187076
vn -0.614155 -0.600546 0.512014
vn -0.650623 -0.284998 0.703894
vn -0.683190 0.074623 0.726418
vn -0.704622 0.396307 0.588598
vn -0.715437 0.616890 0.328020
vn 0.625397 -0.780307 -0.000521
vn 0.630435 -0.687755 0.359924
vn -0.307245 -0.841713 0.443983
vn -0.316061 -0.948739 -0.000219
vn 0.642214 -0.437229 0.629596
vn -0.282765 -0.542663 0.790924
vn 0.654835 -0.095927 0.749660
vn -0.253596 -0.114727 0.960483
vn 0.662471 0.258215 0.703177
vn -0.232615 0.345307 0.909205
vn 0.663861 0.554099 0.502258
vn -0.225569 0.728810 0.646494
vn 0.662861 0.725914 0.183477
vn -0.227223 0.945376 0.233740
vn 0.663684 0.725605 -0.181718
vn -0.228777 0.945179 -0.233020
vn 0.665532 0.553074 -0.501176
vn -0.228776 0.728247 -0.646001
vn 0.663477 0.256717 -0.702777
vn -0.234674 0.344588 -0.908948
vn 0.654492 -0.097288 -0.749783
vn -0.253124 -0.115260 -0.960543
vn 0.641115 -0.438039 -0.630153
vn -0.280721 -0.543035 -0.791396
vn 0.629580 -0.688060 -0.360836
vn -0.305586 -0.842029 -0.444527
vn -0.847809 -0.468121 0.249165
vn -0.850622 -0.525777 0.000266
vn -0.840795 -0.303617 0.448197
vn -0.832671 -0.061743 0.550316
vn -0.827061 0.203468 0.523995
vn -0.825323 0.424822 0.371980
vn -0.825536 0.548322 0.133541
vn -0.825281 0.548491 -0.134422
vn -0.824793 0.425385 -0.372510
vn -0.826706 0.204316 -0.524225
vn -0.832732 -0.061066 -0.550298
vn -0.841128 -0.303240 -0.447827
vn -0.848083 -0.467911 -0.248626
vn -0.931097 0.322541 -0.170372
vn -0.929996 0.367569 0.000079
vn -0.933950 0.201573 -0.295136
vn -0.937182 0.039825 -0.346559
vn -0.939493 -0.123617 -0.319488
vn -0.940462 -0.255567 -0.224092
vn -0.940574 -0.329860 -0.080709
vn -0.940504 -0.330094 0.080565
vn -0.940318 -0.255874 0.224347
vn -0.939396 -0.123557 0.319794
vn -0.937205 0.039994 0.346477
vn -0.934063 0.201438 0.294872
vn -0.931195 0.322270 0.170350
vn -0.646452 0.677844 -0.350181
vn -0.641136 0.767427 0.000235
vn -0.659391 0.433070 -0.614535
vn -0.673989 0.095501 -0.732542
vn -0.684732 -0.254979 -0.682735
vn -0.689891 -0.541050 -0.480953
vn -0.691418 -0.701369 -0.173269
vn -0.691730 -0.701227 0.172598
vn -0.690545 -0.540627 0.480490
vn -0.685138 -0.254393 0.682547
vn -0.673833 0.096079 0.732611
vn -0.658883 0.433469 0.614799
vn -0.646040 0.678021 0.350600
vn 0.272530 0.913393 0.302392
vn 0.252419 0.913757 0.318328
vn 0.433768 0.855661 0.282295
vn 0.444558 0.852685 0.274404
vn 0.000000 0.933480 0.358630
vn 0.000000 0.931998 0.362464
vn 0.079872 0.932318 0.352710
vn 0.099380 0.935198 0.339894
vn 0.498954 0.823659 0.269500
vn 0.476220 0.835917 0.272869
vn 0.506001 0.821941 0.261487
vn 0.500658 0.822125 0.271021
vn -0.272534 0.913392 0.302392
vn -0.444561 0.852684 0.274401
vn -0.433770 0.855661 0.282293
vn -0.252415 0.913757 0.318331
vn -0.099380 0.935197 0.339897
vn -0.079871 0.932317 0.352713
vn -0.505988 0.821947 0.261495
vn -0.476202 0.835924 0.272878
vn -0.498948 0.823662 0.269502
vn -0.500660 0.822125 0.271017
vn 0.081123 0.211580 0.973988
vn 0.061220 0.218150 0.973993
vn 0.476536 0.872742 0.105994
vn 0.289204 0.948478 0.129426
vn -0.250841 -0.833030 0.493092
vn -0.457210 -0.769100 0.446592
vn -0.214148 -0.676326 -0.704786
vn -0.296929 -0.631138 -0.716588
vn 0.134466 0.453203 -0.881207
vn 0.270555 0.378533 -0.885163
vn 0.031380 0.202257 0.978830
vn 0.114675 0.985161 0.127699
vn -0.098713 -0.871082 0.481116
vn -0.084315 -0.706916 -0.702254
vn 0.049558 0.449548 -0.891880
vn 0.000046 0.196618 0.980480
vn 0.000014 0.990795 0.135371
vn -0.000130 -0.873575 0.486689
vn 0.000104 -0.715782 -0.698324
vn -0.000124 0.449874 -0.893092
vn -0.031044 0.201566 0.978983
vn -0.114590 0.985261 0.127006
vn 0.098568 -0.870886 0.481499
vn 0.084604 -0.706937 -0.702198
vn -0.049735 0.449952 -0.891667
vn -0.081501 0.210255 0.974243
vn -0.289991 0.948407 0.128181
vn 0.249509 -0.832972 0.493865
vn 0.213275 -0.676583 -0.704805
vn -0.135716 0.453600 -0.880811
vn -0.061263 0.216266 0.974410
vn -0.477243 0.872511 0.104709
vn 0.456032 -0.769115 0.447769
vn 0.296153 -0.631517 -0.716575
vn -0.271502 0.378833 -0.884744
vn 0.194976 0.385318 0.901950
vn -0.585629 0.807144 0.074551
vn 0.689979 -0.661049 0.294864
vn 0.150986 -0.696556 -0.701437
vn -0.573413 0.152298 -0.804986
vn 0.463574 0.732189 0.498998
vn -0.675951 0.720716 0.153813
vn 0.867575 -0.497223 0.009059
vn -0.057542 -0.886937 -0.458292
vn -0.916046 -0.203721 -0.345483
vn 0.398476 0.905825 -0.143866
vn -0.656931 0.671544 0.342740
vn 0.841969 -0.366827 -0.395634
vn -0.003560 -0.997973 -0.063534
vn -0.838926 -0.406999 0.361325
vn 0.031220 0.822475 -0.567944
vn -0.559134 0.697332 0.448439
vn 0.611178 -0.364148 -0.702751
vn 0.236948 -0.952709 0.190268
vn -0.426724 -0.337549 0.839028
vn -0.180795 0.722665 -0.667135
vn -0.435731 0.782441 0.444887
vn 0.342437 -0.361971 -0.867015
vn 0.360478 -0.913448 0.188861
vn -0.126529 -0.190262 0.973546
vn -0.148400 0.740600 -0.655354
vn -0.230443 0.855323 0.464024
vn 0.141611 -0.388124 -0.910663
vn 0.226928 -0.959837 0.164973
vn -0.026997 -0.139148 0.989904
vn -0.064178 0.728393 -0.682147
vn -0.072738 0.880479 0.468472
vn 0.030806 -0.421173 -0.906457
vn 0.082615 -0.987643 0.133175
vn 0.015739 -0.168362 0.985600
vn -0.000098 0.732021 -0.681282
vn 0.000089 0.883789 0.467885
vn 0.000079 -0.416496 -0.909138
vn -0.000022 -0.990958 0.134174
vn -0.000018 -0.162770 0.986664
vn 0.063963 0.728400 -0.682160
vn 0.072753 0.880292 0.468821
vn -0.030798 -0.421548 -0.906283
vn -0.082767 -0.987722 0.132495
vn -0.015706 -0.167730 0.985708
vn 0.148732 0.740456 -0.655442
vn 0.230769 0.854891 0.464658
vn -0.141150 -0.388788 -0.910451
vn -0.226657 -0.960109 0.163760
vn 0.027972 -0.138125 0.990020
vn 0.182112 0.721790 -0.667723
vn 0.436775 0.781488 0.445538
vn -0.340785 -0.362906 -0.867274
vn -0.359607 -0.914119 0.187270
vn 0.128561 -0.189457 0.973436
vn -0.035306 0.823279 -0.566538
vn 0.556937 0.697310 0.451198
vn -0.614343 -0.363361 -0.700394
vn -0.239917 -0.951829 0.190951
vn 0.425232 -0.335667 0.840539
vn -0.399015 0.905447 -0.144753
vn 0.657380 0.670851 0.343235
vn -0.842107 -0.366673 -0.395484
vn 0.003280 -0.997927 -0.064277
vn 0.839396 -0.406143 0.361196
vn -0.464456 0.734909 0.494156
vn 0.675417 0.721614 0.151938
vn -0.868378 -0.495869 0.005768
vn 0.057002 -0.885434 -0.461256
vn 0.915469 -0.202904 -0.347487
vn -0.189956 0.383598 0.903753
vn 0.587534 0.805520 0.077087
vn -0.686875 -0.663742 0.296055
vn -0.148563 -0.698379 -0.700140
vn 0.575392 0.150044 -0.803997
s 1
f 1/1/1 2/2/2 3/3/3
f 3/3/3 4/4/4 1/1/1
f 5/5/5 6/6/6 7/7/7
f 7/7/7 8/8/8 5/5/5
f 9/9/9 5/5/5 8/8/8
f 8/8/8 10/10/10 9/9/9
f 3/3/3 9/9/9 10/10/10
f 10/10/10 4/4/4 3/3/3
f 11/11/11 12/12/12 13/13/13
f 13/13/13 14/14/14 11/11/11
f 15/15/15 3/3/3 2/2/2
f 2/2/2 16/16/16 15/15/15
f 17/17/17 18/18/18 19/19/19
f 19/19/19 20/20/20 17/17/17
f 21/21/21 8/8/8 7/7/7
f 7/7/7 22/22/22 21/21/21
f 23/23/23 24/24/24 25/25/25
f 25/25/25 26/26/26 23/23/23
f 26/26/26 25/25/25 18/18/18
f 18/18/18 17/17/17 26/26/26
f 27/27/27 4/4/4 10/10/10
f 10/10/10 28/28/28 27/27/27
f 28/28/28 10/10/10 8/8/8
f 8/8/8 21/21/21 28/28/28
f 27/27/27 11/11/11 14/14/14
f 14/14/14 29/29/29 27/27/27
f 4/4/4 27/27/27 29/29/29
f 29/29/29 1/1/1 4/4/4
f 23/23/23 15/15/15 16/16/16
f 16/16/16 30/30/30 23/23/23
f 24/24/24 23/23/23 30/30/30
f 30/30/30 31/31/31 24/24/24
f 32/32/32 17/17/17 20/20/20
f 20/20/20 33/33/33 32/32/32
f 5/5/5 32/32/32 33/33/33
f 33/33/33 6/6/6 5/5/5
f 34/34/34 21/21/21 22/22/22
f 22/22/22 35/35/35 34/34/34
f 36/36/36 34/34/34 35/35/35
f 35/35/35 37/37/37 36/36/36
f 15/15/15 23/23/23 26/26/26
f 26/26/26 38/38/38 15/15/15
f 3/3/3 15/15/15 38/38/38
f 38/38/38 9/9/9 3/3/3
f 38/38/38 26/26/26 17/17/17
f 17/17/17 32/32/32 38/38/38
f 9/9/9 38/38/38 32/32/32
f 32/32/32 5/5/5 9/9/9
f 11/11/11 27/27/27 28/28/28
f 28/28/28 39/39/39 11/11/11
f 12/12/12 11/11/11 39/39/39
f 39/39/39 40/40/40 12/12/12
f 39/39/39 28/28/28 21/21/21
f 21/21/21 34/34/34 39/39/39
f 40/40/40 39/39/39 34/34/34
f 34/34/34 36/36/36 40/40/40
f 41/41/41 42/42/42 43/43/43
f 43/43/43 44/44/44 41/41/41
f 45/45/45 46/46/46 24/24/24
f 24/24/24 31/31/31 45/45/45
f 47/47/47 48/48/48 49/49/49
f 49/49/49 50/50/50 47/47/47
f 51/51/51 19/19/19 18/18/18
f 18/18/18 52/52/52 51/51/51
f 53/53/53 54/54/54 48/48/48
f 48/48/48 47/47/47 53/53/53
f 43/43/43 42/42/42 54/54/54
f 54/54/54 53/53/53 43/43/43
f 52/52/52 18/18/18 25/25/25
f 25/25/25 55/55/55 52/52/52
f 55/55/55 25/25/25 24/24/24
f 24/24/24 46/46/46 55/55/55
f 56/56/56 57/57/57 58/58/58
f 58/58/58 59/59/59 56/56/56
f 60/60/60 61/61/61 44/44/44
f 44/44/44 43/43/43 60/60/60
f 62/62/62 63/63/63 51/51/51
f 51/51/51 52/52/52 62/62/62
f 64/64/64 65/65/65 49/49/49
f 49/49/49 48/48/48 64/64/64
f 66/66/66 67/67/67 55/55/55
f 55/55/55 46/46/46 66/66/66
f 67/67/67 62/62/62 52/52/52
f 52/52/52 55/55/55 67/67/67
f 68/68/68 69/69/69 54/54/54
f 54/54/54 42/42/42 68/68/68
f 69/69/69 64/64/64 48/48/48
f 48/48/48 54/54/54 69/69/69
f 68/68/68 70/70/70 57/57/57
f 57/57/57 56/56/56 68/68/68
f 42/42/42 41/41/41 70/70/70
f 70/70/70 68/68/68 42/42/42
f 66/66/66 71/71/71 61/61/61
f 61/61/61 60/60/60 66/66/66
f 46/46/46 45/45/45 71/71/71
f 71/71/71 66/66/66 46/46/46
f 72/72/72 73/73/73 63/63/63
f 63/63/63 62/62/62 72/72/72
f 47/47/47 50/50/50 73/73/73
f 73/73/73 72/72/72 47/47/47
f 74/74/74 75/75/75 65/65/65
f 65/65/65 64/64/64 74/74/74
f 76/76/76 77/77/77 75/75/75
f 75/75/75 74/74/74 76/76/76
f 60/60/60 78/78/78 67/67/67
f 67/67/67 66/66/66 60/60/60
f 43/43/43 53/53/53 78/78/78
f 78/78/78 60/60/60 43/43/43
f 78/78/78 72/72/72 62/62/62
f 62/62/62 67/67/67 78/78/78
f 53/53/53 47/47/47 72/72/72
f 72/72/72 78/78/78 53/53/53
f 56/56/56 79/79/79 69/69/69
f 69/69/69 68/68/68 56/56/56
f 59/59/59 80/80/80 79/79/79
f 79/79/79 56/56/56 59/59/59
f 79/79/79 74/74/74 64/64/64
f 64/64/64 69/69/69 79/79/79
f 80/80/80 76/76/76 74/74/74
f 74/74/74 79/79/79 80/80/80
f 81/81/81 82/82/82 83/83/83
f 83/83/83 84/84/84 85/85/85
f 81/81/81 83/83/83 85/85/85
f 85/85/85 86/86/86 87/87/87
f 88/88/88 89/89/89 90/90/90
f 90/90/90 91/91/91 92/92/92
f 92/92/92 93/93/93 94/94/94
f 90/90/90 92/92/92 94/94/94
f 90/90/90 94/94/94 95/95/95
f 88/88/88 90/90/90 95/95/95
f 87/87/87 88/88/88 95/95/95
f 85/85/85 87/87/87 95/95/95
f 81/81/81 85/85/85 95/95/95
f 81/81/81 95/95/95 96/96/96
f 63/63/63 73/73/73 50/50/50
f 50/50/50 49/49/49 65/65/65
f 63/63/63 50/50/50 65/65/65
f 65/65/65 75/75/75 77/77/77
f 37/37/37 35/35/35 22/22/22
f 22/22/22 7/7/7 6/6/6
f 6/6/6 33/33/33 20/20/20
f 22/22/22 6/6/6 20/20/20
f 22/22/22 20/20/20 19/19/19
f 37/37/37 22/22/22 19/19/19
f 77/77/77 37/37/37 19/19/19
f 65/65/65 77/77/77 19/19/19
f 63/63/63 65/65/65 19/19/19
f 63/63/63 19/19/19 51/51/51
f 12/12/12 59/59/59 58/58/58
f 58/58/58 13/13/13 12/12/12
f 36/36/36 37/37/37 77/77/77
f 77/77/77 76/76/76 36/36/36
f 40/40/40 36/36/36 76/76/76
f 76/76/76 80/80/80 40/40/40
f 12/12/12 40/40/40 80/80/80
f 80/80/80 59/59/59 12/12/12
f 91/91/91 2/2/2 1/1/1
f 1/1/1 92/92/92 91/91/91
f 2/2/2 91/91/91 90/90/90
f 90/90/90 16/16/16 2/2/2
f 13/13/13 95/95/95 94/94/94
f 94/94/94 14/14/14 13/13/13
f 30/30/30 89/89/89 88/88/88
f 88/88/88 31/31/31 30/30/30
f 16/16/16 90/90/90 89/89/89
f 89/89/89 30/30/30 16/16/16
f 29/29/29 93/93/93 92/92/92
f 92/92/92 1/1/1 29/29/29
f 14/14/14 94/94/94 93/93/93
f 93/93/93 29/29/29 14/14/14
f 87/87/87 45/45/45 31/31/31
f 31/31/31 88/88/88 87/87/87
f 83/83/83 41/41/41 44/44/44
f 44/44/44 84/84/84 83/83/83
f 57/57/57 81/81/81 96/96/96
f 96/96/96 58/58/58 57/57/57
f 61/61/61 85/85/85 84/84/84
f 84/84/84 44/44/44 61/61/61
f 70/70/70 82/82/82 81/81/81
f 81/81/81 57/57/57 70/70/70
f 41/41/41 83/83/83 82/82/82
f 82/82/82 70/70/70 41/41/41
f 71/71/71 86/86/86 85/85/85
f 85/85/85 61/61/61 71/71/71
f 45/45/45 87/87/87 86/86/86
f 86/86/86 71/71/71 45/45/45
f 95/95/95 13/13/13 58/58/58
f 58/58/58 96/96/96 95/95/95
f 97/97/97 98/98/98 99/99/99
f 99/99/99 100/100/100 97/97/97
f 101/101/101 102/102/102 98/98/98
f 98/98/98 97/97/97 101/101/101
f 103/103/103 104/104/104 102/102/102
f 102/102/102 101/101/101 103/103/103
f 105/105/105 106/106/106 104/104/104
f 104/104/104 103/103/103 105/105/105
f 100/100/100 99/99/99 106/106/106
f 106/106/106 105/105/105 100/100/100
f 107/107/107 97/97/97 100/100/100
f 100/100/100 108/108/108 107/107/107
f 109/109/109 101/101/101 97/97/97
f 97/97/97 107/107/107 109/109/109
f 110/110/110 103/103/103 101/101/101
f 101/101/101 109/109/109 110/110/110
f 111/111/111 105/105/105 103/103/103
f 103/103/103 110/110/110 111/111/111
f 108/108/108 100/100/100 105/105/105
f 105/105/105 111/111/111 108/108/108
f 112/112/112 107/107/107 108/108/108
f 108/108/108 113/113/113 112/112/112
f 114/114/114 109/109/109 107/107/107
f 107/107/107 112/112/112 114/114/114
f 115/115/115 110/110/110 109/109/109
f 109/109/109 114/114/114 115/115/115
f 116/116/116 111/111/111 110/110/110
f 110/110/110 115/115/115 116/116/116
f 113/113/113 108/108/108 111/111/111
f 111/111/111 116/116/116 113/113/113
f 117/117/117 112/112/112 113/113/113
f 113/113/113 118/118/118 117/117/117
f 119/119/119 114/114/114 112/112/112
f 112/112/112 117/117/117 119/119/119
f 120/120/120 115/115/115 114/114/114
f 114/114/114 119/119/119 120/120/120
f 121/121/121 116/116/116 115/115/115
f 115/115/115 120/120/120 121/121/121
f 118/118/118 113/113/113 116/116/116
f 116/116/116 121/121/121 118/118/118
f 122/122/122 117/117/117 118/118/118
f 118/118/118 123/123/123 122/122/122
f 124/124/124 119/119/119 117/117/117
f 117/117/117 122/122/122 124/124/124
f 125/125/125 120/120/120 119/119/119
f 119/119/119 124/124/124 125/125/125
f 126/126/126 121/121/121 120/120/120
f 120/120/120 125/125/125 126/126/126
f 123/123/123 118/118/118 121/121/121
f 121/121/121 126/126/126 123/123/123
f 127/127/127 122/122/122 123/123/123
f 123/123/123 128/128/128 127/127/127
f 129/129/129 124/124/124 122/122/122
f 122/122/122 127/127/127 129/129/129
f 130/130/130 125/125/125 124/124/124
f 124/124/124 129/129/129 130/130/130
f 131/131/131 126/126/126 125/125/125
f 125/125/125 130/130/130 131/131/131
f 128/128/128 123/123/123 126/126/126
f 126/126/126 131/131/131 128/128/128
f 132/132/132 127/127/127 128/128/128
f 128/128/128 133/133/133 132/132/132
f 134/134/134 129/129/129 127/127/127
f 127/127/127 132/132/132 134/134/134
f 135/135/135 130/130/130 129/129/129
f 129/129/129 134/134/134 135/135/135
f 136/136/136 131/131/131 130/130/130
f 130/130/130 135/135/135 136/136/136
f 133/133/133 128/128/128 131/131/131
f 131/131/131 136/136/136 133/133/133
f 137/137/137 132/132/132 133/133/133
f 133/133/133 138/138/138 137/137/137
f 139/139/139 134/134/134 132/132/132
f 132/132/132 137/137/137 139/139/139
f 140/140/140 135/135/135 134/134/134
f 134/134/134 139/139/139 140/140/140
f 141/141/141 136/136/136 135/135/135
f 135/135/135 140/140/140 141/141/141
f 138/138/138 133/133/133 136/136/136
f 136/136/136 141/141/141 138/138/138
f 142/142/142 137/137/137 138/138/138
f 138/138/138 143/143/143 142/142/142
f 144/144/144 139/139/139 137/137/137
f 137/137/137 142/142/142 144/144/144
f 145/145/145 140/140/140 139/139/139
f 139/139/139 144/144/144 145/145/145
f 146/146/146 141/141/141 140/140/140
f 140/140/140 145/145/145 146/146/146
f 143/143/143 138/138/138 141/141/141
f 141/141/141 146/146/146 143/143/143
f 99/99/99 98/98/98 102/102/102
f 99/99/99 102/102/102 104/104/104
f 99/99/99 104/104/104 106/106/106
f 143/143/143 146/146/146 145/145/145
f 143/143/143 145/145/145 144/144/144
f 143/143/143 144/144/144 142/142/142
f 147/147/147 148/148/148 149/149/149
f 149/149/149 150/150/150 147/147/147
f 151/151/151 152/152/152 153/153/153
f 153/153/153 154/154/154 151/151/151
f 155/155/155 156/156/156 152/152/152
f 152/152/152 151/151/151 155/155/155
f 149/149/149 148/148/148 156/156/156
f 156/156/156 155/155/155 149/149/149
f 157/157/157 158/158/158 159/159/159
f 159/159/159 160/160/160 157/157/157
f 161/161/161 162/162/162 150/150/150
f 150/150/150 149/149/149 161/161/161
f 163/163/163 164/164/164 165/165/165
f 165/165/165 166/166/166 163/163/163
f 167/167/167 168/168/168 153/153/153
f 153/153/153 152/152/152 167/167/167
f 169/169/169 170/170/170 171/171/171
f 171/171/171 172/172/172 169/169/169
f 170/170/170 163/163/163 166/166/166
f 166/166/166 171/171/171 170/170/170
f 173/173/173 174/174/174 156/156/156
f 156/156/156 148/148/148 173/173/173
f 174/174/174 167/167/167 152/152/152
f 152/152/152 156/156/156 174/174/174
f 173/173/173 175/175/175 158/158/158
f 158/158/158 157/157/157 173/173/173
f 148/148/148 147/147/147 175/175/175
f 175/175/175 173/173/173 148/148/148
f 169/169/169 176/176/176 162/162/162
f 162/162/162 161/161/161 169/169/169
f 172/172/172 177/177/177 176/176/176
f 176/176/176 169/169/169 172/172/172
f 178/178/178 179/179/179 164/164/164
f 164/164/164 163/163/163 178/178/178
f 151/151/151 154/154/154 179/179/179
f 179/179/179 178/178/178 151/151/151
f 180/180/180 181/181/181 168/168/168
f 168/168/168 167/167/167 180/180/180
f 182/182/182 183/183/183 181/181/181
f 181/181/181 180/180/180 182/182/182
f 161/161/161 184/184/184 170/170/170
f 170/170/170 169/169/169 161/161/161
f 149/149/149 155/155/155 184/184/184
f 184/184/184 161/161/161 149/149/149
f 184/184/184 178/178/178 163/163/163
f 163/163/163 170/170/170 184/184/184
f 155/155/155 151/151/151 178/178/178
f 178/178/178 184/184/184 155/155/155
f 157/157/157 185/185/185 174/174/174
f 174/174/174 173/173/173 157/157/157
f 160/160/160 186/186/186 185/185/185
f 185/185/185 157/157/157 160/160/160
f 185/185/185 180/180/180 167/167/167
f 167/167/167 174/174/174 185/185/185
f 186/186/186 182/182/182 180/180/180
f 180/180/180 185/185/185 186/186/186
f 187/187/187 188/188/188 189/189/189
f 189/189/189 190/190/190 187/187/187
f 191/191/191 177/177/177 172/172/172
f 172/172/172 192/192/192 191/191/191
f 193/193/193 194/194/194 195/195/195
f 195/195/195 196/196/196 193/193/193
f 197/197/197 198/198/198 166/166/166
f 166/166/166 165/165/165 197/197/197
f 199/199/199 193/193/193 196/196/196
f 196/196/196 200/200/200 199/199/199
f 189/189/189 199/199/199 200/200/200
f 200/200/200 190/190/190 189/189/189
f 198/198/198 201/201/201 171/171/171
f 171/171/171 166/166/166 198/198/198
f 201/201/201 192/192/192 172/172/172
f 172/172/172 171/171/171 201/201/201
f 202/202/202 203/203/203 204/204/204
f 204/204/204 205/205/205 202/202/202
f 206/206/206 189/189/189 188/188/188
f 188/188/188 207/207/207 206/206/206
f 208/208/208 198/198/198 197/197/197
f 197/197/197 209/209/209 208/208/208
f 210/210/210 196/196/196 195/195/195
f 195/195/195 211/211/211 210/210/210
f 212/212/212 192/192/192 201/201/201
f 201/201/201 213/213/213 212/212/212
f 213/213/213 201/201/201 198/198/198
f 198/198/198 208/208/208 213/213/213
f 214/214/214 190/190/190 200/200/200
f 200/200/200 215/215/215 214/214/214
f 215/215/215 200/200/200 196/196/196
f 196/196/196 210/210/210 215/215/215
f 214/214/214 202/202/202 205/205/205
f 205/205/205 216/216/216 214/214/214
f 190/190/190 214/214/214 216/216/216
f 216/216/216 187/187/187 190/190/190
f 212/212/212 206/206/206 207/207/207
f 207/207/207 217/217/217 212/212/212
f 192/192/192 212/212/212 217/217/217
f 217/217/217 191/191/191 192/192/192
f 218/218/218 208/208/208 209/209/209
f 209/209/209 219/219/219 218/218/218
f 193/193/193 218/218/218 219/219/219
f 219/219/219 194/194/194 193/193/193
f 220/220/220 210/210/210 211/211/211
f 211/211/211 221/221/221 220/220/220
f 222/222/222 220/220/220 221/221/221
f 221/221/221 223/223/223 222/222/222
f 206/206/206 212/212/212 213/213/213
f 213/213/213 224/224/224 206/206/206
f 189/189/189 206/206/206 224/224/224
f 224/224/224 199/199/199 189/189/189
f 224/224/224 213/213/213 208/208/208
f 208/208/208 218/218/218 224/224/224
f 199/199/199 224/224/224 218/218/218
f 218/218/218 193/193/193 199/199/199
f 202/202/202 214/214/214 215/215/215
f 215/215/215 225/225/225 202/202/202
f 203/203/203 202/202/202 225/225/225
f 225/225/225 226/226/226 203/203/203
f 225/225/225 215/215/215 210/210/210
f 210/210/210 220/220/220 225/225/225
f 226/226/226 225/225/225 220/220/220
f 220/220/220 222/222/222 226/226/226
f 227/227/227 228/228/228 229/229/229
f 230/230/230 231/231/231 232/232/232
f 232/232/232 233/233/233 234/234/234
f 230/230/230 232/232/232 234/234/234
f 229/229/229 230/230/230 234/234/234
f 234/234/234 235/235/235 236/236/236
f 229/229/229 234/234/234 236/236/236
f 229/229/229 236/236/236 237/237/237
f 237/237/237 238/238/238 239/239/239
f 229/229/229 237/237/237 239/239/239
f 227/227/227 229/229/229 239/239/239
f 239/239/239 240/240/240 241/241/241
f 227/227/227 239/239/239 241/241/241
f 227/227/227 241/241/241 242/242/242
f 209/209/209 197/197/197 165/165/165
f 164/164/164 179/179/179 154/154/154
f 154/154/154 153/153/153 168/168/168
f 164/164/164 154/154/154 168/168/168
f 165/165/165 164/164/164 168/168/168
f 168/168/168 181/181/181 183/183/183
f 165/165/165 168/168/168 183/183/183
f 165/165/165 183/183/183 223/223/223
f 223/223/223 221/221/221 211/211/211
f 165/165/165 223/223/223 211/211/211
f 209/209/209 165/165/165 211/211/211
f 211/211/211 195/195/195 194/194/194
f 209/209/209 211/211/211 194/194/194
f 209/209/209 194/194/194 219/219/219
f 160/160/160 159/159/159 204/204/204
f 204/204/204 203/203/203 160/160/160
f 182/182/182 222/222/222 223/223/223
f 223/223/223 183/183/183 182/182/182
f 186/186/186 226/226/226 222/222/222
f 222/222/222 182/182/182 186/186/186
f 160/160/160 203/203/203 226/226/226
f 226/226/226 186/186/186 160/160/160
f 233/233/233 232/232/232 147/147/147
f 147/147/147 150/150/150 233/233/233
f 150/150/150 162/162/162 234/234/234
f 234/234/234 233/233/233 150/150/150
f 159/159/159 158/158/158 230/230/230
f 230/230/230 229/229/229 159/159/159
f 176/176/176 177/177/177 236/236/236
f 236/236/236 235/235/235 176/176/176
f 162/162/162 176/176/176 235/235/235
f 235/235/235 234/234/234 162/162/162
f 175/175/175 147/147/147 232/232/232
f 232/232/232 231/231/231 175/175/175
f 158/158/158 175/175/175 231/231/231
f 231/231/231 230/230/230 158/158/158
f 237/237/237 236/236/236 177/177/177
f 177/177/177 191/191/191 237/237/237
f 241/241/241 240/240/240 188/188/188
f 188/188/188 187/187/187 241/241/241
f 205/205/205 204/204/204 228/228/228
f 228/228/228 227/227/227 205/205/205
f 207/207/207 188/188/188 240/240/240
f 240/240/240 239/239/239 207/207/207
f 216/216/216 205/205/205 227/227/227
f 227/227/227 242/242/242 216/216/216
f 187/187/187 216/216/216 242/242/242
f 242/242/242 241/241/241 187/187/187
f 217/217/217 207/207/207 239/239/239
f 239/239/239 238/238/238 217/217/217
f 191/191/191 217/217/217 238/238/238
f 238/238/238 237/237/237 191/191/191
f 229/229/229 228/228/228 204/204/204
f 204/204/204 159/159/159 229/229/229
f 243/243/243 244/244/244 245/245/245
f 245/245/245 246/246/246 243/243/243
f 247/247/247 243/243/243 246/246/246
f 246/246/246 248/248/248 247/247/247
f 249/249/249 247/247/247 248/248/248
f 248/248/248 250/250/250 249/249/249
f 251/251/251 249/249/249 250/250/250
f 250/250/250 252/252/252 251/251/251
f 244/244/244 251/251/251 252/252/252
f 252/252/252 245/245/245 244/244/244
f 253/253/253 254/254/254 244/244/244
f 244/244/244 243/243/243 253/253/253
f 255/255/255 253/253/253 243/243/243
f 243/243/243 247/247/247 255/255/255
f 256/256/256 255/255/255 247/247/247
f 247/247/247 249/249/249 256/256/256
f 257/257/257 256/256/256 249/249/249
f 249/249/249 251/251/251 257/257/257
f 254/254/254 257/257/257 251/251/251
f 251/251/251 244/244/244 254/254/254
f 258/258/258 259/259/259 254/254/254
f 254/254/254 253/253/253 258/258/258
f 260/260/260 258/258/258 253/253/253
f 253/253/253 255/255/255 260/260/260
f 261/261/261 260/260/260 255/255/255
f 255/255/255 256/256/256 261/261/261
f 262/262/262 261/261/261 256/256/256
f 256/256/256 257/257/257 262/262/262
f 259/259/259 262/262/262 257/257/257
f 257/257/257 254/254/254 259/259/259
f 263/263/263 264/264/264 259/259/259
f 259/259/259 258/258/258 263/263/263
f 265/265/265 263/263/263 258/258/258
f 258/258/258 260/260/260 265/265/265
f 266/266/266 265/265/265 260/260/260
f 260/260/260 261/261/261 266/266/266
f 267/267/267 266/266/266 261/261/261
f 261/261/261 262/262/262 267/267/267
f 264/264/264 267/267/267 262/262/262
f 262/262/262 259/259/259 264/264/264
f 268/268/268 269/269/269 264/264/264
f 264/264/264 263/263/263 268/268/268
f 270/270/270 268/268/268 263/263/263
f 263/263/263 265/265/265 270/270/270
f 271/271/271 270/270/270 265/265/265
f 265/265/265 266/266/266 271/271/271
f 272/272/272 271/271/271 266/266/266
f 266/266/266 267/267/267 272/272/272
f 269/269/269 272/272/272 267/267/267
f 267/267/267 264/264/264 269/269/269
f 273/273/273 274/274/274 269/269/269
f 269/269/269 268/268/268 273/273/273
f 275/275/275 273/273/273 268/268/268
f 268/268/268 270/270/270 275/275/275
f 276/276/276 275/275/275 270/270/270
f 270/270/270 271/271/271 276/276/276
f 277/277/277 276/276/276 271/271/271
f 271/271/271 272/272/272 277/277/277
f 274/274/274 277/277/277 272/272/272
f 272/272/272 269/269/269 274/274/274
f 278/278/278 279/279/279 274/274/274
f 274/274/274 273/273/273 278/278/278
f 280/280/280 278/278/278 273/273/273
f 273/273/273 275/275/275 280/280/280
f 281/281/281 280/280/280 275/275/275
f 275/275/275 276/276/276 281/281/281
f 282/282/282 281/281/281 276/276/276
f 276/276/276 277/277/277 282/282/282
f 279/279/279 282/282/282 277/277/277
f 277/277/277 274/274/274 279/279/279
f 283/283/283 284/284/284 279/279/279
f 279/279/279 278/278/278 283/283/283
f 285/285/285 283/283/283 278/278/278
f 278/278/278 280/280/280 285/285/285
f 286/286/286 285/285/285 280/280/280
f 280/280/280 281/281/281 286/286/286
f 287/287/287 286/286/286 281/281/281
f 281/281/281 282/282/282 287/287/287
f 284/284/284 287/287/287 282/282/282
f 282/282/282 279/279/279 284/284/284
f 288/288/288 289/289/289 284/284/284
f 284/284/284 283/283/283 288/288/288
f 290/290/290 288/288/288 283/283/283
f 283/283/283 285/285/285 290/290/290
f 291/291/291 290/290/290 285/285/285
f 285/285/285 286/286/286 291/291/291
f 292/292/292 291/291/291 286/286/286
f 286/286/286 287/287/287 292/292/292
f 289/289/289 292/292/292 287/287/287
f 287/287/287 284/284/284 289/289/289
f 245/245/245 252/252/252 250/250/250
f 245/245/245 250/250/250 248/248/248
f 245/245/245 248/248/248 246/246/246
f 289/289/289 288/288/288 290/290/290
f 289/289/289 290/290/290 291/291/291
f 289/289/289 291/291/291 292/292/292
f 293/293/293 294/294/294 295/295/295
f 295/295/295 296/296/296 293/293/293
f 296/296/296 295/295/295 297/297/297
f 297/297/297 298/298/298 296/296/296
f 298/298/298 297/297/297 299/299/299
f 299/299/299 300/300/300 298/298/298
f 300/300/300 299/299/299 301/301/301
f 301/301/301 302/302/302 300/300/300
f 302/302/302 301/301/301 303/303/303
f 303/303/303 304/304/304 302/302/302
f 304/304/304 303/303/303 305/305/305
f 305/305/305 306/306/306 304/304/304
f 306/306/306 305/305/305 307/307/307
f 307/307/307 308/308/308 306/306/306
f 308/308/308 307/307/307 309/309/309
f 309/309/309 310/310/310 308/308/308
f 310/310/310 309/309/309 311/311/311
f 311/311/311 312/312/312 310/310/310
f 312/312/312 311/311/311 313/313/313
f 313/313/313 314/314/314 312/312/312
f 314/314/314 313/313/313 315/315/315
f 315/315/315 316/316/316 314/314/314
f 316/316/316 315/315/315 317/317/317
f 317/317/317 318/318/318 316/316/316
f 318/318/318 317/317/317 294/294/294
f 294/294/294 293/293/293 318/318/318
f 295/295/295 294/294/294 319/319/319
f 319/319/319 320/320/320 295/295/295
f 297/297/297 295/295/295 320/320/320
f 320/320/320 321/321/321 297/297/297
f 299/299/299 297/297/297 321/321/321
f 321/321/321 322/322/322 299/299/299
f 301/301/301 299/299/299 322/322/322
f 322/322/322 323/323/323 301/301/301
f 303/303/303 301/301/301 323/323/323
f 323/323/323 324/324/324 303/303/303
f 305/305/305 303/303/303 324/324/324
f 324/324/324 325/325/325 305/305/305
f 307/307/307 305/305/305 325/325/325
f 325/325/325 326/326/326 307/307/307
f 309/309/309 307/307/307 326/326/326
f 326/326/326 327/327/327 309/309/309
f 311/311/311 309/309/309 327/327/327
f 327/327/327 328/328/328 311/311/311
f 313/313/313 311/311/311 328/328/328
f 328/328/328 329/329/329 313/313/313
f 315/315/315 313/313/313 329/329/329
f 329/329/329 330/330/330 315/315/315
f 317/317/317 315/315/315 330/330/330
f 330/330/330 331/331/331 317/317/317
f 294/294/294 317/317/317 331/331/331
f 331/331/331 319/319/319 294/294/294
f 319/319/319 332/332/332 333/333/333
f 333/333/333 320/320/320 319/319/319
f 320/320/320 333/333/333 334/334/334
f 334/334/334 321/321/321 320/320/320
f 321/321/321 334/334/334 335/335/335
f 335/335/335 322/322/322 321/321/321
f 322/322/322 335/335/335 336/336/336
f 336/336/336 323/323/323 322/322/322
f 323/323/323 336/336/336 337/337/337
f 337/337/337 324/324/324 323/323/323
f 324/324/324 337/337/337 338/338/338
f 338/338/338 325/325/325 324/324/324
f 325/325/325 338/338/338 339/339/339
f 339/339/339 326/326/326 325/325/325
f 326/326/326 339/339/339 340/340/340
f 340/340/340 327/327/327 326/326/326
f 327/327/327 340/340/340 341/341/341
f 341/341/341 328/328/328 327/327/327
f 328/328/328 341/341/341 342/342/342
f 342/342/342 329/329/329 328/328/328
f 329/329/329 342/342/342 343/343/343
f 343/343/343 330/330/330 329/329/329
f 330/330/330 343/343/343 344/344/344
f 344/344/344 331/331/331 330/330/330
f 331/331/331 344/344/344 332/332/332
f 332/332/332 319/319/319 331/331/331
f 333/333/333 332/332/332 345/345/345
f 345/345/345 346/346/346 333/333/333
f 334/334/334 333/333/333 346/346/346
f 346/346/346 347/347/347 334/334/334
f 335/335/335 334/334/334 347/347/347
f 347/347/347 348/348/348 335/335/335
f 336/336/336 335/335/335 348/348/348
f 348/348/348 349/349/349 336/336/336
f 337/337/337 336/336/336 349/349/349
f 349/349/349 350/350/350 337/337/337
f 338/338/338 337/337/337 350/350/350
f 350/350/350 351/351/351 338/338/338
f 339/339/339 338/338/338 351/351/351
f 351/351/351 352/352/352 339/339/339
f 340/340/340 339/339/339 352/352/352
f 352/352/352 353/353/353 340/340/340
f 341/341/341 340/340/340 353/353/353
f 353/353/353 354/354/354 341/341/341
f 342/342/342 341/341/341 354/354/354
f 354/354/354 355/355/355 342/342/342
f 343/343/343 342/342/342 355/355/355
f 355/355/355 356/356/356 343/343/343
f 344/344/344 343/343/343 356/356/356
f 356/356/356 357/357/357 344/344/344
f 332/332/332 344/344/344 357/357/357
f 357/357/357 345/345/345 332/332/332
f 358/358/358 359/359/359 360/360/360
f 360/360/360 361/361/361 358/358/358
f 361/361/361 360/360/360 362/362/362
f 362/362/362 363/363/363 361/361/361
f 363/363/363 362/362/362 364/364/364
f 364/364/364 365/365/365 363/363/363
f 365/365/365 364/364/364 366/366/366
f 366/366/366 367/367/367 365/365/365
f 367/367/367 366/366/366 368/368/368
f 368/368/368 369/369/369 367/367/367
f 369/369/369 368/368/368 370/370/370
f 370/370/370 371/371/371 369/369/369
f 371/371/371 370/370/370 372/372/372
f 372/372/372 373/373/373 371/371/371
f 373/373/373 372/372/372 374/374/374
f 374/374/374 375/375/375 373/373/373
f 375/375/375 374/374/374 376/376/376
f 376/376/376 377/377/377 375/375/375
f 377/377/377 376/376/376 378/378/378
f 378/378/378 379/379/379 377/377/377
f 379/379/379 378/378/378 380/380/380
f 380/380/380 381/381/381 379/379/379
f 381/381/381 380/380/380 382/382/382
f 382/382/382 383/383/383 381/381/381
f 383/383/383 382/382/382 359/359/359
f 359/359/359 358/358/358 383/383/383
f 360/360/360 359/359/359 384/384/384
f 384/384/384 385/385/385 360/360/360
f 362/362/362 360/360/360 385/385/385
f 385/385/385 386/386/386 362/362/362
f 364/364/364 362/362/362 386/386/386
f 386/386/386 387/387/387 364/364/364
f 366/366/366 364/364/364 387/387/387
f 387/387/387 388/388/388 366/366/366
f 368/368/368 366/366/366 388/388/388
f 388/388/388 389/389/389 368/368/368
f 370/370/370 368/368/368 389/389/389
f 389/389/389 390/390/390 370/370/370
f 372/372/372 370/370/370 390/390/390
f 390/390/390 391/391/391 372/372/372
f 374/374/374 372/372/372 391/391/391
f 391/391/391 392/392/392 374/374/374
f 376/376/376 374/374/374 392/392/392
f 392/392/392 393/393/393 376/376/376
f 378/378/378 376/376/376 393/393/393
f 393/393/393 394/394/394 378/378/378
f 380/380/380 378/378/378 394/394/394
f 394/394/394 395/395/395 380/380/380
f 382/382/382 380/380/380 395/395/395
f 395/395/395 396/396/396 382/382/382
f 359/359/359 382/382/382 396/396/396
f 396/396/396 384/384/384 359/359/359
f 384/384/384 397/397/397 398/398/398
f 398/398/398 385/385/385 384/384/384
f 385/385/385 398/398/398 399/399/399
f 399/399/399 386/386/386 385/385/385
f 386/386/386 399/399/399 400/400/400
f 400/400/400 387/387/387 386/386/386
f 387/387/387 400/400/400 401/401/401
f 401/401/401 388/388/388 387/387/387
f 388/388/388 401/401/401 402/402/402
f 402/402/402 389/389/389 388/388/388
f 389/389/389 402/402/402 403/403/403
f 403/403/403 390/390/390 389/389/389
f 390/390/390 403/403/403 404/404/404
f 404/404/404 391/391/391 390/390/390
f 391/391/391 404/404/404 405/405/405
f 405/405/405 392/392/392 391/391/391
f 392/392/392 405/405/405 406/406/406
f 406/406/406 393/393/393 392/392/392
f 393/393/393 406/406/406 407/407/407
f 407/407/407 394/394/394 393/393/393
f 394/394/394 407/407/407 408/408/408
f 408/408/408 395/395/395 394/394/394
f 395/395/395 408/408/408 409/409/409
f 409/409/409 396/396/396 395/395/395
f 396/396/396 409/409/409 397/397/397
f 397/397/397 384/384/384 396/396/396
f 398/398/398 397/397/397 410/410/410
f 410/410/410 411/411/411 398/398/398
f 399/399/399 398/398/398 411/411/411
f 411/411/411 412/412/412 399/399/399
f 400/400/400 399/399/399 412/412/412
f 412/412/412 413/413/413 400/400/400
f 401/401/401 400/400/400 413/413/413
f 413/413/413 414/414/414 401/401/401
f 402/402/402 401/401/401 414/414/414
f 414/414/414 415/415/415 402/402/402
f 403/403/403 402/402/402 415/415/415
f 415/415/415 416/416/416 403/403/403
f 404/404/404 403/403/403 416/416/416
f 416/416/416 417/417/417 404/404/404
f 405/405/405 404/404/404 417/417/417
f 417/417/417 418/418/418 405/405/405
f 406/406/406 405/405/405 418/418/418
f 418/418/418 419/419/419 406/406/406
f 407/407/407 406/406/406 419/419/419
f 419/419/419 420/420/420 407/407/407
f 408/408/408 407/407/407 420/420/420
f 420/420/420 421/421/421 408/408/408
f 409/409/409 408/408/408 421/421/421
f 421/421/421 422/422/422 409/409/409
f 397/397/397 409/409/409 422/422/422
f 422/422/422 410/410/410 397/397/397
f 423/423/423 424/424/424 425/425/425
f 425/425/425 426/426/426 423/423/423
f 424/424/424 427/427/427 428/428/428
f 428/428/428 425/425/425 424/424/424
f 427/427/427 429/429/429 430/430/430
f 430/430/430 428/428/428 427/427/427
f 429/429/429 431/431/431 432/432/432
f 432/432/432 430/430/430 429/429/429
f 431/431/431 433/433/433 434/434/434
f 434/434/434 432/432/432 431/431/431
f 433/433/433 435/435/435 436/436/436
f 436/436/436 434/434/434 433/433/433
f 435/435/435 437/437/437 438/438/438
f 438/438/438 436/436/436 435/435/435
f 437/437/437 439/439/439 440/440/440
f 440/440/440 438/438/438 437/437/437
f 439/439/439 441/441/441 442/442/442
f 442/442/442 440/440/440 439/439/439
f 441/441/441 443/443/443 444/444/444
f 444/444/444 442/442/442 441/441/441
f 443/443/443 445/445/445 446/446/446
f 446/446/446 444/444/444 443/443/443
f 445/445/445 447/447/447 448/448/448
f 448/448/448 446/446/446 445/445/445
f 447/447/447 423/423/423 426/426/426
f 426/426/426 448/448/448 447/447/447
f 425/425/425 449/449/449 450/450/450
f 450/450/450 426/426/426 425/425/425
f 428/428/428 451/451/451 449/449/449
f 449/449/449 425/425/425 428/428/428
f 430/430/430 452/452/452 451/451/451
f 451/451/451 428/428/428 430/430/430
f 432/432/432 453/453/453 452/452/452
f 452/452/452 430/430/430 432/432/432
f 434/434/434 454/454/454 453/453/453
f 453/453/453 432/432/432 434/434/434
f 436/436/436 455/455/455 454/454/454
f 454/454/454 434/434/434 436/436/436
f 438/438/438 456/456/456 455/455/455
f 455/455/455 436/436/436 438/438/438
f 440/440/440 457/457/457 456/456/456
f 456/456/456 438/438/438 440/440/440
f 442/442/442 458/458/458 457/457/457
f 457/457/457 440/440/440 442/442/442
f 444/444/444 459/459/459 458/458/458
f 458/458/458 442/442/442 444/444/444
f 446/446/446 460/460/460 459/459/459
f 459/459/459 444/444/444 446/446/446
f 448/448/448 461/461/461 460/460/460
f 460/460/460 446/446/446 448/448/448
f 426/426/426 450/450/450 461/461/461
f 461/461/461 448/448/448 426/426/426
f 450/450/450 449/449/449 462/462/462
f 462/462/462 463/463/463 450/450/450
f 449/449/449 451/451/451 464/464/464
f 464/464/464 462/462/462 449/449/449
f 451/451/451 452/452/452 465/465/465
f 465/465/465 464/464/464 451/451/451
f 452/452/452 453/453/453 466/466/466
f 466/466/466 465/465/465 452/452/452
f 453/453/453 454/454/454 467/467/467
f 467/467/467 466/466/466 453/453/453
f 454/454/454 455/455/455 468/468/468
f 468/468/468 467/467/467 454/454/454
f 455/455/455 456/456/456 469/469/469
f 469/469/469 468/468/468 455/455/455
f 456/456/456 457/457/457 470/470/470
f 470/470/470 469/469/469 456/456/456
f 457/457/457 458/458/458 471/471/471
f 471/471/471 470/470/470 457/457/457
f 458/458/458 459/459/459 472/472/472
f 472/472/472 471/471/471 458/458/458
f 459/459/459 460/460/460 473/473/473
f 473/473/473 472/472/472 459/459/459
f 460/460/460 461/461/461 474/474/474
f 474/474/474 473/473/473 460/460/460
f 461/461/461 450/450/450 463/463/463
f 463/463/463 474/474/474 461/461/461
f 462/462/462 475/475/475 476/476/476
f 476/476/476 463/463/463 462/462/462
f 464/464/464 477/477/477 475/475/475
f 475/475/475 462/462/462 464/464/464
f 465/465/465 478/478/478 477/477/477
f 477/477/477 464/464/464 465/465/465
f 466/466/466 479/479/479 478/478/478
f 478/478/478 465/465/465 466/466/466
f 467/467/467 480/480/480 479/479/479
f 479/479/479 466/466/466 467/467/467
f 468/468/468 481/481/481 480/480/480
f 480/480/480 467/467/467 468/468/468
f 469/469/469 482/482/482 481/481/481
f 481/481/481 468/468/468 469/469/469
f 470/470/470 483/483/483 482/482/482
f 482/482/482 469/469/469 470/470/470
f 471/471/471 484/484/484 483/483/483
f 483/483/483 470/470/470 471/471/471
f 472/472/472 485/485/485 484/484/484
f 484/484/484 471/471/471 472/472/472
f 473/473/473 486/486/486 485/485/485
f 485/485/485 472/472/472 473/473/473
f 474/474/474 487/487/487 486/486/486
f 486/486/486 473/473/473 474/474/474
f 463/463/463 476/476/476 487/487/487
f 487/487/487 474/474/474 463/463/463
f 488/488/488 489/489/489 490/490/490
f 490/490/490 491/491/491 488/488/488
f 489/489/489 492/492/492 493/493/493
f 493/493/493 490/490/490 489/489/489
f 492/492/492 494/494/494 495/495/495
f 495/495/495 493/493/493 492/492/492
f 494/494/494 496/496/496 497/497/497
f 497/497/497 495/495/495 494/494/494
f 496/496/496 498/498/498 499/499/499
f 499/499/499 497/497/497 496/496/496
f 498/498/498 500/500/500 501/501/501
f 501/501/501 499/499/499 498/498/498
f 500/500/500 502/502/502 503/503/503
f 503/503/503 501/501/501 500/500/500
f 502/502/502 504/504/504 505/505/505
f 505/505/505 503/503/503 502/502/502
f 504/504/504 506/506/506 507/507/507
f 507/507/507 505/505/505 504/504/504
f 506/506/506 508/508/508 509/509/509
f 509/509/509 507/507/507 506/506/506
f 508/508/508 510/510/510 511/511/511
f 511/511/511 509/509/509 508/508/508
f 510/510/510 512/512/512 513/513/513
f 513/513/513 511/511/511 510/510/510
f 512/512/512 488/488/488 491/491/491
f 491/491/491 513/513/513 512/512/512
f 490/490/490 514/514/514 515/515/515
f 515/515/515 491/491/491 490/490/490
f 493/493/493 516/516/516 514/514/514
f 514/514/514 490/490/490 493/493/493
f 495/495/495 517/517/517 516/516/516
f 516/516/516 493/493/493 495/495/495
f 497/497/497 518/518/518 517/517/517
f 517/517/517 495/495/495 497/497/497
f 499/499/499 519/519/519 518/518/518
f 518/518/518 497/497/497 499/499/499
f 501/501/501 520/520/520 519/519/519
f 519/519/519 499/499/499 501/501/501
f 503/503/503 521/521/521 520/520/520
f 520/520/520 501/501/501 503/503/503
f 505/505/505 522/522/522 521/521/521
f 521/521/521 503/503/503 505/505/505
f 507/507/507 523/523/523 522/522/522
f 522/522/522 505/505/505 507/507/507
f 509/509/509 524/524/524 523/523/523
f 523/523/523 507/507/507 509/509/509
f 511/511/511 525/525/525 524/524/524
f 524/524/524 509/509/509 511/511/511
f 513/513/513 526/526/526 525/525/525
f 525/525/525 511/511/511 513/513/513
f 491/491/491 515/515/515 526/526/526
f 526/526/526 513/513/513 491/491/491
f 515/515/515 514/514/514 527/527/527
f 527/527/527 528/528/528 515/515/515
f 514/514/514 516/516/516 529/529/529
f 529/529/529 527/527/527 514/514/514
f 516/516/516 517/517/517 530/530/530
f 530/530/530 529/529/529 516/516/516
f 517/517/517 518/518/518 531/531/531
f 531/531/531 530/530/530 517/517/517
f 518/518/518 519/519/519 532/532/532
f 532/532/532 531/531/531 518/518/518
f 519/519/519 520/520/520 533/533/533
f 533/533/533 532/532/532 519/519/519
f 520/520/520 521/521/521 534/534/534
f 534/534/534 533/533/533 520/520/520
f 521/521/521 522/522/522 535/535/535
f 535/535/535 534/534/534 521/521/521
f 522/522/522 523/523/523 536/536/536
f 536/536/536 535/535/535 522/522/522
f 523/523/523 524/524/524 537/537/537
f 537/537/537 536/536/536 523/523/523
f 524/524/524 525/525/525 538/538/538
f 538/538/538 537/537/537 524/524/524
f 525/525/525 526/526/526 539/539/539
f 539/539/539 538/538/538 525/525/525
f 526/526/526 515/515/515 528/528/528
f 528/528/528 539/539/539 526/526/526
f 527/527/527 540/540/540 541/541/541
f 541/541/541 528/528/528 527/527/527
f 529/529/529 542/542/542 540/540/540
f 540/540/540 527/527/527 529/529/529
f 530/530/530 543/543/543 542/542/542
f 542/542/542 529/529/529 530/530/530
f 531/531/531 544/544/544 543/543/543
f 543/543/543 530/530/530 531/531/531
f 532/532/532 545/545/545 544/544/544
f 544/544/544 531/531/531 532/532/532
f 533/533/533 546/546/546 545/545/545
f 545/545/545 532/532/532 533/533/533
f 534/534/534 547/547/547 546/546/546
f 546/546/546 533/533/533 534/534/534
f 535/535/535 548/548/548 547/547/547
f 547/547/547 534/534/534 535/535/535
f 536/536/536 549/549/549 548/548/548
f 548/548/548 535/535/535 536/536/536
f 537/537/537 550/550/550 549/549/549
f 549/549/549 536/536/536 537/537/537
f 538/538/538 551/551/551 550/550/550
f 550/550/550 537/537/537 538/538/538
f 539/539/539 552/552/552 551/551/551
f 551/551/551 538/538/538 539/539/539
f 528/528/528 541/541/541 552/552/552
f 552/552/552 539/539/539 528/528/528
f 504/504/504 502/502/502 500/500/500
f 500/500/500 498/498/498 496/496/496
f 504/504/504 500/500/500 496/496/496
f 496/496/496 494/494/494 492/492/492
f 489/489/489 488/488/488 512/512/512
f 492/492/492 489/489/489 512/512/512
f 496/496/496 492/492/492 512/512/512
f 504/504/504 496/496/496 512/512/512
f 512/512/512 510/510/510 508/508/508
f 504/504/504 512/512/512 508/508/508
f 504/504/504 508/508/508 506/506/506
f 439/439/439 437/437/437 435/435/435
f 435/435/435 433/433/433 431/431/431
f 439/439/439 435/435/435 431/431/431
f 431/431/431 429/429/429 427/427/427
f 424/424/424 423/423/423 447/447/447
f 427/427/427 424/424/424 447/447/447
f 431/431/431 427/427/427 447/447/447
f 439/439/439 431/431/431 447/447/447
f 447/447/447 445/445/445 443/443/443
f 439/439/439 447/447/447 443/443/443
f 439/439/439 443/443/443 441/441/441
f 306/306/306 308/308/308 310/310/310
f 310/310/310 312/312/312 314/314/314
f 306/306/306 310/310/310 314/314/314
f 314/314/314 316/316/316 318/318/318
f 293/293/293 296/296/296 298/298/298
f 318/318/318 293/293/293 298/298/298
f 314/314/314 318/318/318 298/298/298
f 306/306/306 314/314/314 298/298/298
f 298/298/298 300/300/300 302/302/302
f 306/306/306 298/298/298 302/302/302
f 306/306/306 302/302/302 304/304/304
f 371/371/371 373/373/373 375/375/375
f 375/375/375 377/377/377 379/379/379
f 371/371/371 375/375/375 379/379/379
f 379/379/379 381/381/381 383/383/383
f 358/358/358 361/361/361 363/363/363
f 383/383/383 358/358/358 363/363/363
f 379/379/379 383/383/383 363/363/363
f 371/371/371 379/379/379 363/363/363
f 363/363/363 365/365/365 367/367/367
f 371/371/371 363/363/363 367/367/367
f 371/371/371 367/367/367 369/369/369
f 553/553/553 554/554/554 555/555/555
f 555/555/555 556/556/556 553/553/553
f 557/557/557 558/558/558 559/559/559
f 559/559/559 560/560/560 557/557/557
f 560/560/560 559/559/559 554/554/554
f 554/554/554 553/553/553 560/560/560
f 561/561/561 562/562/562 563/563/563
f 561/561/561 563/563/563 556/556/556
f 556/556/556 555/555/555 564/564/564
f 561/561/561 556/556/556 564/564/564
f 565/565/565 566/566/566 567/567/567
f 567/567/567 568/568/568 565/565/565
f 557/557/557 569/569/569 570/570/570
f 570/570/570 558/558/558 557/557/557
f 569/569/569 565/565/565 568/568/568
f 568/568/568 570/570/570 569/569/569
f 571/571/571 572/572/572 573/573/573
f 574/574/574 567/567/567 566/566/566
f 573/573/573 574/574/574 566/566/566
f 571/571/571 573/573/573 566/566/566
f 575/575/575 576/576/576 577/577/577
f 577/577/577 578/578/578 575/575/575
f 579/579/579 580/580/580 576/576/576
f 576/576/576 575/575/575 579/579/579
f 581/581/581 582/582/582 580/580/580
f 580/580/580 579/579/579 581/581/581
f 583/583/583 584/584/584 582/582/582
f 582/582/582 581/581/581 583/583/583
f 578/578/578 577/577/577 584/584/584
f 584/584/584 583/583/583 578/578/578
f 585/585/585 575/575/575 578/578/578
f 578/578/578 586/586/586 585/585/585
f 587/587/587 579/579/579 575/575/575
f 575/575/575 585/585/585 587/587/587
f 588/588/588 581/581/581 579/579/579
f 579/579/579 587/587/587 588/588/588
f 589/589/589 583/583/583 581/581/581
f 581/581/581 588/588/588 589/589/589
f 586/586/586 578/578/578 583/583/583
f 583/583/583 589/589/589 586/586/586
f 590/590/590 585/585/585 586/586/586
f 586/586/586 591/591/591 590/590/590
f 592/592/592 587/587/587 585/585/585
f 585/585/585 590/590/590 592/592/592
f 593/593/593 588/588/588 587/587/587
f 587/587/587 592/592/592 593/593/593
f 594/594/594 589/589/589 588/588/588
f 588/588/588 593/593/593 594/594/594
f 591/591/591 586/586/586 589/589/589
f 589/589/589 594/594/594 591/591/591
f 595/595/595 590/590/590 591/591/591
f 591/591/591 596/596/596 595/595/595
f 597/597/597 592/592/592 590/590/590
f 590/590/590 595/595/595 597/597/597
f 598/598/598 593/593/593 592/592/592
f 592/592/592 597/597/597 598/598/598
f 599/599/599 594/594/594 593/593/593
f 593/593/593 598/598/598 599/599/599
f 596/596/596 591/591/591 594/594/594
f 594/594/594 599/599/599 596/596/596
f 600/600/600 595/595/595 596/596/596
f 596/596/596 601/601/601 600/600/600
f 602/602/602 597/597/597 595/595/595
f 595/595/595 600/600/600 602/602/602
f 603/603/603 598/598/598 597/597/597
f 597/597/597 602/602/602 603/603/603
f 604/604/604 599/599/599 598/598/598
f 598/598/598 603/603/603 604/604/604
f 601/601/601 596/596/596 599/599/599
f 599/599/599 604/604/604 601/601/601
f 605/605/605 600/600/600 601/601/601
f 601/601/601 606/606/606 605/605/605
f 607/607/607 602/602/602 600/600/600
f 600/600/600 605/605/605 607/607/607
f 608/608/608 603/603/603 602/602/602
f 602/602/602 607/607/607 608/608/608
f 609/609/609 604/604/604 603/603/603
f 603/603/603 608/608/608 609/609/609
f 606/606/606 601/601/601 604/604/604
f 604/604/604 609/609/609 606/606/606
f 610/610/610 605/605/605 606/606/606
f 606/606/606 611/611/611 610/610/610
f 612/612/612 607/607/607 605/605/605
f 605/605/605 610/610/610 612/612/612
f 613/613/613 608/608/608 607/607/607
f 607/607/607 612/612/612 613/613/613
f 614/614/614 609/609/609 608/608/608
f 608/608/608 613/613/613 614/614/614
f 611/611/611 606/606/606 609/609/609
f 609/609/609 614/614/614 611/611/611
f 615/615/615 610/610/610 611/611/611
f 611/611/611 616/616/616 615/615/615
f 617/617/617 612/612/612 610/610/610
f 610/610/610 615/615/615 617/617/617
f 618/618/618 613/613/613 612/612/612
f 612/612/612 617/617/617 618/618/618
f 619/619/619 614/614/614 613/613/613
f 613/613/613 618/618/618 619/619/619
f 616/616/616 611/611/611 614/614/614
f 614/614/614 619/619/619 616/616/616
f 620/620/620 615/615/615 616/616/616
f 616/616/616 621/621/621 620/620/620
f 622/622/622 617/617/617 615/615/615
f 615/615/615 620/620/620 622/622/622
f 623/623/623 618/618/618 617/617/617
f 617/617/617 622/622/622 623/623/623
f 624/624/624 619/619/619 618/618/618
f 618/618/618 623/623/623 624/624/624
f 621/621/621 616/616/616 619/619/619
f 619/619/619 624/624/624 621/621/621
f 625/625/625 620/620/620 621/621/621
f 621/621/621 626/626/626 625/625/625
f 627/627/627 622/622/622 620/620/620
f 620/620/620 625/625/625 627/627/627
f 628/628/628 623/623/623 622/622/622
f 622/622/622 627/627/627 628/628/628
f 629/629/629 624/624/624 623/623/623
f 623/623/623 628/628/628 629/629/629
f 626/626/626 621/621/621 624/624/624
f 624/624/624 629/629/629 626/626/626
f 630/630/630 625/625/625 626/626/626
f 626/626/626 631/631/631 630/630/630
f 632/632/632 627/627/627 625/625/625
f 625/625/625 630/630/630 632/632/632
f 633/633/633 628/628/628 627/627/627
f 627/627/627 632/632/632 633/633/633
f 634/634/634 629/629/629 628/628/628
f 628/628/628 633/633/633 634/634/634
f 631/631/631 626/626/626 629/629/629
f 629/629/629 634/634/634 631/631/631
f 635/635/635 630/630/630 631/631/631
f 631/631/631 636/636/636 635/635/635
f 637/637/637 632/632/632 630/630/630
f 630/630/630 635/635/635 637/637/637
f 638/638/638 633/633/633 632/632/632
f 632/632/632 637/637/637 638/638/638
f 639/639/639 634/634/634 633/633/633
f 633/633/633 638/638/638 639/639/639
f 636/636/636 631/631/631 634/634/634
f 634/634/634 639/639/639 636/636/636
f 640/640/640 635/635/635 636/636/636
f 636/636/636 641/641/641 640/640/640
f 642/642/642 637/637/637 635/635/635
f 635/635/635 640/640/640 642/642/642
f 643/643/643 638/638/638 637/637/637
f 637/637/637 642/642/642 643/643/643
f 644/644/644 639/639/639 638/638/638
f 638/638/638 643/643/643 644/644/644
f 641/641/641 636/636/636 639/639/639
f 639/639/639 644/644/644 641/641/641
f 645/645/645 640/640/640 641/641/641
f 641/641/641 646/646/646 645/645/645
f 647/647/647 642/642/642 640/640/640
f 640/640/640 645/645/645 647/647/647
f 648/648/648 643/643/643 642/642/642
f 642/642/642 647/647/647 648/648/648
f 649/649/649 644/644/644 643/643/643
f 643/643/643 648/648/648 649/649/649
f 646/646/646 641/641/641 644/644/644
f 644/644/644 649/649/649 646/646/646
f 650/650/650 645/645/645 646/646/646
f 646/646/646 651/651/651 650/650/650
f 652/652/652 647/647/647 645/645/645
f 645/645/645 650/650/650 652/652/652
f 653/653/653 648/648/648 647/647/647
f 647/647/647 652/652/652 653/653/653
f 654/654/654 649/649/649 648/648/648
f 648/648/648 653/653/653 654/654/654
f 651/651/651 646/646/646 649/649/649
f 649/649/649 654/654/654 651/651/651
f 655/655/655 650/650/650 651/651/651
f 651/651/651 656/656/656 655/655/655
f 657/657/657 652/652/652 650/650/650
f 650/650/650 655/655/655 657/657/657
f 658/658/658 653/653/653 652/652/652
f 652/652/652 657/657/657 658/658/658
f 659/659/659 654/654/654 653/653/653
f 653/653/653 658/658/658 659/659/659
f 656/656/656 651/651/651 654/654/654
f 654/654/654 659/659/659 656/656/656
f 660/660/660 655/655/655 656/656/656
f 656/656/656 661/661/661 660/660/660
f 662/662/662 657/657/657 655/655/655
f 655/655/655 660/660/660 662/662/662
f 663/663/663 658/658/658 657/657/657
f 657/657/657 662/662/662 663/663/663
f 664/664/664 659/659/659 658/658/658
f 658/658/658 663/663/663 664/664/664
f 661/661/661 656/656/656 659/659/659
f 659/659/659 664/664/664 661/661/661
f 665/665/665 660/660/660 661/661/661
f 661/661/661 666/666/666 665/665/665
f 667/667/667 662/662/662 660/660/660
f 660/660/660 665/665/665 667/667/667
f 668/668/668 663/663/663 662/662/662
f 662/662/662 667/667/667 668/668/668
f 669/669/669 664/664/664 663/663/663
f 663/663/663 668/668/668 669/669/669
f 666/666/666 661/661/661 664/664/664
f 664/664/664 669/669/669 666/666/666
f 670/670/670 665/665/665 666/666/666
f 666/666/666 671/671/671 670/670/670
f 672/672/672 667/667/667 665/665/665
f 665/665/665 670/670/670 672/672/672
f 673/673/673 668/668/668 667/667/667
f 667/667/667 672/672/672 673/673/673
f 674/674/674 669/669/669 668/668/668
f 668/668/668 673/673/673 674/674/674
f 671/671/671 666/666/666 669/669/669
f 669/669/669 674/674/674 671/671/671
f 675/675/675 670/670/670 671/671/671
f 671/671/671 676/676/676 675/675/675
f 677/677/677 672/672/672 670/670/670
f 670/670/670 675/675/675 677/677/677
f 678/678/678 673/673/673 672/672/672
f 672/672/672 677/677/677 678/678/678
f 679/679/679 674/674/674 673/673/673
f 673/673/673 678/678/678 679/679/679
f 676/676/676 671/671/671 674/674/674
f 674/674/674 679/679/679 676/676/676
f 680/680/680 675/675/675 676/676/676
f 676/676/676 681/681/681 680/680/680
f 682/682/682 677/677/677 675/675/675
f 675/675/675 680/680/680 682/682/682
f 683/683/683 678/678/678 677/677/677
f 677/677/677 682/682/682 683/683/683
f 684/684/684 679/679/679 678/678/678
f 678/678/678 683/683/683 684/684/684
f 681/681/681 676/676/676 679/679/679
f 679/679/679 684/684/684 681/681/681
f 576/576/576 680/680/680 681/681/681
f 681/681/681 577/577/577 576/576/576
f 580/580/580 682/682/682 680/680/680
f 680/680/680 576/576/576 580/580/580
f 582/582/582 683/683/683 682/682/682
f 682/682/682 580/580/580 582/582/582
f 584/584/584 684/684/684 683/683/683
f 683/683/683 582/582/582 584/584/584
f 577/577/577 681/681/681 684/684/684
f 684/684/684 584/584/584 577/577/577
